source,target,distance
5ruzrDWcT0vuJIOMW7gMnW,4LutIwQfcpXjVs7mIySYCD,0.9175961395140316
5ruzrDWcT0vuJIOMW7gMnW,1mhhgEfuEGW0EwB6kNuzkk,1.0697015486790693
5ruzrDWcT0vuJIOMW7gMnW,3bCp61o3h46Yvr0vgMJlaL,1.1285921334072766
5ruzrDWcT0vuJIOMW7gMnW,76GGgSpRWU1v0mH26n2ZQy,1.163280418757016
5ruzrDWcT0vuJIOMW7gMnW,0ZeKQudydO2uQJpfr6gNC8,1.1855116862966057
5ruzrDWcT0vuJIOMW7gMnW,60Cohjy8lgh1jIkTpGz9S1,1.200870299589961
5ruzrDWcT0vuJIOMW7gMnW,2Uxnz7OTTYtgGrwjVcYRlG,1.2764532164927982
5ruzrDWcT0vuJIOMW7gMnW,6vpyvi70JNqAJa9IqNx8qy,1.3064315024059123
5ruzrDWcT0vuJIOMW7gMnW,6Q4RJGUzVQym5RL5iq6627,1.3570748423881913
5ruzrDWcT0vuJIOMW7gMnW,7F4jKReNs1h8ujuz02Rsji,1.3612606292788632
3Y4rUyw7XBCK6hGHCOt6rp,1eGdw1BbGAYaXbgPcVIkGm,1.1284453450139025
3Y4rUyw7XBCK6hGHCOt6rp,4FqirD1KsDyNukowu8TWhX,1.141874514420361
3Y4rUyw7XBCK6hGHCOt6rp,0H9T97wS2k3bk1JcyOlrrN,1.171637180431544
3Y4rUyw7XBCK6hGHCOt6rp,7h8N0QlHxIEYfnHDVps8dS,1.380306560253512
3Y4rUyw7XBCK6hGHCOt6rp,59eCy91JDrnpbPLF3T3L03,1.4052086903531813
3Y4rUyw7XBCK6hGHCOt6rp,2FwKDwQyIKK1YgLAg9wjnV,1.479621293970738
3Y4rUyw7XBCK6hGHCOt6rp,1D6sRVegPTdQQj9ScxngtR,1.484358470831806
3Y4rUyw7XBCK6hGHCOt6rp,4G9X7CZFiwfG2P99sIaaK2,1.4849645409634888
3Y4rUyw7XBCK6hGHCOt6rp,04tv9ewp0KMC5ijweE1GmS,1.5152810469007503
3Y4rUyw7XBCK6hGHCOt6rp,20DigsfRILHYKeMqbuDqtx,1.5341882580117228
2t0wwvR15fc3K1ey8OiOaN,4DHkzbZSWxsCsvRoEzr28A,0.8266920876231004
2t0wwvR15fc3K1ey8OiOaN,4dk12UlAYNruc5pwHEXncR,0.8455588814253059
2t0wwvR15fc3K1ey8OiOaN,3O3lsUYkkrolKZEfH4pTQn,0.9096665031080535
2t0wwvR15fc3K1ey8OiOaN,3ZffCQKLFLUvYM59XKLbVm,0.96685693609079
2t0wwvR15fc3K1ey8OiOaN,0wUxh6XMc698xPCfgBaPRV,1.0584880993612107
2t0wwvR15fc3K1ey8OiOaN,06Q3gof2rs8ErXzBrW1aVg,1.1154660156860476
2t0wwvR15fc3K1ey8OiOaN,1aOxOpH4AkGAd8OMrKjyNY,1.1222381553809382
2t0wwvR15fc3K1ey8OiOaN,5p66ip2k92QBjuYYw2X0qa,1.1290720512494303
2t0wwvR15fc3K1ey8OiOaN,48RAUxA6ZlqIuM4pON0GVC,1.1418594326942357
2t0wwvR15fc3K1ey8OiOaN,3hzxBcOpm0wmr6YDD1EPq5,1.1438401935445504
7kzKAuUzOITUauHAhoMoxA,7pjj6hVH1uh9Mf6rQ6QO0O,0.7727093804613713
7kzKAuUzOITUauHAhoMoxA,6mVD1SfTvlFAPVi7txFL5H,0.8307761404935177
7kzKAuUzOITUauHAhoMoxA,36EVGjdLX0x5SlM1GaL6f0,0.8421968300843939
7kzKAuUzOITUauHAhoMoxA,7epvz4k2v8qrzYansbnKAd,0.8535730256360771
7kzKAuUzOITUauHAhoMoxA,0EmYZZ8OqeALedVhijSjsg,0.8975090894380264
7kzKAuUzOITUauHAhoMoxA,5fdr0qZcygx9NFbIhFDcaH,0.9259901463638647
7kzKAuUzOITUauHAhoMoxA,22tot0Y6uKuWdAZnEQyB6g,0.9515979333091789
7kzKAuUzOITUauHAhoMoxA,6AvpoXv2KL0rGYIcZ3v3QI,0.9545277637924588
7kzKAuUzOITUauHAhoMoxA,57v7M9jKRFP9NCP3J2ms9M,0.9871533204834021
7kzKAuUzOITUauHAhoMoxA,2sASx6Cz5mYm0xPrKiD8gZ,0.9888160921513044
57Xjny5yNzAcsxnusKmAfA,1EsgUWQsxGBwnu3NATDjiU,1.165127729554164
57Xjny5yNzAcsxnusKmAfA,4pXyK9GW7fuT645U0DLYYF,1.3469055730927184
57Xjny5yNzAcsxnusKmAfA,0dy6iXYIF0piirySAzCBwF,1.4677068935944453
57Xjny5yNzAcsxnusKmAfA,2gfHZWYVhzCQg3dvlmS421,1.5322299877472083
57Xjny5yNzAcsxnusKmAfA,08l9WKDuRyGeStQ9ojTlFh,1.6333450659856947
57Xjny5yNzAcsxnusKmAfA,3Msrp56q1eTLQaZFX06Qp3,1.8186325763846016
57Xjny5yNzAcsxnusKmAfA,6MXJQlaY0IcNjVDNYeYj8y,1.840058624539624
57Xjny5yNzAcsxnusKmAfA,78Gzxi27GuNHTfkn2BylG4,1.8673450231179791
57Xjny5yNzAcsxnusKmAfA,4UhPKerkCNyzN6oPouXCRp,1.8889752382786358
57Xjny5yNzAcsxnusKmAfA,2lffRiAET2Xt6BNb4EmkS2,1.8920136810963915
1BLOVHYYlH4JUHQGcpt75R,6aHFdm58mPF4YPJX3FgI0z,1.0101772860831966
1BLOVHYYlH4JUHQGcpt75R,3MxdMMQ8Rmkmnal7FKqRjr,1.1513997459140544
1BLOVHYYlH4JUHQGcpt75R,7n4Y9BCKLHi4hqI2NctuAq,1.3048443100200413
1BLOVHYYlH4JUHQGcpt75R,72zHuDxFQTjbL51qJQSA7j,1.3236951566084134
1BLOVHYYlH4JUHQGcpt75R,0wUxh6XMc698xPCfgBaPRV,1.3421232719042804
1BLOVHYYlH4JUHQGcpt75R,4yNk9iz9WVJikRFle3XEvn,1.342421209185271
1BLOVHYYlH4JUHQGcpt75R,4jVu0QPK9BVeNgAmfvkocn,1.4405696959563818
1BLOVHYYlH4JUHQGcpt75R,7nMBN3eKuRfcQGEnzDeNKP,1.4737186719109765
1BLOVHYYlH4JUHQGcpt75R,4DHkzbZSWxsCsvRoEzr28A,1.4788488217980942
1BLOVHYYlH4JUHQGcpt75R,3q5Ze7QksOVd2ES9YzdfsE,1.4885886823875756
1aOxOpH4AkGAd8OMrKjyNY,4DHkzbZSWxsCsvRoEzr28A,0.6404680844383094
1aOxOpH4AkGAd8OMrKjyNY,6IRzBP4gVoV4D2zHmocoWy,0.6634698717324012
1aOxOpH4AkGAd8OMrKjyNY,6yQAwPJmFn0OBTKWOnQFfv,0.7202380445564209
1aOxOpH4AkGAd8OMrKjyNY,2fyIS6GXMgUcSv4oejx63f,0.7529378325748453
1aOxOpH4AkGAd8OMrKjyNY,47k1Cbink0USdP1eDmGjFj,0.7745444757842829
1aOxOpH4AkGAd8OMrKjyNY,3hzxBcOpm0wmr6YDD1EPq5,0.7825474987769542
1aOxOpH4AkGAd8OMrKjyNY,3ZffCQKLFLUvYM59XKLbVm,0.7861492555854618
1aOxOpH4AkGAd8OMrKjyNY,3O3lsUYkkrolKZEfH4pTQn,0.7867830044552563
1aOxOpH4AkGAd8OMrKjyNY,7oS2EnBWSHxzR2m6CxNJYA,0.8516654570185763
1aOxOpH4AkGAd8OMrKjyNY,0wUxh6XMc698xPCfgBaPRV,0.8610069657569993
56NkIxSZZiMpFP5ZNSxtnT,0OxDGZakSMFjEHSoQHEjfy,0.8814006828281943
56NkIxSZZiMpFP5ZNSxtnT,0jNRJBmHgJDOmiIvk10J9C,0.9487527863471693
56NkIxSZZiMpFP5ZNSxtnT,6rSNgGImNmGPcosJiPLgzs,1.1054494189447288
56NkIxSZZiMpFP5ZNSxtnT,6AJppuCk5EE86paOdDI4yL,1.2042442260009578
56NkIxSZZiMpFP5ZNSxtnT,2pAD0PKMUMtxlMvz33tYzB,1.2095523655091462
56NkIxSZZiMpFP5ZNSxtnT,0qwU4qCtm3aUqcAUISMhMz,1.244171061266791
56NkIxSZZiMpFP5ZNSxtnT,1JfcfNnW1pfsaYdqO6Vrkn,1.2547484298819929
56NkIxSZZiMpFP5ZNSxtnT,10n66m41IGjA2ZulKPK7Ew,1.2783085344275396
56NkIxSZZiMpFP5ZNSxtnT,0BFWUoOu91FcOEtpTdWFrN,1.280505537486449
56NkIxSZZiMpFP5ZNSxtnT,5ZgnlpPg7qfiopdvqdrs2M,1.3052662033789428
4fPBB44eDH71YohayI4eKV,6MXJQlaY0IcNjVDNYeYj8y,1.0509990649472605
4fPBB44eDH71YohayI4eKV,5GKVcvTgnFYtfh25qKQtRg,1.1927177451405635
4fPBB44eDH71YohayI4eKV,1EsgUWQsxGBwnu3NATDjiU,1.4324271155071648
4fPBB44eDH71YohayI4eKV,4pXyK9GW7fuT645U0DLYYF,1.5579767936113302
4fPBB44eDH71YohayI4eKV,4CuXyFGGXns7BvvYYCaWA0,1.6822267806568505
4fPBB44eDH71YohayI4eKV,7cmghYOaklEOiHB3mzjkjY,1.7859941055072936
4fPBB44eDH71YohayI4eKV,6mVD1SfTvlFAPVi7txFL5H,1.8424966702638088
4fPBB44eDH71YohayI4eKV,09pr5CPnpXjEQKRqgI7ZnZ,1.860638290663618
4fPBB44eDH71YohayI4eKV,4PdNeARTAYoZCwdhJninRq,1.871728519315534
4fPBB44eDH71YohayI4eKV,6YVryeURxyAG4Bb588lTmR,1.8980675130701161
6IRzBP4gVoV4D2zHmocoWy,47k1Cbink0USdP1eDmGjFj,0.5608733027765836
6IRzBP4gVoV4D2zHmocoWy,1aOxOpH4AkGAd8OMrKjyNY,0.6634698717324012
6IRzBP4gVoV4D2zHmocoWy,6Q3FXpvUNVHiWHU3xVMnQR,0.8052602010890778
6IRzBP4gVoV4D2zHmocoWy,5H3JW2JiQG432dldneCyW1,0.8255537758566275
6IRzBP4gVoV4D2zHmocoWy,6yQAwPJmFn0OBTKWOnQFfv,0.8550532046645263
6IRzBP4gVoV4D2zHmocoWy,4hQ6UGyWQIGJmHSo0J88JW,0.8685617645828047
6IRzBP4gVoV4D2zHmocoWy,4jVu0QPK9BVeNgAmfvkocn,0.8714641794128126
6IRzBP4gVoV4D2zHmocoWy,1I2MEjnS9c4OPMnKWbIuYs,0.8929889071726916
6IRzBP4gVoV4D2zHmocoWy,3ZffCQKLFLUvYM59XKLbVm,0.9298319202698717
6IRzBP4gVoV4D2zHmocoWy,5x4vgABKiGp4Vg7ZyFRxhn,0.982239259508321
2pAD0PKMUMtxlMvz33tYzB,0BumkbMOjaGROaVCR2I4An,0.7111953390699728
2pAD0PKMUMtxlMvz33tYzB,02xRKYZ1jY4B6utPa59qSf,0.9001504581886913
2pAD0PKMUMtxlMvz33tYzB,10n66m41IGjA2ZulKPK7Ew,0.9828490934625077
2pAD0PKMUMtxlMvz33tYzB,3VpVwKT10A5a4eqN4Pyad1,1.0394637271465843
2pAD0PKMUMtxlMvz33tYzB,1HZQUXcbIXCNzNrVQabWal,1.06233775824427
2pAD0PKMUMtxlMvz33tYzB,52pQ8Rn1Gh7CPV4fyKVfrV,1.123017663673822
2pAD0PKMUMtxlMvz33tYzB,65EReuqyiXH0WMIaeFEIlX,1.1489481686879652
2pAD0PKMUMtxlMvz33tYzB,6AJppuCk5EE86paOdDI4yL,1.1584870875634856
2pAD0PKMUMtxlMvz33tYzB,56NkIxSZZiMpFP5ZNSxtnT,1.2095523655091462
2pAD0PKMUMtxlMvz33tYzB,2sASx6Cz5mYm0xPrKiD8gZ,1.2358156456063396
55N8cxpE1QDoeaaNqUnoZ2,3UgiXDauVuj9HZKzFY8TBL,0.9060706402195505
55N8cxpE1QDoeaaNqUnoZ2,7gbjLoVKE8FZr8jra24GIR,1.008993752007798
55N8cxpE1QDoeaaNqUnoZ2,3jl1I9gvCXo5V9hu4hYGLY,1.0147488865919208
55N8cxpE1QDoeaaNqUnoZ2,71fSn6OIF7HnCbgCzOBqpj,1.1128788172467876
55N8cxpE1QDoeaaNqUnoZ2,3znPiywA0q1VK2jgAZFDoI,1.1502134646147972
55N8cxpE1QDoeaaNqUnoZ2,2Uxnz7OTTYtgGrwjVcYRlG,1.1989055395558192
55N8cxpE1QDoeaaNqUnoZ2,3v8CoiN19zAzkTG0E7TBTN,1.1993872453546361
55N8cxpE1QDoeaaNqUnoZ2,2RSTIsdhq5vqqr2GcTFdGM,1.228108605110161
55N8cxpE1QDoeaaNqUnoZ2,4NbUqEJnGQAEDvfb1LB5V3,1.2291397721376978
55N8cxpE1QDoeaaNqUnoZ2,4UF1eupXP9Zz5GpYepyOxI,1.2314237576018698
2mDYYGaGd9uXKkK2YhDA3i,7oS2EnBWSHxzR2m6CxNJYA,0.7212738051195952
2mDYYGaGd9uXKkK2YhDA3i,4hQ6UGyWQIGJmHSo0J88JW,0.9601401885781709
2mDYYGaGd9uXKkK2YhDA3i,6S1BoAiJeJ96A09tHIwJuy,0.9632908014818984
2mDYYGaGd9uXKkK2YhDA3i,0UIrLwFq3cvTg5vBMmlfjp,0.9657642257599692
2mDYYGaGd9uXKkK2YhDA3i,2fyIS6GXMgUcSv4oejx63f,0.9760074930358807
2mDYYGaGd9uXKkK2YhDA3i,0BFWUoOu91FcOEtpTdWFrN,0.9927998571010894
2mDYYGaGd9uXKkK2YhDA3i,4sNG6zQBmtq7M8aeeKJRMQ,0.9973708979934597
2mDYYGaGd9uXKkK2YhDA3i,1aOxOpH4AkGAd8OMrKjyNY,1.0217488800511778
2mDYYGaGd9uXKkK2YhDA3i,1I2MEjnS9c4OPMnKWbIuYs,1.0421591194692303
2mDYYGaGd9uXKkK2YhDA3i,2L1KDMlUbzuaXce1VvWV57,1.0749302792671562
6u0x5ad9ewHvs3z6u9Oe3c,56ejQ1pr7fZVhU5Gfx9YQ5,1.490165223233341
6u0x5ad9ewHvs3z6u9Oe3c,3XKjZcgNYtvCmBpE1nX7Wn,1.5999861886979456
6u0x5ad9ewHvs3z6u9Oe3c,7wClHQJlSp23OJ4TEi10Dn,1.675963879137051
6u0x5ad9ewHvs3z6u9Oe3c,66dugDe9CKaXt9ZOFiKT0d,1.7224753578267409
6u0x5ad9ewHvs3z6u9Oe3c,6Dqb8HDPamnC4LGd0dSAbw,1.728651468390384
6u0x5ad9ewHvs3z6u9Oe3c,2auS62fIl7yMkBkfQy0N2F,1.7485753713715053
6u0x5ad9ewHvs3z6u9Oe3c,3pQ0zUFOi4e1KZ8yQkeD42,1.7843467296393676
6u0x5ad9ewHvs3z6u9Oe3c,3pHpV3pa96s4vuBP7sQq0V,1.7917234995222742
6u0x5ad9ewHvs3z6u9Oe3c,2wjkeM2gmbIa2sBkbnWLb0,1.805525252004465
6u0x5ad9ewHvs3z6u9Oe3c,2FAdK0AbXRRwlNFb2l9nUi,1.808385535303868
6mVD1SfTvlFAPVi7txFL5H,57v7M9jKRFP9NCP3J2ms9M,0.6543136505319361
6mVD1SfTvlFAPVi7txFL5H,2YIzmw4FfKEL0LF6EtJCxW,0.7488857797564138
6mVD1SfTvlFAPVi7txFL5H,7kzKAuUzOITUauHAhoMoxA,0.8307761404935177
6mVD1SfTvlFAPVi7txFL5H,36EVGjdLX0x5SlM1GaL6f0,0.9195380550873448
6mVD1SfTvlFAPVi7txFL5H,4PdNeARTAYoZCwdhJninRq,0.9195927420595237
6mVD1SfTvlFAPVi7txFL5H,7epvz4k2v8qrzYansbnKAd,0.9563673384663367
6mVD1SfTvlFAPVi7txFL5H,6n6zJJFmKJ1DoKq2eMCbEb,0.9986992038575317
6mVD1SfTvlFAPVi7txFL5H,1byfhRPkrLvnQ4ib1SWNxQ,1.0716330379611199
6mVD1SfTvlFAPVi7txFL5H,3PDf2Xk2fHt3EexYRrVS0j,1.0883201483256024
6mVD1SfTvlFAPVi7txFL5H,6Yp3K2cy35hXnWQFE1yWrJ,1.0962380089664434
7lu6YLrlB1MU7HW8DJSuPa,52UDFFwUueOBfJ2vB5BqRr,0.757029983280806
7lu6YLrlB1MU7HW8DJSuPa,0aIW3ekrhK1eh3BYCh11op,0.8892871971145926
7lu6YLrlB1MU7HW8DJSuPa,3nImoHhXBOqYcdTN8gt9eE,0.8896448312570311
7lu6YLrlB1MU7HW8DJSuPa,2RfncplwWMhuFY7nv2Dwwa,1.0909098438889728
7lu6YLrlB1MU7HW8DJSuPa,7GkHIsnziYgk6j1lx2TK6H,1.1216344466602133
7lu6YLrlB1MU7HW8DJSuPa,66ERrn57fmkbOq9zhELGPv,1.1353750269680511
7lu6YLrlB1MU7HW8DJSuPa,0z5EJolHD3zV6W17tigtP7,1.1720494918384596
7lu6YLrlB1MU7HW8DJSuPa,3euQtj1nSUZsuOAAjH1LK8,1.179310625477782
7lu6YLrlB1MU7HW8DJSuPa,6SP4AXgL3VCUTmdm7axe9C,1.18772280292746
7lu6YLrlB1MU7HW8DJSuPa,4qk8TRTKURbYICrtfAfDYr,1.225632533704877
2LMloFiV7DHpBhITOaBSam,3kKb3U3a8jmUJQB9ypE1Jl,1.2143487241532196
2LMloFiV7DHpBhITOaBSam,7eX5SypK35V8Y9d9pS6rWy,1.2925018163682522
2LMloFiV7DHpBhITOaBSam,1SEZDfakTMMmUcHildSzsx,1.4310412915353812
2LMloFiV7DHpBhITOaBSam,75gWtvF9RJfVRbWD39cSuZ,1.5479778344175081
2LMloFiV7DHpBhITOaBSam,6y4ySPeb68KGoAi1dk130F,1.5715174393919877
2LMloFiV7DHpBhITOaBSam,78Gzxi27GuNHTfkn2BylG4,1.7500385980921218
2LMloFiV7DHpBhITOaBSam,4IUgpL0CgSiloUOHzgd6Qe,1.8456273361566538
2LMloFiV7DHpBhITOaBSam,38G0crZCYBRSt0EbouSqRE,1.851329620021409
2LMloFiV7DHpBhITOaBSam,0dcNLhcMbcFd1eduLDNuNT,1.8772630636157541
2LMloFiV7DHpBhITOaBSam,718purgMpFb2Axhuz0Hbq1,1.9776132667825783
6Yu1OL8I0D4vjOzYdsXYGK,7lltIP2aLYnEwbrKdYq0gb,1.7957312537466898
6Yu1OL8I0D4vjOzYdsXYGK,6V4k01Xr3HsVrfqUyQSIqt,1.95525549154943
6Yu1OL8I0D4vjOzYdsXYGK,1yo3kUDbRC60FCroxINeJQ,2.174759751430731
6Yu1OL8I0D4vjOzYdsXYGK,2dDE3WCSj2cELFYO1IfECD,2.231101826355515
6Yu1OL8I0D4vjOzYdsXYGK,0dy6iXYIF0piirySAzCBwF,2.233295913657823
6Yu1OL8I0D4vjOzYdsXYGK,6d3jo3AUpEsOrMsbtyeW7y,2.282529790529885
6Yu1OL8I0D4vjOzYdsXYGK,3mYCd23hPxJW5okSvMoy3x,2.3311471984581473
6Yu1OL8I0D4vjOzYdsXYGK,1zc9mfxeNZ6HiSxRzY7JIA,2.3853396612577287
6Yu1OL8I0D4vjOzYdsXYGK,2ifYUfvMNbXQDPJEyk68rP,2.4077007180437655
6Yu1OL8I0D4vjOzYdsXYGK,78Gzxi27GuNHTfkn2BylG4,2.4130848834865746
7bfocP7GYoLOutUYpTI8tx,4sNG6zQBmtq7M8aeeKJRMQ,0.7048258234492766
7bfocP7GYoLOutUYpTI8tx,52aj920Nd9VlhlehQVsfwS,0.7194986536920106
7bfocP7GYoLOutUYpTI8tx,006Bi4j0yzwOc3y69GOlYV,0.7664808646541161
7bfocP7GYoLOutUYpTI8tx,3ctDo5gZFNOiMjqa0XDBif,0.7737774564924782
7bfocP7GYoLOutUYpTI8tx,1kG7gfH4HDUlDht0VZYkiP,0.7788510884799349
7bfocP7GYoLOutUYpTI8tx,4q6ZHerrtO7gcF67KFX0BF,0.8389098365988029
7bfocP7GYoLOutUYpTI8tx,54SQet8YMttOgTqDNGcGpe,0.8404105713259887
7bfocP7GYoLOutUYpTI8tx,4sKGkVi8boc00JTpw7aVB7,0.9384963571212233
7bfocP7GYoLOutUYpTI8tx,45FR60U6pxNbiQkA8BOhBD,0.9652246649969223
7bfocP7GYoLOutUYpTI8tx,6n6zJJFmKJ1DoKq2eMCbEb,0.9812917018917033
2lffRiAET2Xt6BNb4EmkS2,3JVeCPb470mUJ7otD7i8j4,1.2620999430933282
2lffRiAET2Xt6BNb4EmkS2,2a9qHSjK62gyvVjg6ZnjB7,1.2966796617460008
2lffRiAET2Xt6BNb4EmkS2,0BQNM4jGoWsJ4qN5GQpgmh,1.400636613999739
2lffRiAET2Xt6BNb4EmkS2,1leA0GHDe1eQBiRbOqAqIc,1.528105853939696
2lffRiAET2Xt6BNb4EmkS2,0dy6iXYIF0piirySAzCBwF,1.5536502528982723
2lffRiAET2Xt6BNb4EmkS2,78Gzxi27GuNHTfkn2BylG4,1.7137085159251182
2lffRiAET2Xt6BNb4EmkS2,7xxgqdJBcLG33vo6KXqV6S,1.7335840743493551
2lffRiAET2Xt6BNb4EmkS2,6Y6py4pHq2Toh3xEvBn233,1.7572401068918286
2lffRiAET2Xt6BNb4EmkS2,1VtPE3YY4Uc9KCaQATcVJh,1.7875461130206907
2lffRiAET2Xt6BNb4EmkS2,6ekLy1OsrYdLMbcqc0KZ8G,1.8063458590764336
5ncofiedz9Ej6YkvvXMKVn,4G3IXyVRxSx5lLhUvv3fu3,0.986174300893711
5ncofiedz9Ej6YkvvXMKVn,60sMKR8s0Zs8tXRqKsI8VX,1.2074634386698648
5ncofiedz9Ej6YkvvXMKVn,2rkksdiuFUyjSuW5quDJdv,1.2347547646707013
5ncofiedz9Ej6YkvvXMKVn,3hp6JfJIxkv3sl7E6p7DQj,1.253992498411695
5ncofiedz9Ej6YkvvXMKVn,78ZqE2tjAxbqEGGlvGnQfT,1.3437412613596842
5ncofiedz9Ej6YkvvXMKVn,4P4mcw4wHDMysBF031DDZT,1.3527133366019335
5ncofiedz9Ej6YkvvXMKVn,2aX1zws7bVjTLbS1cYZK2W,1.3959745691888161
5ncofiedz9Ej6YkvvXMKVn,0OwEskGUqCMgkSY7JkJS7x,1.4446599697331362
5ncofiedz9Ej6YkvvXMKVn,3rXgbjVLoaHEUq82dbCP0f,1.5433768370570007
5ncofiedz9Ej6YkvvXMKVn,3pHpV3pa96s4vuBP7sQq0V,1.5602701278435325
4KC2Z9dL4jL61Ys35N6srg,6LiB2EaS3yxxJF4TWFgbno,0.8298655843579602
4KC2Z9dL4jL61Ys35N6srg,0pLfv0qTmH5AG2aUQQdkBt,0.8353471828532224
4KC2Z9dL4jL61Ys35N6srg,6d0sSZ2bfKUWeICsNRPyCt,0.8881579040515468
4KC2Z9dL4jL61Ys35N6srg,5HuCuxK1MdKafyUHl6X54r,0.8953702018442369
4KC2Z9dL4jL61Ys35N6srg,7wClHQJlSp23OJ4TEi10Dn,1.045118241788386
4KC2Z9dL4jL61Ys35N6srg,5muVpPu8Fj9fXfDbbqDdrZ,1.1457194582047059
4KC2Z9dL4jL61Ys35N6srg,2LyRC7gfWFJd6JI5i8fTJe,1.2492867782327748
4KC2Z9dL4jL61Ys35N6srg,3yuxU2iHhz7tocZG9ohT1A,1.2938876086402078
4KC2Z9dL4jL61Ys35N6srg,5v4ikwHHJWghlUcDoaYWNW,1.301478420594766
4KC2Z9dL4jL61Ys35N6srg,63HkkLxSefpYzy1kPrcAOy,1.3292074883186022
1EsgUWQsxGBwnu3NATDjiU,4pXyK9GW7fuT645U0DLYYF,0.6936640553973246
1EsgUWQsxGBwnu3NATDjiU,6MXJQlaY0IcNjVDNYeYj8y,1.162897965588891
1EsgUWQsxGBwnu3NATDjiU,57Xjny5yNzAcsxnusKmAfA,1.165127729554164
1EsgUWQsxGBwnu3NATDjiU,4fPBB44eDH71YohayI4eKV,1.4324271155071648
1EsgUWQsxGBwnu3NATDjiU,08l9WKDuRyGeStQ9ojTlFh,1.4596266045845592
1EsgUWQsxGBwnu3NATDjiU,3Msrp56q1eTLQaZFX06Qp3,1.496755529583074
1EsgUWQsxGBwnu3NATDjiU,6YVryeURxyAG4Bb588lTmR,1.506260159411717
1EsgUWQsxGBwnu3NATDjiU,4UhPKerkCNyzN6oPouXCRp,1.619811995931425
1EsgUWQsxGBwnu3NATDjiU,66QpL8l5IJ4ND2Q79MTa3t,1.7357901453742437
1EsgUWQsxGBwnu3NATDjiU,7ijnomlrX6iGZ5ih4xTehA,1.7612024677077502
718purgMpFb2Axhuz0Hbq1,4uFXfaNBVQw1MJ9K19P8QS,1.3076085111674243
718purgMpFb2Axhuz0Hbq1,4IUgpL0CgSiloUOHzgd6Qe,1.4640587357803507
718purgMpFb2Axhuz0Hbq1,5T2iobXGYEI9TdrJ4Du6QN,1.61036013533435
718purgMpFb2Axhuz0Hbq1,0dcNLhcMbcFd1eduLDNuNT,1.6544526927944891
718purgMpFb2Axhuz0Hbq1,1leA0GHDe1eQBiRbOqAqIc,1.6557086845644902
718purgMpFb2Axhuz0Hbq1,78Gzxi27GuNHTfkn2BylG4,1.6806769536712483
718purgMpFb2Axhuz0Hbq1,1VtPE3YY4Uc9KCaQATcVJh,1.685240544479929
718purgMpFb2Axhuz0Hbq1,6TRYv8brfH12SfgV8lMraP,1.7019744286251373
718purgMpFb2Axhuz0Hbq1,3kKb3U3a8jmUJQB9ypE1Jl,1.7303448360618687
718purgMpFb2Axhuz0Hbq1,5FccwnVjJbLIF2azQjCwyP,1.7303985126433947
4ileLT7ldd2uX8bMemWqbm,4REZYGhSITpkC8xUiHAi2T,0.6141861647099134
4ileLT7ldd2uX8bMemWqbm,7G8hUONVhvJnkD3Ak8mNF1,0.6228735062518297
4ileLT7ldd2uX8bMemWqbm,2RsAajgo0g7bMCHxwH3Sk0,0.7191157112994623
4ileLT7ldd2uX8bMemWqbm,7oS2EnBWSHxzR2m6CxNJYA,0.8836637355680204
4ileLT7ldd2uX8bMemWqbm,5ZgnlpPg7qfiopdvqdrs2M,0.8915734272788185
4ileLT7ldd2uX8bMemWqbm,1kG7gfH4HDUlDht0VZYkiP,0.9125315349338173
4ileLT7ldd2uX8bMemWqbm,1DqAeuDzc5uUQeAggxmZk5,0.9244158002060985
4ileLT7ldd2uX8bMemWqbm,37cb7mzkQKksGm0noGDXeh,0.9428106090848992
4ileLT7ldd2uX8bMemWqbm,0UIrLwFq3cvTg5vBMmlfjp,0.9429908050079908
4ileLT7ldd2uX8bMemWqbm,60Cohjy8lgh1jIkTpGz9S1,0.9921083594424551
78Gzxi27GuNHTfkn2BylG4,0dy6iXYIF0piirySAzCBwF,0.9771981943770174
78Gzxi27GuNHTfkn2BylG4,4uFXfaNBVQw1MJ9K19P8QS,1.5080393076935632
78Gzxi27GuNHTfkn2BylG4,7eX5SypK35V8Y9d9pS6rWy,1.5347127626361488
78Gzxi27GuNHTfkn2BylG4,2ifYUfvMNbXQDPJEyk68rP,1.5613093633013548
78Gzxi27GuNHTfkn2BylG4,4cF6Pk7YaRtv91mSZa4nVi,1.6516674474718716
78Gzxi27GuNHTfkn2BylG4,6DBqULxLjq66GX2dim7opR,1.6546242913944362
78Gzxi27GuNHTfkn2BylG4,6y4ySPeb68KGoAi1dk130F,1.658408071597988
78Gzxi27GuNHTfkn2BylG4,718purgMpFb2Axhuz0Hbq1,1.6806769536712483
78Gzxi27GuNHTfkn2BylG4,2ThdB23G9Rgf1ExndFGEEg,1.6831240852142495
78Gzxi27GuNHTfkn2BylG4,4x9l3fDzgvzg9t7Csbufrn,1.7037830992922434
3mYCd23hPxJW5okSvMoy3x,1zc9mfxeNZ6HiSxRzY7JIA,0.91857771026441
3mYCd23hPxJW5okSvMoy3x,2dDE3WCSj2cELFYO1IfECD,0.9872561992092732
3mYCd23hPxJW5okSvMoy3x,7lltIP2aLYnEwbrKdYq0gb,1.1725263768811336
3mYCd23hPxJW5okSvMoy3x,0HkYWF3O2mW56RU67gEqyG,1.3308552716072888
3mYCd23hPxJW5okSvMoy3x,3rTk7Ll8NRrd2jspBFtimV,1.5639291546074194
3mYCd23hPxJW5okSvMoy3x,1P7Ik6OX9dV3BnXZi9L4cI,1.5727663853957776
3mYCd23hPxJW5okSvMoy3x,3nX1nZJoLqfNSBq19RPGS4,1.5969936190000895
3mYCd23hPxJW5okSvMoy3x,2ifYUfvMNbXQDPJEyk68rP,1.6524056303308248
3mYCd23hPxJW5okSvMoy3x,6X75beLYymFGvrw5Ocqflq,1.6564511090745264
3mYCd23hPxJW5okSvMoy3x,67al4eD0HtTYVqw1BLcF2d,1.6680001184597941
7G8hUONVhvJnkD3Ak8mNF1,4ileLT7ldd2uX8bMemWqbm,0.6228735062518297
7G8hUONVhvJnkD3Ak8mNF1,4REZYGhSITpkC8xUiHAi2T,0.7522322398983277
7G8hUONVhvJnkD3Ak8mNF1,60Cohjy8lgh1jIkTpGz9S1,0.7888218478366266
7G8hUONVhvJnkD3Ak8mNF1,37cb7mzkQKksGm0noGDXeh,0.7931771092260624
7G8hUONVhvJnkD3Ak8mNF1,3QgInVIXkrZDRVQfuKUxSm,0.9603319431378559
7G8hUONVhvJnkD3Ak8mNF1,6d1AuFOL1YBzLcruapNbZV,0.9849647639095046
7G8hUONVhvJnkD3Ak8mNF1,76GGgSpRWU1v0mH26n2ZQy,1.0319412912607473
7G8hUONVhvJnkD3Ak8mNF1,3v8CoiN19zAzkTG0E7TBTN,1.0643627555704824
7G8hUONVhvJnkD3Ak8mNF1,21kVD9H40rRQkGmcMi01Fl,1.0729151635548098
7G8hUONVhvJnkD3Ak8mNF1,5ALPzPUKl3Np5BrYTFs4Pb,1.0919944587735366
2ThdB23G9Rgf1ExndFGEEg,0qZ0m8Gq4Ug5kBxKe9BVvj,0.8471602258344184
2ThdB23G9Rgf1ExndFGEEg,6DBqULxLjq66GX2dim7opR,1.0398630646010272
2ThdB23G9Rgf1ExndFGEEg,4cF6Pk7YaRtv91mSZa4nVi,1.2556827725332331
2ThdB23G9Rgf1ExndFGEEg,6NWjTke7IJDThX8ze3DUJN,1.3758102649677937
2ThdB23G9Rgf1ExndFGEEg,7bfocP7GYoLOutUYpTI8tx,1.3962982801830068
2ThdB23G9Rgf1ExndFGEEg,50OIaK14Pr6ZwCmFfHZ0wB,1.4037492337320798
2ThdB23G9Rgf1ExndFGEEg,7H4baUrCPnLkLOl6o9zkMO,1.4198288325955364
2ThdB23G9Rgf1ExndFGEEg,6AJppuCk5EE86paOdDI4yL,1.4789821478045464
2ThdB23G9Rgf1ExndFGEEg,65EReuqyiXH0WMIaeFEIlX,1.501640319934413
2ThdB23G9Rgf1ExndFGEEg,1c2vVx6knoiZHXbJJ9Mk8L,1.5379144556148618
5GKVcvTgnFYtfh25qKQtRg,6MXJQlaY0IcNjVDNYeYj8y,1.1514145666470486
5GKVcvTgnFYtfh25qKQtRg,4fPBB44eDH71YohayI4eKV,1.1927177451405635
5GKVcvTgnFYtfh25qKQtRg,4wsQGsdf8D0Bj26cGdvreB,1.666462037750861
5GKVcvTgnFYtfh25qKQtRg,6mVD1SfTvlFAPVi7txFL5H,1.7350624161678863
5GKVcvTgnFYtfh25qKQtRg,7kzKAuUzOITUauHAhoMoxA,1.7861390063317575
5GKVcvTgnFYtfh25qKQtRg,4AUpGuaBY9IWkOYgvA1hy6,1.7898726991768474
5GKVcvTgnFYtfh25qKQtRg,0f3xfyBAJe3vtQvyMFYlRq,1.804208412352555
5GKVcvTgnFYtfh25qKQtRg,2sASx6Cz5mYm0xPrKiD8gZ,1.8523219203698547
5GKVcvTgnFYtfh25qKQtRg,1LrxmgC6pg5RAYGJ2FQWv0,1.9155105102985823
5GKVcvTgnFYtfh25qKQtRg,09pr5CPnpXjEQKRqgI7ZnZ,1.9477673672489146
37ZgsOy8t4vMnGtMExr6ah,1kG7gfH4HDUlDht0VZYkiP,0.5829159749233653
37ZgsOy8t4vMnGtMExr6ah,7xs1ksUAb2XswNWJjeyt7V,0.7862268512239569
37ZgsOy8t4vMnGtMExr6ah,2Oa4PQ6WVqng8AnB7Gbabs,0.7951511546452149
37ZgsOy8t4vMnGtMExr6ah,5ZgnlpPg7qfiopdvqdrs2M,0.8174468965483475
37ZgsOy8t4vMnGtMExr6ah,4q6ZHerrtO7gcF67KFX0BF,0.8923134539125015
37ZgsOy8t4vMnGtMExr6ah,2C6fzRAlaWOhKCOsn5a0Nk,0.9318164222050161
37ZgsOy8t4vMnGtMExr6ah,5xde0qUR1uUmH8ZVOqoPRo,0.9353790909704807
37ZgsOy8t4vMnGtMExr6ah,7rVw4gyhclOgTIrFCtI3ZG,0.9470187635579536
37ZgsOy8t4vMnGtMExr6ah,0U7SRbyBhkdXdulXr3veKQ,0.9845807200377841
37ZgsOy8t4vMnGtMExr6ah,1DqAeuDzc5uUQeAggxmZk5,0.9958229127618556
4pXyK9GW7fuT645U0DLYYF,1EsgUWQsxGBwnu3NATDjiU,0.6936640553973246
4pXyK9GW7fuT645U0DLYYF,57Xjny5yNzAcsxnusKmAfA,1.3469055730927184
4pXyK9GW7fuT645U0DLYYF,6MXJQlaY0IcNjVDNYeYj8y,1.4211563503940412
4pXyK9GW7fuT645U0DLYYF,4fPBB44eDH71YohayI4eKV,1.5579767936113302
4pXyK9GW7fuT645U0DLYYF,08l9WKDuRyGeStQ9ojTlFh,1.640514400440703
4pXyK9GW7fuT645U0DLYYF,6YVryeURxyAG4Bb588lTmR,1.6894703270466964
4pXyK9GW7fuT645U0DLYYF,4UhPKerkCNyzN6oPouXCRp,1.8225006213967658
4pXyK9GW7fuT645U0DLYYF,6lnnaGN20kl0jEYJSxCgU9,1.8481745143116186
4pXyK9GW7fuT645U0DLYYF,3Msrp56q1eTLQaZFX06Qp3,1.8721420211372377
4pXyK9GW7fuT645U0DLYYF,4CuXyFGGXns7BvvYYCaWA0,1.9804437506275645
3kKb3U3a8jmUJQB9ypE1Jl,2LMloFiV7DHpBhITOaBSam,1.2143487241532196
3kKb3U3a8jmUJQB9ypE1Jl,38G0crZCYBRSt0EbouSqRE,1.4592260422595182
3kKb3U3a8jmUJQB9ypE1Jl,7eX5SypK35V8Y9d9pS6rWy,1.5396953118926149
3kKb3U3a8jmUJQB9ypE1Jl,6y4ySPeb68KGoAi1dk130F,1.5709967320578113
3kKb3U3a8jmUJQB9ypE1Jl,718purgMpFb2Axhuz0Hbq1,1.7303448360618687
3kKb3U3a8jmUJQB9ypE1Jl,75gWtvF9RJfVRbWD39cSuZ,1.9485268365698738
3kKb3U3a8jmUJQB9ypE1Jl,1SEZDfakTMMmUcHildSzsx,1.963546152036743
3kKb3U3a8jmUJQB9ypE1Jl,6lnnaGN20kl0jEYJSxCgU9,1.9908453135915885
3kKb3U3a8jmUJQB9ypE1Jl,4IUgpL0CgSiloUOHzgd6Qe,2.00679248531985
3kKb3U3a8jmUJQB9ypE1Jl,78Gzxi27GuNHTfkn2BylG4,2.042056999534649
7eX5SypK35V8Y9d9pS6rWy,6y4ySPeb68KGoAi1dk130F,0.7288158648028694
7eX5SypK35V8Y9d9pS6rWy,2LMloFiV7DHpBhITOaBSam,1.2925018163682522
7eX5SypK35V8Y9d9pS6rWy,4IUgpL0CgSiloUOHzgd6Qe,1.454831860497249
7eX5SypK35V8Y9d9pS6rWy,2ifYUfvMNbXQDPJEyk68rP,1.4732483881788618
7eX5SypK35V8Y9d9pS6rWy,78Gzxi27GuNHTfkn2BylG4,1.5347127626361488
7eX5SypK35V8Y9d9pS6rWy,0f3xfyBAJe3vtQvyMFYlRq,1.5382786437860658
7eX5SypK35V8Y9d9pS6rWy,3kKb3U3a8jmUJQB9ypE1Jl,1.5396953118926149
7eX5SypK35V8Y9d9pS6rWy,75gWtvF9RJfVRbWD39cSuZ,1.5397244003931378
7eX5SypK35V8Y9d9pS6rWy,3rTk7Ll8NRrd2jspBFtimV,1.5544769724828391
7eX5SypK35V8Y9d9pS6rWy,2j93jQX5C9wRnSzT3qthRt,1.563405896482938
6SdAztAqklk1zAmUHhU4N7,1LrxmgC6pg5RAYGJ2FQWv0,0.4792897618926123
6SdAztAqklk1zAmUHhU4N7,09pr5CPnpXjEQKRqgI7ZnZ,0.6447802763326449
6SdAztAqklk1zAmUHhU4N7,5v4ikwHHJWghlUcDoaYWNW,0.8354278025395664
6SdAztAqklk1zAmUHhU4N7,1wxw8BkVBHfBEiqm69rA48,0.8356858642634878
6SdAztAqklk1zAmUHhU4N7,4yxjD1iYOICm8cizKrbtPg,0.8574740194149452
6SdAztAqklk1zAmUHhU4N7,7nWzpMBJwjubxBF75Pi4An,0.8817348139202278
6SdAztAqklk1zAmUHhU4N7,36EVGjdLX0x5SlM1GaL6f0,1.0166472413966916
6SdAztAqklk1zAmUHhU4N7,1DqAeuDzc5uUQeAggxmZk5,1.060087483776994
6SdAztAqklk1zAmUHhU4N7,2MROIXHFoYn5JVGQtAXVpy,1.061999992647901
6SdAztAqklk1zAmUHhU4N7,0ct6r3EGTcMLPtrXHDvVjc,1.0641948781208754
37cb7mzkQKksGm0noGDXeh,2oJ0dSKYEgRvSVtCx3mC8e,0.6859451643326522
37cb7mzkQKksGm0noGDXeh,7G8hUONVhvJnkD3Ak8mNF1,0.7931771092260624
37cb7mzkQKksGm0noGDXeh,5ZgnlpPg7qfiopdvqdrs2M,0.8020783161853473
37cb7mzkQKksGm0noGDXeh,2Oa4PQ6WVqng8AnB7Gbabs,0.901513927101235
37cb7mzkQKksGm0noGDXeh,4ileLT7ldd2uX8bMemWqbm,0.9428106090848992
37cb7mzkQKksGm0noGDXeh,1kG7gfH4HDUlDht0VZYkiP,0.966088198984174
37cb7mzkQKksGm0noGDXeh,3QgInVIXkrZDRVQfuKUxSm,1.0339197556243245
37cb7mzkQKksGm0noGDXeh,37ZgsOy8t4vMnGtMExr6ah,1.0405543044079724
37cb7mzkQKksGm0noGDXeh,60Cohjy8lgh1jIkTpGz9S1,1.0469266709730145
37cb7mzkQKksGm0noGDXeh,76GGgSpRWU1v0mH26n2ZQy,1.1001810165912833
4UF1eupXP9Zz5GpYepyOxI,0J2OnBNKwt0KICDyDFPUvl,0.9095931212638587
4UF1eupXP9Zz5GpYepyOxI,3v8CoiN19zAzkTG0E7TBTN,0.916374313997589
4UF1eupXP9Zz5GpYepyOxI,5ALPzPUKl3Np5BrYTFs4Pb,1.0274440949398986
4UF1eupXP9Zz5GpYepyOxI,4REZYGhSITpkC8xUiHAi2T,1.061719893064193
4UF1eupXP9Zz5GpYepyOxI,6KMbJSTSecyfoD5NgXiQvh,1.1323772997446955
4UF1eupXP9Zz5GpYepyOxI,4X6kRZnZM8mZPkeMUmn8G6,1.140529756263665
4UF1eupXP9Zz5GpYepyOxI,3BOJ6BFjwbixqQM8J4hgYA,1.1490894051567089
4UF1eupXP9Zz5GpYepyOxI,2RsAajgo0g7bMCHxwH3Sk0,1.1669239371164035
4UF1eupXP9Zz5GpYepyOxI,55N8cxpE1QDoeaaNqUnoZ2,1.2314237576018698
4UF1eupXP9Zz5GpYepyOxI,71fSn6OIF7HnCbgCzOBqpj,1.2428426883183288
0J2OnBNKwt0KICDyDFPUvl,71fSn6OIF7HnCbgCzOBqpj,0.8284215421823343
0J2OnBNKwt0KICDyDFPUvl,4UF1eupXP9Zz5GpYepyOxI,0.9095931212638587
0J2OnBNKwt0KICDyDFPUvl,66QpL8l5IJ4ND2Q79MTa3t,1.0968562011314489
0J2OnBNKwt0KICDyDFPUvl,5ALPzPUKl3Np5BrYTFs4Pb,1.205687145543446
0J2OnBNKwt0KICDyDFPUvl,55N8cxpE1QDoeaaNqUnoZ2,1.260470982854603
0J2OnBNKwt0KICDyDFPUvl,1f9jv3jIHqwZhVW7NMAgYN,1.2950560918326834
0J2OnBNKwt0KICDyDFPUvl,3v8CoiN19zAzkTG0E7TBTN,1.2963650545691952
0J2OnBNKwt0KICDyDFPUvl,4X6kRZnZM8mZPkeMUmn8G6,1.3276913597508437
0J2OnBNKwt0KICDyDFPUvl,7cmghYOaklEOiHB3mzjkjY,1.3987268442402347
0J2OnBNKwt0KICDyDFPUvl,7G8hUONVhvJnkD3Ak8mNF1,1.4595176036625102
0dy6iXYIF0piirySAzCBwF,78Gzxi27GuNHTfkn2BylG4,0.9771981943770174
0dy6iXYIF0piirySAzCBwF,3Msrp56q1eTLQaZFX06Qp3,1.447706417858209
0dy6iXYIF0piirySAzCBwF,57Xjny5yNzAcsxnusKmAfA,1.4677068935944453
0dy6iXYIF0piirySAzCBwF,3rTk7Ll8NRrd2jspBFtimV,1.4863395029391904
0dy6iXYIF0piirySAzCBwF,08l9WKDuRyGeStQ9ojTlFh,1.4998047770038814
0dy6iXYIF0piirySAzCBwF,2lffRiAET2Xt6BNb4EmkS2,1.5536502528982723
0dy6iXYIF0piirySAzCBwF,7xxgqdJBcLG33vo6KXqV6S,1.555620021560051
0dy6iXYIF0piirySAzCBwF,7lltIP2aLYnEwbrKdYq0gb,1.6430037000922126
0dy6iXYIF0piirySAzCBwF,4x9l3fDzgvzg9t7Csbufrn,1.6839728197339014
0dy6iXYIF0piirySAzCBwF,2ifYUfvMNbXQDPJEyk68rP,1.698745916762792
7xuu4ByQkm8qhnwJQk994r,43ueXmQ6KjITk0hKKOPOLA,0.8278549729789813
7xuu4ByQkm8qhnwJQk994r,3Hg1OJWwiNeKWX7suTNJ1Y,0.854619749393481
7xuu4ByQkm8qhnwJQk994r,0OxDGZakSMFjEHSoQHEjfy,0.9323054475956228
7xuu4ByQkm8qhnwJQk994r,6rSNgGImNmGPcosJiPLgzs,1.0028570968541006
7xuu4ByQkm8qhnwJQk994r,7kljF41HGcnuU4tBRQ8d6k,1.0096508778740774
7xuu4ByQkm8qhnwJQk994r,4yqRW7Ovd47DcgfuWXzEGR,1.0884741869420957
7xuu4ByQkm8qhnwJQk994r,2RWFncSWZEhSRRifqiDNVV,1.09331690762605
7xuu4ByQkm8qhnwJQk994r,2wqiV4aIMOosmQMqnLxXbA,1.1819678792383155
7xuu4ByQkm8qhnwJQk994r,0OGw7V8wAI6OsZIQ12JkTP,1.182043203944382
7xuu4ByQkm8qhnwJQk994r,6Qtsg8iui24fPWGQslfjZ0,1.2150948505876706
08l9WKDuRyGeStQ9ojTlFh,3Msrp56q1eTLQaZFX06Qp3,0.6541507451095591
08l9WKDuRyGeStQ9ojTlFh,6lnnaGN20kl0jEYJSxCgU9,0.9935186434959731
08l9WKDuRyGeStQ9ojTlFh,2AJL5Z7SjjilD8fAFWp8uo,1.1435651314637847
08l9WKDuRyGeStQ9ojTlFh,3rTk7Ll8NRrd2jspBFtimV,1.1435968007942463
08l9WKDuRyGeStQ9ojTlFh,1EsgUWQsxGBwnu3NATDjiU,1.4596266045845592
08l9WKDuRyGeStQ9ojTlFh,0dy6iXYIF0piirySAzCBwF,1.4998047770038814
08l9WKDuRyGeStQ9ojTlFh,5R3TXM4XqQYBZjMs7koHZT,1.5946093269511241
08l9WKDuRyGeStQ9ojTlFh,7lltIP2aLYnEwbrKdYq0gb,1.6216174230455775
08l9WKDuRyGeStQ9ojTlFh,57Xjny5yNzAcsxnusKmAfA,1.6333450659856947
08l9WKDuRyGeStQ9ojTlFh,4pXyK9GW7fuT645U0DLYYF,1.640514400440703
6lnnaGN20kl0jEYJSxCgU9,08l9WKDuRyGeStQ9ojTlFh,0.9935186434959731
6lnnaGN20kl0jEYJSxCgU9,3Msrp56q1eTLQaZFX06Qp3,1.4698308335316124
6lnnaGN20kl0jEYJSxCgU9,2AJL5Z7SjjilD8fAFWp8uo,1.648593088712577
6lnnaGN20kl0jEYJSxCgU9,3rTk7Ll8NRrd2jspBFtimV,1.7705331816459482
6lnnaGN20kl0jEYJSxCgU9,4pXyK9GW7fuT645U0DLYYF,1.8481745143116186
6lnnaGN20kl0jEYJSxCgU9,1EsgUWQsxGBwnu3NATDjiU,1.8814346038817182
6lnnaGN20kl0jEYJSxCgU9,6y4ySPeb68KGoAi1dk130F,1.975708809644157
6lnnaGN20kl0jEYJSxCgU9,3kKb3U3a8jmUJQB9ypE1Jl,1.9908453135915885
6lnnaGN20kl0jEYJSxCgU9,6MXJQlaY0IcNjVDNYeYj8y,2.069198259648004
6lnnaGN20kl0jEYJSxCgU9,0Z7nVJmfPLRjhtStJZh4hm,2.0891364481602515
6y4ySPeb68KGoAi1dk130F,7eX5SypK35V8Y9d9pS6rWy,0.7288158648028694
6y4ySPeb68KGoAi1dk130F,3rTk7Ll8NRrd2jspBFtimV,1.2160662568434313
6y4ySPeb68KGoAi1dk130F,2ifYUfvMNbXQDPJEyk68rP,1.2954372705185466
6y4ySPeb68KGoAi1dk130F,0f3xfyBAJe3vtQvyMFYlRq,1.4321890404249003
6y4ySPeb68KGoAi1dk130F,2j93jQX5C9wRnSzT3qthRt,1.4374864711374316
6y4ySPeb68KGoAi1dk130F,4IUgpL0CgSiloUOHzgd6Qe,1.5114474164323997
6y4ySPeb68KGoAi1dk130F,7cmghYOaklEOiHB3mzjkjY,1.5214104906088266
6y4ySPeb68KGoAi1dk130F,3Msrp56q1eTLQaZFX06Qp3,1.5234193548881656
6y4ySPeb68KGoAi1dk130F,1v685OFD51NsY493VwO7FK,1.5401171768900728
6y4ySPeb68KGoAi1dk130F,3kKb3U3a8jmUJQB9ypE1Jl,1.5709967320578113
341863z079BT4EFPiSw9DP,19gCnDoMbugHhF7eMpLpe1,0.6597126125792449
341863z079BT4EFPiSw9DP,5aJuHyYNdOzqX6eGO2XyE8,0.7646296594275088
341863z079BT4EFPiSw9DP,5BwUt9x6Ss7bKcnDCi5H2X,0.8601007594666757
341863z079BT4EFPiSw9DP,72655YyFEnLXG54FC6tCtT,0.9907176091184509
341863z079BT4EFPiSw9DP,3XXTR1PxuCslxeQCpRHpmW,1.0510982756836893
341863z079BT4EFPiSw9DP,0yFjiqcf961CTPJIOxJtjZ,1.0524385421228581
341863z079BT4EFPiSw9DP,2PJzQvozduq44cToUQBa0B,1.100879235321695
341863z079BT4EFPiSw9DP,6VScORohpeHSfdLkPUZuZX,1.1129940987506062
341863z079BT4EFPiSw9DP,5zFgBVbfMdfo6kCKm5hD6t,1.2346581420415372
341863z079BT4EFPiSw9DP,3zwL0EG6j9gJkPBtJY3VQu,1.3054317733497225
2n0U2OG5d6TuW5mKx7YrC0,0ud4VAfTH1AOb904kWOTzJ,0.710977783633154
2n0U2OG5d6TuW5mKx7YrC0,2kx5sQgmjYug0GiDh1a4sU,0.8375000941187455
2n0U2OG5d6TuW5mKx7YrC0,0ZgMBZeFQC8Jja48NuDaSC,0.9068984127098627
2n0U2OG5d6TuW5mKx7YrC0,32Dc90Bn6NCKMPmdfprhFq,0.9203889211997094
2n0U2OG5d6TuW5mKx7YrC0,0Id7swY6cWbvYLtVVF0wvq,1.0370801950525899
2n0U2OG5d6TuW5mKx7YrC0,1zx6GSqLYI2ynzAHnPRKBR,1.0995689976308072
2n0U2OG5d6TuW5mKx7YrC0,7GkHIsnziYgk6j1lx2TK6H,1.1442754796155319
2n0U2OG5d6TuW5mKx7YrC0,4siZLgCKM0IKnD1ek6Bt4d,1.164861117149873
2n0U2OG5d6TuW5mKx7YrC0,5m4FuvMmLOnq7Gpt0ckAcf,1.2339803731820258
2n0U2OG5d6TuW5mKx7YrC0,69zSOewOfa2IvIRMveL1Cc,1.2764029247147206
2JAUBPBVkimRLc5BGhAkfJ,3euQtj1nSUZsuOAAjH1LK8,0.5333172412280569
2JAUBPBVkimRLc5BGhAkfJ,0yFjiqcf961CTPJIOxJtjZ,0.9358066028611175
2JAUBPBVkimRLc5BGhAkfJ,0aIW3ekrhK1eh3BYCh11op,1.0379366685613751
2JAUBPBVkimRLc5BGhAkfJ,52UDFFwUueOBfJ2vB5BqRr,1.091686582741206
2JAUBPBVkimRLc5BGhAkfJ,7GwYyLNFyAsSsmt2aa0z6u,1.1114130504200734
2JAUBPBVkimRLc5BGhAkfJ,5Tw688qLFIieMBeD7wnEgw,1.188847196850147
2JAUBPBVkimRLc5BGhAkfJ,6DXazvidTcZ7Nx78cm5hZE,1.1965806141306572
2JAUBPBVkimRLc5BGhAkfJ,68Yx4cOTBvQkI7u5sHcZ0l,1.2156709558331869
2JAUBPBVkimRLc5BGhAkfJ,0l8p1TkaVgcwIUS0xwm6Y5,1.2225208523138638
2JAUBPBVkimRLc5BGhAkfJ,35CoDqsVF0P2w8Lgir7wrs,1.2252293583282274
6d48lKUZig9jlzUXHr7QMz,341b9JIDHZ3oaMVNwS0OsA,1.0211162006702923
6d48lKUZig9jlzUXHr7QMz,5aJuHyYNdOzqX6eGO2XyE8,1.0798880003772955
6d48lKUZig9jlzUXHr7QMz,6VScORohpeHSfdLkPUZuZX,1.2128239098961542
6d48lKUZig9jlzUXHr7QMz,3TXF9mdeWd18WEW1alIGOT,1.4540819816373816
6d48lKUZig9jlzUXHr7QMz,341863z079BT4EFPiSw9DP,1.4653350369227043
6d48lKUZig9jlzUXHr7QMz,4nbILrYODP667b3d66ZMzI,1.4969876865920433
6d48lKUZig9jlzUXHr7QMz,7bBEhjBUUHwkONgReD5xmB,1.5088725754319463
6d48lKUZig9jlzUXHr7QMz,2PJzQvozduq44cToUQBa0B,1.5123452458619095
6d48lKUZig9jlzUXHr7QMz,3ENn9ahP78mdUTHXDhnyFu,1.5853563813003981
6d48lKUZig9jlzUXHr7QMz,4GAhAw0RCzNVP976NRMOqO,1.5969714401006916
12DuRrlFSqJyAtfN0YauMz,5Ims37RILnoKgwv4ih2UKD,0.8778752487652497
12DuRrlFSqJyAtfN0YauMz,2QZHLFuN2hW8eaTTILNSEC,1.151313973323448
12DuRrlFSqJyAtfN0YauMz,2sKchp54KqDz6jPofHZ66t,1.2853369331987434
12DuRrlFSqJyAtfN0YauMz,5qBhUQLFCdIut4QZrIh7XI,1.5748558226071216
12DuRrlFSqJyAtfN0YauMz,5ulKQUbgBp6fDd9KvRVHaA,1.618702834840909
12DuRrlFSqJyAtfN0YauMz,2oya2LiaY0kG9ULocwIoaw,1.66255955056526
12DuRrlFSqJyAtfN0YauMz,54sxsI1fcUJSAmKyty00r5,1.6864101934243938
12DuRrlFSqJyAtfN0YauMz,2tUChcOi3ktjFzMYu2w5QL,1.7052801982909018
12DuRrlFSqJyAtfN0YauMz,3fPgIknlkDWXs1l2noKZbp,1.7107318456475156
12DuRrlFSqJyAtfN0YauMz,4paK7VQa8HRYPSF2hvC4LQ,1.7643121282437069
0mtn3uti60qnEwTJJIQ29v,1qkVJlyVaLZbwolRZmc17i,0.697021615585643
0mtn3uti60qnEwTJJIQ29v,20McUFi8KCIVdNDLrkTDuZ,0.7473981711360033
0mtn3uti60qnEwTJJIQ29v,4pxcboeftnVJoMuqigFL4g,0.7656032271112746
0mtn3uti60qnEwTJJIQ29v,26VPU8yYHcZs2II1PD0G9g,0.7939737597004509
0mtn3uti60qnEwTJJIQ29v,45FR60U6pxNbiQkA8BOhBD,0.8892658370737235
0mtn3uti60qnEwTJJIQ29v,1OyOTy8cZ5TGbMaHpfrQpY,0.9005056998908549
0mtn3uti60qnEwTJJIQ29v,4sKGkVi8boc00JTpw7aVB7,1.038586795349616
0mtn3uti60qnEwTJJIQ29v,0u5mGjvZPRx3uFCwXKcXCP,1.102230634613249
0mtn3uti60qnEwTJJIQ29v,3lMGhsGVaAO37AKy5CV8HB,1.1201789138667848
0mtn3uti60qnEwTJJIQ29v,5aAjcWycNzzlnnwRB8z0zL,1.1441724116823975
4DGbBb3ngjF7RsP5f9m7kW,7GkHIsnziYgk6j1lx2TK6H,1.1880621523358825
4DGbBb3ngjF7RsP5f9m7kW,1Ip5p31SowqjJLo2ss1afJ,1.2085977204054807
4DGbBb3ngjF7RsP5f9m7kW,4ZXZKLCXALRAD9xWkPd5Yr,1.2695073097373948
4DGbBb3ngjF7RsP5f9m7kW,08FVjIlxDFr0ZV5fDLlhKE,1.2892078615470743
4DGbBb3ngjF7RsP5f9m7kW,2cTaSKEc8OZdF6Tpg2QQsS,1.3057520408950398
4DGbBb3ngjF7RsP5f9m7kW,7GdmthJKzEggNQqkREPLDY,1.3927816737045235
4DGbBb3ngjF7RsP5f9m7kW,0ud4VAfTH1AOb904kWOTzJ,1.419091821795922
4DGbBb3ngjF7RsP5f9m7kW,3G4GIs0jGwIbLFGBL3ZSNc,1.4306321598602816
4DGbBb3ngjF7RsP5f9m7kW,2n0U2OG5d6TuW5mKx7YrC0,1.4309659678303057
4DGbBb3ngjF7RsP5f9m7kW,3Z4ZuDrY684IFTBz2ze708,1.437075041512045
5dy25rHjyfAbpkHDI9yfTY,10aDiDITMu33TQNqVR35iM,0.8691149371717588
5dy25rHjyfAbpkHDI9yfTY,0fea68AdmYNygeTGI4RC18,0.9290036459036158
5dy25rHjyfAbpkHDI9yfTY,5qBhUQLFCdIut4QZrIh7XI,1.1682352598930934
5dy25rHjyfAbpkHDI9yfTY,3BK7JmX1P4GSGx5mdG3aiL,1.2629408202039647
5dy25rHjyfAbpkHDI9yfTY,4HyxYaIV98fUKeApfxHEHv,1.308515250657601
5dy25rHjyfAbpkHDI9yfTY,0nfQH9hmgwtQ4EK0945Zdy,1.4869709202509382
5dy25rHjyfAbpkHDI9yfTY,5inWUDecQMC4l2eOFzaIaf,1.5044136175047522
5dy25rHjyfAbpkHDI9yfTY,0CGkdIKWvQsgr3zM25jNa8,1.505196595102226
5dy25rHjyfAbpkHDI9yfTY,2QZHLFuN2hW8eaTTILNSEC,1.5534724081188565
5dy25rHjyfAbpkHDI9yfTY,2tUChcOi3ktjFzMYu2w5QL,1.624485314539713
7AtwQRLPdttsxcLM5tPL0t,4OMgqSsMbVhPCFnivcNAqh,0.8121650305174464
7AtwQRLPdttsxcLM5tPL0t,4iUbMPVbCQAx51bIh1GhyP,1.0168543092252367
7AtwQRLPdttsxcLM5tPL0t,34nDmYlzfXjBoiWl9XoCUU,1.0561110236473674
7AtwQRLPdttsxcLM5tPL0t,2JiodPAAXzYPp3OV9oA1gT,1.1430485752224366
7AtwQRLPdttsxcLM5tPL0t,7t1UzsIKRBXXVdwJRIaDxn,1.213604630114759
7AtwQRLPdttsxcLM5tPL0t,2G71B13s2bF5SkaieZTOgA,1.2524843470332916
7AtwQRLPdttsxcLM5tPL0t,5CPXR6lDTvngxtmMZxnWmC,1.2757348784788471
7AtwQRLPdttsxcLM5tPL0t,1pTD59RYMnPdps8MKlMW87,1.362056674791787
7AtwQRLPdttsxcLM5tPL0t,2jcMktZrayNaiWRnRmItnY,1.3948734173814048
7AtwQRLPdttsxcLM5tPL0t,6txgVVRJkvrSfcOQJIMFbf,1.4121192607095303
7ijnomlrX6iGZ5ih4xTehA,66QpL8l5IJ4ND2Q79MTa3t,1.3973409823394847
7ijnomlrX6iGZ5ih4xTehA,3QSzbe5jUceSc0IyAFJ4LD,1.429639629402132
7ijnomlrX6iGZ5ih4xTehA,5ruzrDWcT0vuJIOMW7gMnW,1.4880369846692365
7ijnomlrX6iGZ5ih4xTehA,1WheyFsHUcBWQ33WNHcZdI,1.4968855281946587
7ijnomlrX6iGZ5ih4xTehA,0qZ0m8Gq4Ug5kBxKe9BVvj,1.5803899450429681
7ijnomlrX6iGZ5ih4xTehA,5muVpPu8Fj9fXfDbbqDdrZ,1.5915519455649874
7ijnomlrX6iGZ5ih4xTehA,0ZeKQudydO2uQJpfr6gNC8,1.612823976808145
7ijnomlrX6iGZ5ih4xTehA,0J2OnBNKwt0KICDyDFPUvl,1.6651342348810518
7ijnomlrX6iGZ5ih4xTehA,7cmghYOaklEOiHB3mzjkjY,1.6808219866495284
7ijnomlrX6iGZ5ih4xTehA,3g8DqSjSZyY1o30Y4xnWqs,1.7582910492967805
2cTOee6bTauDFK1QuDS1BD,4yqRW7Ovd47DcgfuWXzEGR,0.8835989359483922
2cTOee6bTauDFK1QuDS1BD,0RYqTScbPJ3wijhvWOgLkE,0.9879272672164249
2cTOee6bTauDFK1QuDS1BD,6MnzjGoeZyEzSml6Ohi0at,1.1190633367289449
2cTOee6bTauDFK1QuDS1BD,3XmIlmYem8DGp7aorcpBay,1.2160213337200874
2cTOee6bTauDFK1QuDS1BD,7xuu4ByQkm8qhnwJQk994r,1.3241984842950616
2cTOee6bTauDFK1QuDS1BD,0liZcBeGoLuzDIat1YXRZk,1.3285124645016582
2cTOee6bTauDFK1QuDS1BD,5NYejXf1mwigePilCGLjdM,1.3378724232061903
2cTOee6bTauDFK1QuDS1BD,2wqiV4aIMOosmQMqnLxXbA,1.3629635891909877
2cTOee6bTauDFK1QuDS1BD,6DBqULxLjq66GX2dim7opR,1.3680061558620797
2cTOee6bTauDFK1QuDS1BD,1I2MEjnS9c4OPMnKWbIuYs,1.4278858172630333
1bxtePWzYybaPiUZqvgQVf,5j4kHNz5syQBR9Jfv3hwbb,0.7890241382522185
1bxtePWzYybaPiUZqvgQVf,2RSTIsdhq5vqqr2GcTFdGM,1.0393324961316315
1bxtePWzYybaPiUZqvgQVf,7sJbCv83nl2S94j8ZJz2WP,1.2217077857634537
1bxtePWzYybaPiUZqvgQVf,4NbUqEJnGQAEDvfb1LB5V3,1.3193829288296448
1bxtePWzYybaPiUZqvgQVf,4W5HbjNHMU7uw27oZwLaVK,1.3305542727489228
1bxtePWzYybaPiUZqvgQVf,0HkYWF3O2mW56RU67gEqyG,1.4362496136027012
1bxtePWzYybaPiUZqvgQVf,2gEh41XUP3vI7kAjlEO92n,1.4544655824803587
1bxtePWzYybaPiUZqvgQVf,5Cpk0Hg5KSUmm0BdyIkVVW,1.4820018868954492
1bxtePWzYybaPiUZqvgQVf,3UgiXDauVuj9HZKzFY8TBL,1.5680254526300375
1bxtePWzYybaPiUZqvgQVf,6IVXCSCTZOqUDDuGA5vUwH,1.5843539346690718
1byfhRPkrLvnQ4ib1SWNxQ,5jhIWm2hXdVQJaRDE9AGhW,0.5835878411411071
1byfhRPkrLvnQ4ib1SWNxQ,2sgpYwWVQAXWetqtO9Kh24,0.6513727573321159
1byfhRPkrLvnQ4ib1SWNxQ,4q6ZHerrtO7gcF67KFX0BF,0.6561403659621703
1byfhRPkrLvnQ4ib1SWNxQ,57v7M9jKRFP9NCP3J2ms9M,0.7092266912831932
1byfhRPkrLvnQ4ib1SWNxQ,6Yp3K2cy35hXnWQFE1yWrJ,0.8451297003071654
1byfhRPkrLvnQ4ib1SWNxQ,54SQet8YMttOgTqDNGcGpe,0.9390634528202157
1byfhRPkrLvnQ4ib1SWNxQ,4PdNeARTAYoZCwdhJninRq,0.9617776611287855
1byfhRPkrLvnQ4ib1SWNxQ,4vdg59Hg8I6u6MDkga5y2R,0.9621000717805431
1byfhRPkrLvnQ4ib1SWNxQ,2C6fzRAlaWOhKCOsn5a0Nk,0.9711568912756603
1byfhRPkrLvnQ4ib1SWNxQ,3ctDo5gZFNOiMjqa0XDBif,0.9726339645773445
0IFMbLUK5ttPmXyK16qUQu,2bXI4Rbw1D7aVeHWLjn1Lb,0.9847389885316853
0IFMbLUK5ttPmXyK16qUQu,1UR0RbyH4bKoovDNnGd53G,1.1982821903461198
0IFMbLUK5ttPmXyK16qUQu,0xdYzkbBBfTevSyOJqWUSX,1.3364268943526274
0IFMbLUK5ttPmXyK16qUQu,2gNMXJDKRmKWuevBGjN8wo,1.3475548971848312
0IFMbLUK5ttPmXyK16qUQu,7lvobfYGCBe0okzSwMtvRK,1.3523382523973566
0IFMbLUK5ttPmXyK16qUQu,1AdUK37moo4ba9vRJJ7zVp,1.402656461388181
0IFMbLUK5ttPmXyK16qUQu,5yHfBb0WQaED1bdLugCuha,1.4600823436285053
0IFMbLUK5ttPmXyK16qUQu,0pZPObivxzE2M6AnzezZWH,1.4706163521439726
0IFMbLUK5ttPmXyK16qUQu,0zuH9aSrPkctSaAn1kPN86,1.510830516371117
0IFMbLUK5ttPmXyK16qUQu,041Xf2o8yDouqWCDKqkGuC,1.6516897907341668
4Fs8Ae2PYNKQJnZmqSsKuw,5bphWpcTM84wiP9u0em7Za,1.426612007886937
4Fs8Ae2PYNKQJnZmqSsKuw,4ngv7whSPSAwD8ZP3zMHsd,1.465655097638541
4Fs8Ae2PYNKQJnZmqSsKuw,1WsPeKmEE0NSgq6F3y2Ot6,1.5463027998149281
4Fs8Ae2PYNKQJnZmqSsKuw,6pT0lZ3QhOWzjXWqO7aqVq,1.6023523495231198
4Fs8Ae2PYNKQJnZmqSsKuw,1aDCjyFTiY6EG9mbl7HMog,1.6697098911227286
4Fs8Ae2PYNKQJnZmqSsKuw,6ohVFU3E1i5Ke7k37vtDdS,1.6870046965844008
4Fs8Ae2PYNKQJnZmqSsKuw,42rRYDeMFkYfUGOIhDPlF9,1.7711829100414556
4Fs8Ae2PYNKQJnZmqSsKuw,2G5EuwNgAYXKT5xJQ9KoOC,1.7860524527935528
4Fs8Ae2PYNKQJnZmqSsKuw,2rbkwvwtdWpDwthWnTpJMj,1.798960167374698
4Fs8Ae2PYNKQJnZmqSsKuw,2SLwPaJTN6B6zwcIwsuQAK,1.8048412663482374
5wellG7pgco2QlMjVuvSsf,2o4brM0aHognKkRI8QtLEg,1.234080381259371
5wellG7pgco2QlMjVuvSsf,018vKll25kQiBjJ9FVOhSV,1.467174230127726
5wellG7pgco2QlMjVuvSsf,2ZZ3SXe3q8fwzVtIrQpEKy,1.5030572422496216
5wellG7pgco2QlMjVuvSsf,1eGdw1BbGAYaXbgPcVIkGm,1.5312149913674689
5wellG7pgco2QlMjVuvSsf,6XTKYGyydndSUV3OHHDwZU,1.5620909907645741
5wellG7pgco2QlMjVuvSsf,04tv9ewp0KMC5ijweE1GmS,1.6157905128704355
5wellG7pgco2QlMjVuvSsf,36nYdygI2cwOtjBqGxhHzY,1.6503672088635288
5wellG7pgco2QlMjVuvSsf,1vViUoB7DpXUX10isPj7YL,1.7513525153236111
5wellG7pgco2QlMjVuvSsf,7KnFT8NQPRYtWOZXhWcGGZ,1.7641171359679448
5wellG7pgco2QlMjVuvSsf,7hlsLyn6X1kAuu25nEWqWS,1.7935956384322913
1hP0hDL5VREpThmMOa1pta,3bCp61o3h46Yvr0vgMJlaL,1.4547482220299677
1hP0hDL5VREpThmMOa1pta,7F4jKReNs1h8ujuz02Rsji,1.4727785055897182
1hP0hDL5VREpThmMOa1pta,0zmrF4iO4zaaJKQ06Yb6GO,1.5055778962966722
1hP0hDL5VREpThmMOa1pta,4nWxif1dt6FCg4GFZcPIbO,1.5374754527808572
1hP0hDL5VREpThmMOa1pta,2VAP7blVVE9odqmMyM6HFf,1.5409322264631777
1hP0hDL5VREpThmMOa1pta,4yqRW7Ovd47DcgfuWXzEGR,1.543457180827032
1hP0hDL5VREpThmMOa1pta,0gKuF5cAyTLUflACTah7yC,1.5514302209447008
1hP0hDL5VREpThmMOa1pta,59D6U4erIjSUoUrXM82edy,1.612542415860519
1hP0hDL5VREpThmMOa1pta,0KpTFH1SzexN8SGc0GPILC,1.630877932271937
1hP0hDL5VREpThmMOa1pta,6Vb1LGvWPpP3aeuRcp098D,1.6410118184737312
2sAwO9nafCv50ttjhI77a2,6tvlaXBPNl1bu7NZsbbn9R,0.8527024005875973
2sAwO9nafCv50ttjhI77a2,4oOmRoG2lWjv6COrTT8Z28,0.9520609204321419
2sAwO9nafCv50ttjhI77a2,0EhYGqH7kjogumPfbKWh0t,0.9530617457662663
2sAwO9nafCv50ttjhI77a2,6apacvSkVWWtCxc68FBsZV,1.0082710556617123
2sAwO9nafCv50ttjhI77a2,6qFWAs54gSDIUh0J9XY8qx,1.0621776641022436
2sAwO9nafCv50ttjhI77a2,2FsrKLHO91CaT8vvY85DD6,1.1105520985684152
2sAwO9nafCv50ttjhI77a2,6SP4AXgL3VCUTmdm7axe9C,1.1313399206436094
2sAwO9nafCv50ttjhI77a2,5Gox2FHWcB882eGsRIkdrt,1.1540972653597468
2sAwO9nafCv50ttjhI77a2,0bxBXbMWl45I6GrA7yleeP,1.1664246538927803
2sAwO9nafCv50ttjhI77a2,0ecW7IqLKhzKTPeqLSNc0V,1.2733528608494964
5hZctl6Xi8xaJG8LgIZWDy,6IlQmJorOrT6eWZFqUzzES,0.9156816213043619
5hZctl6Xi8xaJG8LgIZWDy,5r5cp9IpziiIsR6b93vcnQ,0.9223965045720708
5hZctl6Xi8xaJG8LgIZWDy,163l4xzEe3JAfPbv0kYNQo,1.0684230484486108
5hZctl6Xi8xaJG8LgIZWDy,1VAhH6Qrtod1cKtGjHcUtB,1.202792148385136
5hZctl6Xi8xaJG8LgIZWDy,78cj9M7Ax1yDruYM5QeG39,1.2262990834540732
5hZctl6Xi8xaJG8LgIZWDy,5ulKQUbgBp6fDd9KvRVHaA,1.2525470165534796
5hZctl6Xi8xaJG8LgIZWDy,6k3lATWmM3Z9TJvrzDHfga,1.2761585944860803
5hZctl6Xi8xaJG8LgIZWDy,74w5vyOFuin2Zu4GsP8paJ,1.2946988536904045
5hZctl6Xi8xaJG8LgIZWDy,6RNDeRnWsRMjPdNVgupZCs,1.2975651269291117
5hZctl6Xi8xaJG8LgIZWDy,4sKGkVi8boc00JTpw7aVB7,1.3054634925517175
5KWAPzQjXdavsii32pBUmp,5BsfHrHZtp17H7pVvZqnX4,0.6931172767554237
5KWAPzQjXdavsii32pBUmp,1zc9mfxeNZ6HiSxRzY7JIA,1.5253124575761419
5KWAPzQjXdavsii32pBUmp,2d25mcKl3CYuBsYPi6cAMi,1.6408032833319126
5KWAPzQjXdavsii32pBUmp,2bTESUiaqSWDvyW9zSA6xG,1.725677318028075
5KWAPzQjXdavsii32pBUmp,0TpTOzLGB3JrMhpkpq3u9y,1.7522641290368581
5KWAPzQjXdavsii32pBUmp,6X75beLYymFGvrw5Ocqflq,1.8106299475352539
5KWAPzQjXdavsii32pBUmp,1OwJLABgqyipl2dQS0UhKD,1.8291327944884124
5KWAPzQjXdavsii32pBUmp,0FlPKWNvl0ZJxQvw3UK3ja,1.9601507209159257
5KWAPzQjXdavsii32pBUmp,6IVXCSCTZOqUDDuGA5vUwH,2.036478689291081
5KWAPzQjXdavsii32pBUmp,6d3jo3AUpEsOrMsbtyeW7y,2.0412823287775237
5p66ip2k92QBjuYYw2X0qa,68c8qaChNLXdBvFPCSQz4d,0.6567893069738737
5p66ip2k92QBjuYYw2X0qa,2L1KDMlUbzuaXce1VvWV57,0.9750599533236779
5p66ip2k92QBjuYYw2X0qa,3O3lsUYkkrolKZEfH4pTQn,1.0755332964459754
5p66ip2k92QBjuYYw2X0qa,0v3C05tIF1WZWFlcj326YZ,1.1194459388968623
5p66ip2k92QBjuYYw2X0qa,2t0wwvR15fc3K1ey8OiOaN,1.1290720512494303
5p66ip2k92QBjuYYw2X0qa,5bFuHlXKw66Uu2cHKn5bf8,1.197806476431492
5p66ip2k92QBjuYYw2X0qa,0TXwOYYmyZBOmi75DPVQd8,1.2028475308675028
5p66ip2k92QBjuYYw2X0qa,0elH6ukMGLyCHJavHutEza,1.2176744065212681
5p66ip2k92QBjuYYw2X0qa,5x4vgABKiGp4Vg7ZyFRxhn,1.2331627538001564
5p66ip2k92QBjuYYw2X0qa,3ZffCQKLFLUvYM59XKLbVm,1.238523739923884
3ApLFFuaXsKBnDhspuQrWj,2DEHcqIwG3umK94P0tlh7X,0.9489655080623196
3ApLFFuaXsKBnDhspuQrWj,6hVLkc1612BQeD6EQFKECm,1.126132683249518
3ApLFFuaXsKBnDhspuQrWj,0D3J5hfXcaQLeMmZVxD4S7,1.1547726013858095
3ApLFFuaXsKBnDhspuQrWj,1zx6GSqLYI2ynzAHnPRKBR,1.2034184327368571
3ApLFFuaXsKBnDhspuQrWj,4oOmRoG2lWjv6COrTT8Z28,1.2157314339686982
3ApLFFuaXsKBnDhspuQrWj,3i0J9e00YhlrKO7AqgdO8Z,1.3845208405536904
3ApLFFuaXsKBnDhspuQrWj,3hp6JfJIxkv3sl7E6p7DQj,1.3925488581851972
3ApLFFuaXsKBnDhspuQrWj,5BUq9bdtsm3LWw5laJeJ4R,1.4020440700626216
3ApLFFuaXsKBnDhspuQrWj,4ocDKtGkfPHFpUlmkOfAiy,1.4265390154827273
3ApLFFuaXsKBnDhspuQrWj,0p4D8tKBjpTqOpFhwxIXe1,1.4326409985000395
7nZu5xIQlEceMFpfQbjK1P,1RtoOw5CS2PBcVG8A783Q0,0.4661682148553078
7nZu5xIQlEceMFpfQbjK1P,3XXTR1PxuCslxeQCpRHpmW,0.9592528431407771
7nZu5xIQlEceMFpfQbjK1P,5my3f3dMZENvUwAXYVQNmO,0.9973546264002611
7nZu5xIQlEceMFpfQbjK1P,5BwUt9x6Ss7bKcnDCi5H2X,1.0673978932421924
7nZu5xIQlEceMFpfQbjK1P,2PJzQvozduq44cToUQBa0B,1.1293021041396334
7nZu5xIQlEceMFpfQbjK1P,4GAhAw0RCzNVP976NRMOqO,1.2168705114581904
7nZu5xIQlEceMFpfQbjK1P,4HKFF8kQupjxkx0SKxcPPZ,1.3033699213965744
7nZu5xIQlEceMFpfQbjK1P,3zwL0EG6j9gJkPBtJY3VQu,1.3158007902864477
7nZu5xIQlEceMFpfQbjK1P,43ZA173zlPZnKN3YSjrzHU,1.3403038861648895
7nZu5xIQlEceMFpfQbjK1P,43nB4BTmfrOZ80QYrD3Ap2,1.3525521305732484
7iKBHI8WpDvApCJqGbkKwK,68JioFRhzBZrpbON6KI6Zq,1.994647219969502
7iKBHI8WpDvApCJqGbkKwK,7IZ7SwZfnXMKKwMIGdE6o8,2.0154556445706526
7iKBHI8WpDvApCJqGbkKwK,34nDmYlzfXjBoiWl9XoCUU,2.1033940096603643
7iKBHI8WpDvApCJqGbkKwK,0FlPKWNvl0ZJxQvw3UK3ja,2.1796846278806963
7iKBHI8WpDvApCJqGbkKwK,5BsfHrHZtp17H7pVvZqnX4,2.279918657884271
7iKBHI8WpDvApCJqGbkKwK,6IVXCSCTZOqUDDuGA5vUwH,2.28191492645126
7iKBHI8WpDvApCJqGbkKwK,5KWAPzQjXdavsii32pBUmp,2.3311310707830297
7iKBHI8WpDvApCJqGbkKwK,1pTD59RYMnPdps8MKlMW87,2.3320773000255026
7iKBHI8WpDvApCJqGbkKwK,2JiodPAAXzYPp3OV9oA1gT,2.378763162309817
7iKBHI8WpDvApCJqGbkKwK,5JvVChAko7GrMH290fetnq,2.3862488866463107
2ANvtgV1j5Ba4d4WTYnQkQ,2EPZGTfBbz3a0MqkppHwhD,1.0615455312120958
2ANvtgV1j5Ba4d4WTYnQkQ,4pY65PI8PkbRumQpEoxElV,1.1286529599719493
2ANvtgV1j5Ba4d4WTYnQkQ,7qrvxjTqvXvaiGhnUfCOAB,1.2158031725582292
2ANvtgV1j5Ba4d4WTYnQkQ,1W0voVAoKVow8VhpwWBHl5,1.258408010040085
2ANvtgV1j5Ba4d4WTYnQkQ,2cZDlNMZOAwZygOvaBrJvn,1.3672534712204958
2ANvtgV1j5Ba4d4WTYnQkQ,4nbILrYODP667b3d66ZMzI,1.4401055682199373
2ANvtgV1j5Ba4d4WTYnQkQ,00nQri79W2dxFkWmXISlLh,1.4526577280942934
2ANvtgV1j5Ba4d4WTYnQkQ,4siZLgCKM0IKnD1ek6Bt4d,1.4552996912794418
2ANvtgV1j5Ba4d4WTYnQkQ,32Dc90Bn6NCKMPmdfprhFq,1.507239526793736
2ANvtgV1j5Ba4d4WTYnQkQ,3I9tSAQMVzAuX8QQUBG9rP,1.5273265506056464
2QMAB7AL9WPd0LdRH4BZda,5bphWpcTM84wiP9u0em7Za,0.8467079867311283
2QMAB7AL9WPd0LdRH4BZda,0T5iIrXA4p5GsubkhuBIKV,0.9125101003252732
2QMAB7AL9WPd0LdRH4BZda,35CoDqsVF0P2w8Lgir7wrs,0.9573212055033509
2QMAB7AL9WPd0LdRH4BZda,0z5EJolHD3zV6W17tigtP7,1.0375253608791353
2QMAB7AL9WPd0LdRH4BZda,0aIW3ekrhK1eh3BYCh11op,1.0516425019420828
2QMAB7AL9WPd0LdRH4BZda,0l8p1TkaVgcwIUS0xwm6Y5,1.0584917641738596
2QMAB7AL9WPd0LdRH4BZda,5wpyfg3L9LKs64kJF6XiHF,1.094989192755905
2QMAB7AL9WPd0LdRH4BZda,3nImoHhXBOqYcdTN8gt9eE,1.1230631771242157
2QMAB7AL9WPd0LdRH4BZda,12SNxpytVKahQ25nOTpbFX,1.1300094164295775
2QMAB7AL9WPd0LdRH4BZda,2SLwPaJTN6B6zwcIwsuQAK,1.1449276247544393
7g90T7PIBzqIpKZG0lzPzS,4FqirD1KsDyNukowu8TWhX,0.830351990281026
7g90T7PIBzqIpKZG0lzPzS,2hw1sBTzjB9zghnlLpqeAj,0.9055652297484041
7g90T7PIBzqIpKZG0lzPzS,5yU9gNHwYeRrWmyRCTUUxv,1.0282284191720605
7g90T7PIBzqIpKZG0lzPzS,2RJireEKZhGveSCh1cDZjN,1.190667358481905
7g90T7PIBzqIpKZG0lzPzS,4G9X7CZFiwfG2P99sIaaK2,1.1937807508121254
7g90T7PIBzqIpKZG0lzPzS,0H9T97wS2k3bk1JcyOlrrN,1.2331759716805244
7g90T7PIBzqIpKZG0lzPzS,04tv9ewp0KMC5ijweE1GmS,1.2720690049383094
7g90T7PIBzqIpKZG0lzPzS,7h8N0QlHxIEYfnHDVps8dS,1.2778592872468362
7g90T7PIBzqIpKZG0lzPzS,2CuUB5MbfRShtunR8g5hjR,1.479842801601008
7g90T7PIBzqIpKZG0lzPzS,59eCy91JDrnpbPLF3T3L03,1.5702043846576077
2MROIXHFoYn5JVGQtAXVpy,7nWzpMBJwjubxBF75Pi4An,0.8776394050626839
2MROIXHFoYn5JVGQtAXVpy,5v4ikwHHJWghlUcDoaYWNW,1.0041114102810218
2MROIXHFoYn5JVGQtAXVpy,6SdAztAqklk1zAmUHhU4N7,1.061999992647901
2MROIXHFoYn5JVGQtAXVpy,2WjXRWocLt0HbsdPawx0Mx,1.1667285718434481
2MROIXHFoYn5JVGQtAXVpy,1LrxmgC6pg5RAYGJ2FQWv0,1.167533433071142
2MROIXHFoYn5JVGQtAXVpy,0ftMOhVfFm5Wbs5sZdEtsC,1.2209550136464626
2MROIXHFoYn5JVGQtAXVpy,0q0blWBIHZZSMgCISWdBYC,1.35789054647995
2MROIXHFoYn5JVGQtAXVpy,09pr5CPnpXjEQKRqgI7ZnZ,1.4709276852774218
2MROIXHFoYn5JVGQtAXVpy,4yxjD1iYOICm8cizKrbtPg,1.4764862029108616
2MROIXHFoYn5JVGQtAXVpy,3RoHAivw8gRyzlWDsvbFTB,1.5180038163327192
6k3lATWmM3Z9TJvrzDHfga,3cyN4BZhcTdZyTMcqaCDb3,0.8690920605964383
6k3lATWmM3Z9TJvrzDHfga,3jumxkobNDisdRz27CxhOF,1.0121707217567797
6k3lATWmM3Z9TJvrzDHfga,74w5vyOFuin2Zu4GsP8paJ,1.1065201364240627
6k3lATWmM3Z9TJvrzDHfga,163l4xzEe3JAfPbv0kYNQo,1.165865682777073
6k3lATWmM3Z9TJvrzDHfga,5hZctl6Xi8xaJG8LgIZWDy,1.2761585944860803
6k3lATWmM3Z9TJvrzDHfga,0eEXcw3JLVXcRxYrVYMy68,1.3091770945010741
6k3lATWmM3Z9TJvrzDHfga,20Laa9YU8RVHZ9iGKMeM7w,1.3172818313772023
6k3lATWmM3Z9TJvrzDHfga,5yHfBb0WQaED1bdLugCuha,1.352408198285322
6k3lATWmM3Z9TJvrzDHfga,0u5mGjvZPRx3uFCwXKcXCP,1.3945339851967624
6k3lATWmM3Z9TJvrzDHfga,5ulKQUbgBp6fDd9KvRVHaA,1.4307756324928287
6HKmAGpQgDNQ4sFhAgvkA2,2DEHcqIwG3umK94P0tlh7X,1.0767543325994449
6HKmAGpQgDNQ4sFhAgvkA2,2Oghfvs0YkMNadU5c31GpJ,1.1485968534359352
6HKmAGpQgDNQ4sFhAgvkA2,3z8h0TU7ReDPLIbEnYhWZb,1.2988572267810834
6HKmAGpQgDNQ4sFhAgvkA2,0D3J5hfXcaQLeMmZVxD4S7,1.3503206747812537
6HKmAGpQgDNQ4sFhAgvkA2,6hVLkc1612BQeD6EQFKECm,1.3503289054148118
6HKmAGpQgDNQ4sFhAgvkA2,0NBD4g9Zwy1rMAMWBYS6Ju,1.3511155599642186
6HKmAGpQgDNQ4sFhAgvkA2,4avT69vtIK1qqC8SL7eqGJ,1.3699138777510955
6HKmAGpQgDNQ4sFhAgvkA2,2AwYywTNbeiWqQcLqt8UwP,1.4079728120560349
6HKmAGpQgDNQ4sFhAgvkA2,0vIkYCzLD9QH7w8m1dC8Mf,1.532030002243114
6HKmAGpQgDNQ4sFhAgvkA2,50etdpjrySctCaS4yw0a72,1.532030002243114
5x4vgABKiGp4Vg7ZyFRxhn,0elH6ukMGLyCHJavHutEza,0.7755221875289213
5x4vgABKiGp4Vg7ZyFRxhn,3J1BQ2acB1OHTQKeI1cWkR,0.8089468330115867
5x4vgABKiGp4Vg7ZyFRxhn,47k1Cbink0USdP1eDmGjFj,0.8171016229742535
5x4vgABKiGp4Vg7ZyFRxhn,3O3lsUYkkrolKZEfH4pTQn,0.8385355228554929
5x4vgABKiGp4Vg7ZyFRxhn,6S1BoAiJeJ96A09tHIwJuy,0.8454705847723855
5x4vgABKiGp4Vg7ZyFRxhn,1sKt4HswC1nmkjuhhG0KFt,0.850271051644815
5x4vgABKiGp4Vg7ZyFRxhn,5bFuHlXKw66Uu2cHKn5bf8,0.9306794048263047
5x4vgABKiGp4Vg7ZyFRxhn,5H3JW2JiQG432dldneCyW1,0.9310485126908736
5x4vgABKiGp4Vg7ZyFRxhn,2L1KDMlUbzuaXce1VvWV57,0.953362042189928
5x4vgABKiGp4Vg7ZyFRxhn,68c8qaChNLXdBvFPCSQz4d,0.9539233162129982
2wqiV4aIMOosmQMqnLxXbA,2gEh41XUP3vI7kAjlEO92n,0.5895524216504583
2wqiV4aIMOosmQMqnLxXbA,1lZzyOyH9LSAWFjHKz9TT2,0.6096618594095752
2wqiV4aIMOosmQMqnLxXbA,43ueXmQ6KjITk0hKKOPOLA,0.7772588734405483
2wqiV4aIMOosmQMqnLxXbA,0uukw2CgEIApv4IWAjXrBC,0.7947282543806296
2wqiV4aIMOosmQMqnLxXbA,5NYejXf1mwigePilCGLjdM,0.9554504777625882
2wqiV4aIMOosmQMqnLxXbA,7sJbCv83nl2S94j8ZJz2WP,0.9839626078448561
2wqiV4aIMOosmQMqnLxXbA,10t0BfHUkq9iKZzOj4LY3c,0.9887985630058668
2wqiV4aIMOosmQMqnLxXbA,0liZcBeGoLuzDIat1YXRZk,0.9958632653148815
2wqiV4aIMOosmQMqnLxXbA,3Hg1OJWwiNeKWX7suTNJ1Y,1.0422649304916327
2wqiV4aIMOosmQMqnLxXbA,5ynCNwoLOOHoJU4N40m97V,1.0457068592788517
10t0BfHUkq9iKZzOj4LY3c,3bMpVBHhoiVVNFUCgeme4P,0.8377942138508437
10t0BfHUkq9iKZzOj4LY3c,5ynCNwoLOOHoJU4N40m97V,0.8873098679775031
10t0BfHUkq9iKZzOj4LY3c,2FXckoxZCBeWvg3IaFd1EW,0.9092164907207007
10t0BfHUkq9iKZzOj4LY3c,1lZzyOyH9LSAWFjHKz9TT2,0.9140610332290096
10t0BfHUkq9iKZzOj4LY3c,2zYzyRzz6pRmhPzyfMEC8s,0.985081644696675
10t0BfHUkq9iKZzOj4LY3c,2wqiV4aIMOosmQMqnLxXbA,0.9887985630058668
10t0BfHUkq9iKZzOj4LY3c,6yQAwPJmFn0OBTKWOnQFfv,1.0764559055034184
10t0BfHUkq9iKZzOj4LY3c,2gEh41XUP3vI7kAjlEO92n,1.0868761784340388
10t0BfHUkq9iKZzOj4LY3c,7t1UzsIKRBXXVdwJRIaDxn,1.109465211427232
10t0BfHUkq9iKZzOj4LY3c,1GxXPNNkNymHPn6yTgWPxu,1.1145450905536034
5m4FuvMmLOnq7Gpt0ckAcf,3DY5GOnDQXNKP0fNXcnW2U,0.9982755508569124
5m4FuvMmLOnq7Gpt0ckAcf,3hp6JfJIxkv3sl7E6p7DQj,1.0598915606145694
5m4FuvMmLOnq7Gpt0ckAcf,1zx6GSqLYI2ynzAHnPRKBR,1.0970197670971715
5m4FuvMmLOnq7Gpt0ckAcf,2n0U2OG5d6TuW5mKx7YrC0,1.2339803731820258
5m4FuvMmLOnq7Gpt0ckAcf,2KZXF3p2o5oNl4dYme5zhH,1.2573112999784377
5m4FuvMmLOnq7Gpt0ckAcf,0ud4VAfTH1AOb904kWOTzJ,1.3406187687122715
5m4FuvMmLOnq7Gpt0ckAcf,7GkHIsnziYgk6j1lx2TK6H,1.34255635362065
5m4FuvMmLOnq7Gpt0ckAcf,2TJyrrGYcxSDod3MGKcwJj,1.3652735006691614
5m4FuvMmLOnq7Gpt0ckAcf,6FMonOQySdWYdgNshk6zSs,1.4547634868269614
5m4FuvMmLOnq7Gpt0ckAcf,4sakBPqSpuj6FJti1rPme7,1.4702387069116578
0vIkYCzLD9QH7w8m1dC8Mf,0vIkYCzLD9QH7w8m1dC8Mf,0.0
0vIkYCzLD9QH7w8m1dC8Mf,3Z4ZuDrY684IFTBz2ze708,0.7208884023350409
0vIkYCzLD9QH7w8m1dC8Mf,21kVD9H40rRQkGmcMi01Fl,1.14348499564815
0vIkYCzLD9QH7w8m1dC8Mf,6d1AuFOL1YBzLcruapNbZV,1.1907549503938435
0vIkYCzLD9QH7w8m1dC8Mf,4dk12UlAYNruc5pwHEXncR,1.1914754458169432
0vIkYCzLD9QH7w8m1dC8Mf,3bCp61o3h46Yvr0vgMJlaL,1.197384194337462
0vIkYCzLD9QH7w8m1dC8Mf,513qzL4sJwVPpzdc7AXZvH,1.2181423908965252
0vIkYCzLD9QH7w8m1dC8Mf,3jl1I9gvCXo5V9hu4hYGLY,1.2287813789347524
0vIkYCzLD9QH7w8m1dC8Mf,3lMGhsGVaAO37AKy5CV8HB,1.2362634260057925
0vIkYCzLD9QH7w8m1dC8Mf,3iTgKW7MWI0M0acyEoQXds,1.2411582322086523
40KeMi4kkYpAlT1VmjrxDb,4RvtzkdXmDOjbggr6pu9jR,0.5328700423339268
40KeMi4kkYpAlT1VmjrxDb,7b1XzNeXhfwGNJWE6gHFRz,0.8895812459667158
40KeMi4kkYpAlT1VmjrxDb,52pQ8Rn1Gh7CPV4fyKVfrV,1.0331705064680308
40KeMi4kkYpAlT1VmjrxDb,3wLPRjw2XQpmowqXUXb3UF,1.0484658322299965
40KeMi4kkYpAlT1VmjrxDb,2sgpYwWVQAXWetqtO9Kh24,1.109072612017946
40KeMi4kkYpAlT1VmjrxDb,4xHA5RyRlbVeT2sDslkczq,1.1494732168108384
40KeMi4kkYpAlT1VmjrxDb,09pr5CPnpXjEQKRqgI7ZnZ,1.172227812556059
40KeMi4kkYpAlT1VmjrxDb,50OIaK14Pr6ZwCmFfHZ0wB,1.1775681906734419
40KeMi4kkYpAlT1VmjrxDb,1c2vVx6knoiZHXbJJ9Mk8L,1.1792567766725708
40KeMi4kkYpAlT1VmjrxDb,0jwIgZRcbW2VjYuCbhKnX5,1.1815261240572683
67al4eD0HtTYVqw1BLcF2d,72Br67AOUPrirJtaMoXOUk,0.4392528711634195
67al4eD0HtTYVqw1BLcF2d,0XE4aVvC1rOGaS9jLpgsfv,1.2242682374881928
67al4eD0HtTYVqw1BLcF2d,5R3TXM4XqQYBZjMs7koHZT,1.2984270114264231
67al4eD0HtTYVqw1BLcF2d,2dDE3WCSj2cELFYO1IfECD,1.307253453065133
67al4eD0HtTYVqw1BLcF2d,2IkCJvsnygJFSoZV8nhQoq,1.3125833753387108
67al4eD0HtTYVqw1BLcF2d,3nX1nZJoLqfNSBq19RPGS4,1.3933396226918509
67al4eD0HtTYVqw1BLcF2d,2AJL5Z7SjjilD8fAFWp8uo,1.4520383266392378
67al4eD0HtTYVqw1BLcF2d,58zM8eyUWtoX4V3qpJ7pxC,1.5472544054538566
67al4eD0HtTYVqw1BLcF2d,0m3X8i1ggDvQOjtEL5CdV4,1.6431349002442162
67al4eD0HtTYVqw1BLcF2d,3mYCd23hPxJW5okSvMoy3x,1.6680001184597941
3I8w8mVY4KFBXbhcP5NqqH,1tbjeelOKIjolYNUNnPMAD,0.6097352496777885
3I8w8mVY4KFBXbhcP5NqqH,46cEIa1iQPSQLnPVP2hmVm,0.6944971642804487
3I8w8mVY4KFBXbhcP5NqqH,4wOqh7UiXe4jfbotAizdTu,0.7235600436363913
3I8w8mVY4KFBXbhcP5NqqH,3IKUuAJghlmAkjBKbXaGjS,1.0586719431696652
3I8w8mVY4KFBXbhcP5NqqH,7f9I5WdyXm5q1XqnSYgQZb,1.0620849900136036
3I8w8mVY4KFBXbhcP5NqqH,3znPiywA0q1VK2jgAZFDoI,1.075725007362709
3I8w8mVY4KFBXbhcP5NqqH,4CVOUJki8YUWol3jhLphgs,1.0931676576178886
3I8w8mVY4KFBXbhcP5NqqH,71fSn6OIF7HnCbgCzOBqpj,1.1158988056015617
3I8w8mVY4KFBXbhcP5NqqH,6nsdMJW0IU4pR3pEmo0LAI,1.193791943656479
3I8w8mVY4KFBXbhcP5NqqH,3mnZxecdxSU4ZXSxK522sV,1.2556591883197268
3ENn9ahP78mdUTHXDhnyFu,4qk8TRTKURbYICrtfAfDYr,0.5260358396313665
3ENn9ahP78mdUTHXDhnyFu,6VScORohpeHSfdLkPUZuZX,0.882918441986113
3ENn9ahP78mdUTHXDhnyFu,0yFjiqcf961CTPJIOxJtjZ,1.0034575530068774
3ENn9ahP78mdUTHXDhnyFu,0aIW3ekrhK1eh3BYCh11op,1.0057043757747441
3ENn9ahP78mdUTHXDhnyFu,52UDFFwUueOBfJ2vB5BqRr,1.013445061284151
3ENn9ahP78mdUTHXDhnyFu,5zFgBVbfMdfo6kCKm5hD6t,1.0271753543484814
3ENn9ahP78mdUTHXDhnyFu,3euQtj1nSUZsuOAAjH1LK8,1.0358481568651567
3ENn9ahP78mdUTHXDhnyFu,1ypx1v2k1cQFX0Vrda7nEl,1.037669955684427
3ENn9ahP78mdUTHXDhnyFu,2FsrKLHO91CaT8vvY85DD6,1.0924262895812236
3ENn9ahP78mdUTHXDhnyFu,6SP4AXgL3VCUTmdm7axe9C,1.1730417409230316
6wvWBHg6IWBIqs3eFUdNJx,47rsdYKDpxfxM41ELOzZhg,0.8611893805327926
6wvWBHg6IWBIqs3eFUdNJx,7bBEhjBUUHwkONgReD5xmB,1.227299932922903
6wvWBHg6IWBIqs3eFUdNJx,0nBXAd6tU3ESx9rdyEjGbD,1.2651432145362143
6wvWBHg6IWBIqs3eFUdNJx,7FxxBNwN27gcqRjzSE6T9N,1.4195537651229437
6wvWBHg6IWBIqs3eFUdNJx,1W0voVAoKVow8VhpwWBHl5,1.4247510421483836
6wvWBHg6IWBIqs3eFUdNJx,3fjhdbUop7FSLTyD8wHMD2,1.4720896055805337
6wvWBHg6IWBIqs3eFUdNJx,5bBt3WYHKsMVfbGhAPuQHF,1.5075447685484518
6wvWBHg6IWBIqs3eFUdNJx,3ENn9ahP78mdUTHXDhnyFu,1.5501474279677598
6wvWBHg6IWBIqs3eFUdNJx,6VScORohpeHSfdLkPUZuZX,1.5655044275881436
6wvWBHg6IWBIqs3eFUdNJx,6ohVFU3E1i5Ke7k37vtDdS,1.585180192984521
3BHR1mJOqn2UZyq98YKPgd,4oglYe270D9yn6Gc0JWc03,1.3188205609005355
3BHR1mJOqn2UZyq98YKPgd,249e2fS064cOwvWXm4JU28,1.4419118233137658
3BHR1mJOqn2UZyq98YKPgd,3W1wvz416f8ZaGJyTlaCBq,1.558450446561027
3BHR1mJOqn2UZyq98YKPgd,7H4baUrCPnLkLOl6o9zkMO,1.8619222628682854
3BHR1mJOqn2UZyq98YKPgd,1hP0hDL5VREpThmMOa1pta,2.0252289114074093
3BHR1mJOqn2UZyq98YKPgd,6Vb1LGvWPpP3aeuRcp098D,2.0605166565704085
3BHR1mJOqn2UZyq98YKPgd,19EZKr7Kf0XWCcspyWL8Rp,2.155749571411119
3BHR1mJOqn2UZyq98YKPgd,20Laa9YU8RVHZ9iGKMeM7w,2.165282610586309
3BHR1mJOqn2UZyq98YKPgd,0bIgZAoXlENJVhVCt838Az,2.1677140835724527
3BHR1mJOqn2UZyq98YKPgd,6NWjTke7IJDThX8ze3DUJN,2.2194786557799007
2jcMktZrayNaiWRnRmItnY,6Z0gK8Fp0AqS9EX8Icp4hj,0.8951828660750912
2jcMktZrayNaiWRnRmItnY,6d1AuFOL1YBzLcruapNbZV,0.982806999589944
2jcMktZrayNaiWRnRmItnY,4dk12UlAYNruc5pwHEXncR,0.995840798324138
2jcMktZrayNaiWRnRmItnY,3rXgbjVLoaHEUq82dbCP0f,1.0575641904433242
2jcMktZrayNaiWRnRmItnY,0wUxh6XMc698xPCfgBaPRV,1.0861000495292152
2jcMktZrayNaiWRnRmItnY,0OwEskGUqCMgkSY7JkJS7x,1.134571392126968
2jcMktZrayNaiWRnRmItnY,4DHkzbZSWxsCsvRoEzr28A,1.143248679161859
2jcMktZrayNaiWRnRmItnY,5XCtjnFMKtCT7ycDwV3Kdh,1.1459864762000314
2jcMktZrayNaiWRnRmItnY,71wciO7F9Ro8J4vq1lvfru,1.1476430976847445
2jcMktZrayNaiWRnRmItnY,2aX1zws7bVjTLbS1cYZK2W,1.1875330693643544
40eZosWnfFnCPyk94awG7a,2TJyrrGYcxSDod3MGKcwJj,0.7900280118617251
40eZosWnfFnCPyk94awG7a,4sakBPqSpuj6FJti1rPme7,0.9646614141057013
40eZosWnfFnCPyk94awG7a,2KZXF3p2o5oNl4dYme5zhH,1.162020782025425
40eZosWnfFnCPyk94awG7a,22Yk1yPGtoAaJMUJEFlco2,1.4001156734549167
40eZosWnfFnCPyk94awG7a,6FMonOQySdWYdgNshk6zSs,1.621086411805191
40eZosWnfFnCPyk94awG7a,0dpjuJLetnheYPSzLiQR62,1.6873447531310357
40eZosWnfFnCPyk94awG7a,5Z4ZRi6fMaqM4gW3VrTxfk,1.6976522223582993
40eZosWnfFnCPyk94awG7a,0uI5SsM7gMEDD2emqmCsKA,1.7582270814391279
40eZosWnfFnCPyk94awG7a,66ERrn57fmkbOq9zhELGPv,1.8009361569117461
40eZosWnfFnCPyk94awG7a,5m4FuvMmLOnq7Gpt0ckAcf,1.8820343885081907
7Gc9OoiYsUrByC8tzD7kYY,5QvW5lK6mkfTegpAK9JOO7,0.6663311056722228
7Gc9OoiYsUrByC8tzD7kYY,4k2iYdpCZYH3eQX2bVKOku,1.1004779855458995
7Gc9OoiYsUrByC8tzD7kYY,7vrLphPq4yjaX7jiDdd2Nc,1.1994148876688724
7Gc9OoiYsUrByC8tzD7kYY,3QqImhDBzvbGF5Ckj5VnT2,1.2262035357625716
7Gc9OoiYsUrByC8tzD7kYY,6oP3qa2MyQjxW8YQQdPBq9,1.266431203311596
7Gc9OoiYsUrByC8tzD7kYY,3znPiywA0q1VK2jgAZFDoI,1.3123652953008713
7Gc9OoiYsUrByC8tzD7kYY,21kVD9H40rRQkGmcMi01Fl,1.3179260689907537
7Gc9OoiYsUrByC8tzD7kYY,5bdXzykQmyiUB91lqrNvOC,1.3426292493885736
7Gc9OoiYsUrByC8tzD7kYY,09obJ3DFME6R9uIZYPZxhG,1.3833026686916918
7Gc9OoiYsUrByC8tzD7kYY,0ZeKQudydO2uQJpfr6gNC8,1.4136125712391274
1VhGRC4yzcDFBM4yQSpUGg,0cocZBknjka59p58FOdqef,0.7799444123427367
1VhGRC4yzcDFBM4yQSpUGg,5jvwBfP3afteHaLNrPrUCN,0.9165713127449465
1VhGRC4yzcDFBM4yQSpUGg,4mUiW3rsg9kicTIYwjwSsG,0.9165713127449465
1VhGRC4yzcDFBM4yQSpUGg,25xhL1egtULWxHD5YDJ9XY,1.050937923639088
1VhGRC4yzcDFBM4yQSpUGg,0m4jVVZrsv0bLkAr1uM6UG,1.0645865943046584
1VhGRC4yzcDFBM4yQSpUGg,1pIMxRddmCGalHnRbLFkWg,1.3196490263459653
1VhGRC4yzcDFBM4yQSpUGg,6RNDeRnWsRMjPdNVgupZCs,1.328677833551815
1VhGRC4yzcDFBM4yQSpUGg,5Gox2FHWcB882eGsRIkdrt,1.3448675458563593
1VhGRC4yzcDFBM4yQSpUGg,6GfqNqXkAofNOakU77MWEb,1.3647745680725412
1VhGRC4yzcDFBM4yQSpUGg,3kUYO8UMNxuOCPuERmQYKa,1.3671674661631197
58pYOqfeO87Uk8zPHuOGBu,0uukw2CgEIApv4IWAjXrBC,0.9623658071601492
58pYOqfeO87Uk8zPHuOGBu,5Cpk0Hg5KSUmm0BdyIkVVW,1.1172801942091146
58pYOqfeO87Uk8zPHuOGBu,43ueXmQ6KjITk0hKKOPOLA,1.1442659377601185
58pYOqfeO87Uk8zPHuOGBu,3Hg1OJWwiNeKWX7suTNJ1Y,1.2919119700443218
58pYOqfeO87Uk8zPHuOGBu,5ynCNwoLOOHoJU4N40m97V,1.297060286341391
58pYOqfeO87Uk8zPHuOGBu,2wqiV4aIMOosmQMqnLxXbA,1.313327364041371
58pYOqfeO87Uk8zPHuOGBu,2gEh41XUP3vI7kAjlEO92n,1.3390353127736223
58pYOqfeO87Uk8zPHuOGBu,0Q5OUoMBRrbQIYb3TZnzQe,1.3423163142213859
58pYOqfeO87Uk8zPHuOGBu,7xuu4ByQkm8qhnwJQk994r,1.382535232353124
58pYOqfeO87Uk8zPHuOGBu,6rSNgGImNmGPcosJiPLgzs,1.4256688086018265
5yHfBb0WQaED1bdLugCuha,0xdYzkbBBfTevSyOJqWUSX,1.1590967404614656
5yHfBb0WQaED1bdLugCuha,3cyN4BZhcTdZyTMcqaCDb3,1.170798142636713
5yHfBb0WQaED1bdLugCuha,4sKGkVi8boc00JTpw7aVB7,1.313798748595701
5yHfBb0WQaED1bdLugCuha,0pZPObivxzE2M6AnzezZWH,1.3219059508751747
5yHfBb0WQaED1bdLugCuha,3FX9rMHZqWTpv5ZTR7TkpB,1.343801404938273
5yHfBb0WQaED1bdLugCuha,1VAhH6Qrtod1cKtGjHcUtB,1.3465338444433863
5yHfBb0WQaED1bdLugCuha,6k3lATWmM3Z9TJvrzDHfga,1.352408198285322
5yHfBb0WQaED1bdLugCuha,3jumxkobNDisdRz27CxhOF,1.3621235971488455
5yHfBb0WQaED1bdLugCuha,0cocZBknjka59p58FOdqef,1.4018278959419208
5yHfBb0WQaED1bdLugCuha,45FR60U6pxNbiQkA8BOhBD,1.4150816760814313
5ee2y1hdrYRYlGzKfkQdBw,2Racq7HrXkYvF8w9zXvlTp,0.7297492692937089
5ee2y1hdrYRYlGzKfkQdBw,5nSdJRpyM8OkYOVGa5rlsw,0.9285479513350159
5ee2y1hdrYRYlGzKfkQdBw,7oS2EnBWSHxzR2m6CxNJYA,0.961745859910749
5ee2y1hdrYRYlGzKfkQdBw,0UIrLwFq3cvTg5vBMmlfjp,1.0009215855765359
5ee2y1hdrYRYlGzKfkQdBw,0EmYZZ8OqeALedVhijSjsg,1.006563693382989
5ee2y1hdrYRYlGzKfkQdBw,7rVw4gyhclOgTIrFCtI3ZG,1.0279946638917237
5ee2y1hdrYRYlGzKfkQdBw,4hQ6UGyWQIGJmHSo0J88JW,1.0332860416241523
5ee2y1hdrYRYlGzKfkQdBw,6F4w6yDhupUdnrx1U6AiUg,1.0617586692223373
5ee2y1hdrYRYlGzKfkQdBw,6Q3FXpvUNVHiWHU3xVMnQR,1.095616039119827
5ee2y1hdrYRYlGzKfkQdBw,7xs1ksUAb2XswNWJjeyt7V,1.1131431261670863
4S4qLTfC7kXxIMEB9xuGnw,6LyA7ACKgmVyPfiuIwC5E0,1.0232998390173489
4S4qLTfC7kXxIMEB9xuGnw,6IVXCSCTZOqUDDuGA5vUwH,1.1575095905989354
4S4qLTfC7kXxIMEB9xuGnw,0oo6NX5bPcqUbX7eJtoslO,1.5639636832561503
4S4qLTfC7kXxIMEB9xuGnw,5Cpk0Hg5KSUmm0BdyIkVVW,1.6727069257737137
4S4qLTfC7kXxIMEB9xuGnw,7AtwQRLPdttsxcLM5tPL0t,1.7241516334691187
4S4qLTfC7kXxIMEB9xuGnw,68JioFRhzBZrpbON6KI6Zq,1.7600475452038382
4S4qLTfC7kXxIMEB9xuGnw,0Q5OUoMBRrbQIYb3TZnzQe,1.772662856052944
4S4qLTfC7kXxIMEB9xuGnw,4RyifJbF8JhMtFdR2Bzslt,1.7774449718389018
4S4qLTfC7kXxIMEB9xuGnw,0CxXdYtBAWzE58Inc2Zius,1.7943816186030934
4S4qLTfC7kXxIMEB9xuGnw,4OMgqSsMbVhPCFnivcNAqh,1.8518791322611667
6Q4RJGUzVQym5RL5iq6627,4MNXKskyfqES2LAlbrrRbV,1.0027742039672685
6Q4RJGUzVQym5RL5iq6627,7F4jKReNs1h8ujuz02Rsji,1.004076355656423
6Q4RJGUzVQym5RL5iq6627,7xs1ksUAb2XswNWJjeyt7V,1.068197584069209
6Q4RJGUzVQym5RL5iq6627,2NaU7cuWOBIOPA2nBJ06Hd,1.1324391950842674
6Q4RJGUzVQym5RL5iq6627,0U7SRbyBhkdXdulXr3veKQ,1.1853127256177987
6Q4RJGUzVQym5RL5iq6627,19EZKr7Kf0XWCcspyWL8Rp,1.1866445566498398
6Q4RJGUzVQym5RL5iq6627,6vpyvi70JNqAJa9IqNx8qy,1.2040823957032776
6Q4RJGUzVQym5RL5iq6627,6ecXZdsvfOQjjQcVNs4WkN,1.2197248636008238
6Q4RJGUzVQym5RL5iq6627,0bIgZAoXlENJVhVCt838Az,1.2399837754950003
6Q4RJGUzVQym5RL5iq6627,1Ip5p31SowqjJLo2ss1afJ,1.2631226027646587
4DpgPdsES4Hxdz3eqOP3Ac,6pAIDhDoB7k4bOsxbQjycO,1.3464615535498603
4DpgPdsES4Hxdz3eqOP3Ac,7grNHTSADMlLZ96mH4wI85,1.6164526292224581
4DpgPdsES4Hxdz3eqOP3Ac,7C3lbQVR3vlo8WCHNiwycv,1.660768328644627
4DpgPdsES4Hxdz3eqOP3Ac,3dRjPo78q6rb7vaRElKNRl,1.7974306168645107
4DpgPdsES4Hxdz3eqOP3Ac,1nBDeSiqD2z1ofv9hEttfi,1.9417433947218363
4DpgPdsES4Hxdz3eqOP3Ac,1hOqxeZappRsi9FAmBUCpS,1.9520912832388586
4DpgPdsES4Hxdz3eqOP3Ac,1VtPE3YY4Uc9KCaQATcVJh,1.956154106848725
4DpgPdsES4Hxdz3eqOP3Ac,1Db4Qa67eYC7MxnCqFvRQj,2.024308450514082
4DpgPdsES4Hxdz3eqOP3Ac,6ZRwn9JqdtRQyrHT0tKIgy,2.180590213501346
4DpgPdsES4Hxdz3eqOP3Ac,6qfnPUcs1Qba8eePYBPu8X,2.2164161383942464
4siZLgCKM0IKnD1ek6Bt4d,32Dc90Bn6NCKMPmdfprhFq,0.9383197769715274
4siZLgCKM0IKnD1ek6Bt4d,2n0U2OG5d6TuW5mKx7YrC0,1.164861117149873
4siZLgCKM0IKnD1ek6Bt4d,0ud4VAfTH1AOb904kWOTzJ,1.215443124723809
4siZLgCKM0IKnD1ek6Bt4d,3I9tSAQMVzAuX8QQUBG9rP,1.2204664062496178
4siZLgCKM0IKnD1ek6Bt4d,2RfncplwWMhuFY7nv2Dwwa,1.2248383921680066
4siZLgCKM0IKnD1ek6Bt4d,4pY65PI8PkbRumQpEoxElV,1.2612315690807534
4siZLgCKM0IKnD1ek6Bt4d,0ZgMBZeFQC8Jja48NuDaSC,1.3056879735517557
4siZLgCKM0IKnD1ek6Bt4d,3Pxapn7Bs6jmvPYZl2DDcc,1.3411169573447363
4siZLgCKM0IKnD1ek6Bt4d,1Ip5p31SowqjJLo2ss1afJ,1.3882930772298014
4siZLgCKM0IKnD1ek6Bt4d,2ANvtgV1j5Ba4d4WTYnQkQ,1.4552996912794418
6T0e1wKkONiIZQ1FTjMlGZ,21kVD9H40rRQkGmcMi01Fl,0.6140704885866792
6T0e1wKkONiIZQ1FTjMlGZ,6oP3qa2MyQjxW8YQQdPBq9,0.7330981647294911
6T0e1wKkONiIZQ1FTjMlGZ,4X6kRZnZM8mZPkeMUmn8G6,0.8866521186678901
6T0e1wKkONiIZQ1FTjMlGZ,02HdjmfXq1F2OsX6yPg86n,1.0884071154036374
6T0e1wKkONiIZQ1FTjMlGZ,06Q3gof2rs8ErXzBrW1aVg,1.0911835498972249
6T0e1wKkONiIZQ1FTjMlGZ,7G8hUONVhvJnkD3Ak8mNF1,1.1154993743865023
6T0e1wKkONiIZQ1FTjMlGZ,2GOVk9VRBmLVEyHSdZYPEN,1.1225987746174049
6T0e1wKkONiIZQ1FTjMlGZ,6Z0gK8Fp0AqS9EX8Icp4hj,1.1372670768112756
6T0e1wKkONiIZQ1FTjMlGZ,5nSdJRpyM8OkYOVGa5rlsw,1.1560573445935802
6T0e1wKkONiIZQ1FTjMlGZ,60Cohjy8lgh1jIkTpGz9S1,1.203982977801024
51QsdN4xBmkLhtqNi0J40l,0q7LR23IYycIYTUJuTrQiF,1.0369034011305471
51QsdN4xBmkLhtqNi0J40l,0ggkHZbFGmofl9743xx6JO,1.3934416396689293
51QsdN4xBmkLhtqNi0J40l,3TeGnh9c51Du7BHtRkOeS6,1.467043151405574
51QsdN4xBmkLhtqNi0J40l,42r0LZ9g8gq4afWztSw54k,1.65587439595678
51QsdN4xBmkLhtqNi0J40l,1rfPKTKzzDaz1lDjadZVqb,1.7247697958997164
51QsdN4xBmkLhtqNi0J40l,6a6hIUCbzYNQgxGFae2iBX,1.781694843100475
51QsdN4xBmkLhtqNi0J40l,3pmYp7wfaDfr5OwHoxAR9K,1.8263984916001519
51QsdN4xBmkLhtqNi0J40l,4nWxif1dt6FCg4GFZcPIbO,1.9265721682680068
51QsdN4xBmkLhtqNi0J40l,2wo4Pc7bsWb5rJpG3pESt3,1.941410837579957
51QsdN4xBmkLhtqNi0J40l,4X91MJx5PaKwlYnnldv1OZ,1.9573487776532859
3mZQAM3IZdrzs61VoRe5wa,7nMBN3eKuRfcQGEnzDeNKP,0.6959080117697066
3mZQAM3IZdrzs61VoRe5wa,3Ye0P7D5bGfuDmTCKJuWxy,0.8116735618164723
3mZQAM3IZdrzs61VoRe5wa,7pIizKkImgo7jAZnbpFF2R,1.055574205403384
3mZQAM3IZdrzs61VoRe5wa,3Hg1OJWwiNeKWX7suTNJ1Y,1.2780251795500104
3mZQAM3IZdrzs61VoRe5wa,6mSDD3nBMVP0ZwJoLakFYo,1.4145619785983232
3mZQAM3IZdrzs61VoRe5wa,2fyIS6GXMgUcSv4oejx63f,1.4325796269036866
3mZQAM3IZdrzs61VoRe5wa,47k1Cbink0USdP1eDmGjFj,1.4622030226133718
3mZQAM3IZdrzs61VoRe5wa,0wUxh6XMc698xPCfgBaPRV,1.4744987528845968
3mZQAM3IZdrzs61VoRe5wa,0jNRJBmHgJDOmiIvk10J9C,1.501889760228814
3mZQAM3IZdrzs61VoRe5wa,5QLndwpuydTkQow1127Rxr,1.5248879080663489
5mwkHxbdWcUVHWxp3cEqvy,3dRjPo78q6rb7vaRElKNRl,1.4253309874897495
5mwkHxbdWcUVHWxp3cEqvy,7grNHTSADMlLZ96mH4wI85,1.4729871315435683
5mwkHxbdWcUVHWxp3cEqvy,1VtPE3YY4Uc9KCaQATcVJh,1.6084303705448957
5mwkHxbdWcUVHWxp3cEqvy,7C3lbQVR3vlo8WCHNiwycv,1.713524492166729
5mwkHxbdWcUVHWxp3cEqvy,1VEO3XUn4W2dCCB0mCA5DG,1.8411313304495005
5mwkHxbdWcUVHWxp3cEqvy,1fdDasmoFSBRdsuCLL3ger,1.8604657069811643
5mwkHxbdWcUVHWxp3cEqvy,6pAIDhDoB7k4bOsxbQjycO,1.8716677738381902
5mwkHxbdWcUVHWxp3cEqvy,1XLe4yeCt8cFemyxnICcZN,1.9098936561864446
5mwkHxbdWcUVHWxp3cEqvy,37nppJzOgypngu1szTRD06,1.9337330476679204
5mwkHxbdWcUVHWxp3cEqvy,3J5rWdL10nRlpP0TVXjhea,1.9447279107209405
4ScVI88WynvZ1avtN2rScK,10aDiDITMu33TQNqVR35iM,1.4396232013402261
4ScVI88WynvZ1avtN2rScK,4jWXXlguqZ8zhRvxOxmp9j,1.526727022565587
4ScVI88WynvZ1avtN2rScK,5inWUDecQMC4l2eOFzaIaf,1.5558453693618293
4ScVI88WynvZ1avtN2rScK,0fea68AdmYNygeTGI4RC18,1.713955171602087
4ScVI88WynvZ1avtN2rScK,5dy25rHjyfAbpkHDI9yfTY,1.9060215231366937
4ScVI88WynvZ1avtN2rScK,4Xn89qH8uKOumgvAGSvY3U,2.0023860593159126
4ScVI88WynvZ1avtN2rScK,7rMB3EFvXYfXvkw7BBLoX1,2.1121741755120165
4ScVI88WynvZ1avtN2rScK,2W6MQ9T5sIIN7b6i0IIjfu,2.199769252053544
4ScVI88WynvZ1avtN2rScK,0VvlSQ6yIwlKw5MCFU0lZv,2.2282045726792896
4ScVI88WynvZ1avtN2rScK,4BedjJsVJvrmSnVr8rLcSU,2.2605298820814905
09pr5CPnpXjEQKRqgI7ZnZ,4PdNeARTAYoZCwdhJninRq,0.5739967813463558
09pr5CPnpXjEQKRqgI7ZnZ,36EVGjdLX0x5SlM1GaL6f0,0.628858501521408
09pr5CPnpXjEQKRqgI7ZnZ,1LrxmgC6pg5RAYGJ2FQWv0,0.6369567988958429
09pr5CPnpXjEQKRqgI7ZnZ,6SdAztAqklk1zAmUHhU4N7,0.6447802763326449
09pr5CPnpXjEQKRqgI7ZnZ,2sgpYwWVQAXWetqtO9Kh24,0.6969214323299269
09pr5CPnpXjEQKRqgI7ZnZ,4hRr4NjbQvJlvmUKttEAqX,0.8310629462221597
09pr5CPnpXjEQKRqgI7ZnZ,7AeKwxmlwwLFOF8D7M3Anb,0.8505156456112357
09pr5CPnpXjEQKRqgI7ZnZ,1wxw8BkVBHfBEiqm69rA48,0.8681833841354333
09pr5CPnpXjEQKRqgI7ZnZ,1byfhRPkrLvnQ4ib1SWNxQ,0.9740694884831447
09pr5CPnpXjEQKRqgI7ZnZ,1c2vVx6knoiZHXbJJ9Mk8L,1.0013696573655322
5JvVChAko7GrMH290fetnq,6txgVVRJkvrSfcOQJIMFbf,0.8136842790253587
5JvVChAko7GrMH290fetnq,34nDmYlzfXjBoiWl9XoCUU,0.9099408006738344
5JvVChAko7GrMH290fetnq,4v5aGcoGfj22PEr53NJOHN,1.025482349032832
5JvVChAko7GrMH290fetnq,53mYqKfg39Sq3IpS2ywGfM,1.0822674629616473
5JvVChAko7GrMH290fetnq,4WCywozuuSXGl3CscRHVD5,1.3532925946928671
5JvVChAko7GrMH290fetnq,2FXckoxZCBeWvg3IaFd1EW,1.4520502899470276
5JvVChAko7GrMH290fetnq,3BOJ6BFjwbixqQM8J4hgYA,1.5128259849199333
5JvVChAko7GrMH290fetnq,7AtwQRLPdttsxcLM5tPL0t,1.5349766324061496
5JvVChAko7GrMH290fetnq,6KMbJSTSecyfoD5NgXiQvh,1.5521590639340297
5JvVChAko7GrMH290fetnq,2QxzpDE6uQPy17dhBTQgpu,1.6069929193238852
5jhIWm2hXdVQJaRDE9AGhW,1byfhRPkrLvnQ4ib1SWNxQ,0.5835878411411071
5jhIWm2hXdVQJaRDE9AGhW,4q6ZHerrtO7gcF67KFX0BF,0.6658597454248292
5jhIWm2hXdVQJaRDE9AGhW,2C6fzRAlaWOhKCOsn5a0Nk,0.8827025474056883
5jhIWm2hXdVQJaRDE9AGhW,4vdg59Hg8I6u6MDkga5y2R,0.892917123673219
5jhIWm2hXdVQJaRDE9AGhW,1kG7gfH4HDUlDht0VZYkiP,0.951295658133959
5jhIWm2hXdVQJaRDE9AGhW,54SQet8YMttOgTqDNGcGpe,1.0017881369141568
5jhIWm2hXdVQJaRDE9AGhW,2sgpYwWVQAXWetqtO9Kh24,1.0131000934435814
5jhIWm2hXdVQJaRDE9AGhW,5A7HJmgaZU0buq4hpuqZ4Q,1.0566366690314426
5jhIWm2hXdVQJaRDE9AGhW,09pr5CPnpXjEQKRqgI7ZnZ,1.0729392607758792
5jhIWm2hXdVQJaRDE9AGhW,1DqAeuDzc5uUQeAggxmZk5,1.0733735459662523
0XmvrI2Fczr9zkvgQvqeNx,34vrK3lgywolG3SVyglWax,1.0290320925793717
0XmvrI2Fczr9zkvgQvqeNx,0ggkHZbFGmofl9743xx6JO,1.5996291700172955
0XmvrI2Fczr9zkvgQvqeNx,293xyTq2gy7G5PFaMeBbmd,1.69576811836112
0XmvrI2Fczr9zkvgQvqeNx,3pmYp7wfaDfr5OwHoxAR9K,1.878885875754105
0XmvrI2Fczr9zkvgQvqeNx,7GCfKBpY3l2n3LAhsqjBtO,1.9028500301419853
0XmvrI2Fczr9zkvgQvqeNx,3TeGnh9c51Du7BHtRkOeS6,1.946429096316493
0XmvrI2Fczr9zkvgQvqeNx,42r0LZ9g8gq4afWztSw54k,2.166102492469049
0XmvrI2Fczr9zkvgQvqeNx,0bjsMl6oNTuvem3dvX2tDs,2.3766176737638594
0XmvrI2Fczr9zkvgQvqeNx,5Dj4dtQ0HXxvKRdzqELup0,2.4729731695244106
0XmvrI2Fczr9zkvgQvqeNx,0q7LR23IYycIYTUJuTrQiF,2.5089611517902415
5sJCZacFx35j9g7lAaYTmg,5Ims37RILnoKgwv4ih2UKD,1.6684296590418286
5sJCZacFx35j9g7lAaYTmg,7n5Jcqw85WSfJHrMXsk5N2,1.7081863275759943
5sJCZacFx35j9g7lAaYTmg,0obvnPQaTe8fRAQHWyOWBv,1.7893667384987078
5sJCZacFx35j9g7lAaYTmg,2QZHLFuN2hW8eaTTILNSEC,2.0060330803273083
5sJCZacFx35j9g7lAaYTmg,2sKchp54KqDz6jPofHZ66t,2.0268685476493093
5sJCZacFx35j9g7lAaYTmg,12DuRrlFSqJyAtfN0YauMz,2.0857925382954523
5sJCZacFx35j9g7lAaYTmg,57WO3RacxniSNSeHwcrkVZ,2.1079605256246503
5sJCZacFx35j9g7lAaYTmg,4paK7VQa8HRYPSF2hvC4LQ,2.15096138311982
5sJCZacFx35j9g7lAaYTmg,1tJPPxQ18pJL0MnfS4nQZn,2.1855413239231134
5sJCZacFx35j9g7lAaYTmg,5r5cp9IpziiIsR6b93vcnQ,2.2479763397927988
5fdr0qZcygx9NFbIhFDcaH,0j6zVHUhezcz02iLhmpy2e,0.6326555181557588
5fdr0qZcygx9NFbIhFDcaH,22tot0Y6uKuWdAZnEQyB6g,0.6756366864210768
5fdr0qZcygx9NFbIhFDcaH,1wxw8BkVBHfBEiqm69rA48,0.7112413862007798
5fdr0qZcygx9NFbIhFDcaH,33Z21GrqIGKlxF7hrz9bLd,0.8909363273716154
5fdr0qZcygx9NFbIhFDcaH,28DlaPydCnrs8NxYOnUPZ8,0.9031128835811462
5fdr0qZcygx9NFbIhFDcaH,7kzKAuUzOITUauHAhoMoxA,0.9259901463638647
5fdr0qZcygx9NFbIhFDcaH,1DqAeuDzc5uUQeAggxmZk5,0.9351010584487963
5fdr0qZcygx9NFbIhFDcaH,2GOVk9VRBmLVEyHSdZYPEN,0.947193216299064
5fdr0qZcygx9NFbIhFDcaH,0OGw7V8wAI6OsZIQ12JkTP,0.9824148928876762
5fdr0qZcygx9NFbIhFDcaH,36EVGjdLX0x5SlM1GaL6f0,0.984558824304725
7rhVGmZnwvqg2z2JJedkMX,7fK3FuYZP6fqlavub180ij,0.7149532874194228
7rhVGmZnwvqg2z2JJedkMX,4n3mp3DC7JrdXYJCDdwKhd,1.173826030441107
7rhVGmZnwvqg2z2JJedkMX,5BUq9bdtsm3LWw5laJeJ4R,1.233898815768786
7rhVGmZnwvqg2z2JJedkMX,4E93IPDPbaNJUDTpur3V63,1.2541280947039541
7rhVGmZnwvqg2z2JJedkMX,3fnL2JDgy4QD04araOl0eY,1.4696627781781206
7rhVGmZnwvqg2z2JJedkMX,6RWhxVhLfVNxvE3ubp97SN,1.4805412558766748
7rhVGmZnwvqg2z2JJedkMX,7n4Y9BCKLHi4hqI2NctuAq,1.5300345812047855
7rhVGmZnwvqg2z2JJedkMX,5frWFPeKH8Pam3rKLFCytt,1.532816363810263
7rhVGmZnwvqg2z2JJedkMX,3iOcbCxe0jW1XrlFb0rvj2,1.535380254748627
7rhVGmZnwvqg2z2JJedkMX,7GwYyLNFyAsSsmt2aa0z6u,1.5698640877549295
53mYqKfg39Sq3IpS2ywGfM,4v5aGcoGfj22PEr53NJOHN,0.8801883255372398
53mYqKfg39Sq3IpS2ywGfM,5JvVChAko7GrMH290fetnq,1.0822674629616473
53mYqKfg39Sq3IpS2ywGfM,4WCywozuuSXGl3CscRHVD5,1.1034508219405177
53mYqKfg39Sq3IpS2ywGfM,3g3Ht5QpT6uPLmAmDVQOjj,1.2046051050152085
53mYqKfg39Sq3IpS2ywGfM,3BOJ6BFjwbixqQM8J4hgYA,1.3736598264679256
53mYqKfg39Sq3IpS2ywGfM,6txgVVRJkvrSfcOQJIMFbf,1.3902717160676854
53mYqKfg39Sq3IpS2ywGfM,0OwEskGUqCMgkSY7JkJS7x,1.4789777918685523
53mYqKfg39Sq3IpS2ywGfM,6KMbJSTSecyfoD5NgXiQvh,1.4861889772605563
53mYqKfg39Sq3IpS2ywGfM,34nDmYlzfXjBoiWl9XoCUU,1.533757911660978
53mYqKfg39Sq3IpS2ywGfM,3mnZxecdxSU4ZXSxK522sV,1.5391232861961397
67cR7hkzHhFAdg1UzPM3Xz,0m4jVVZrsv0bLkAr1uM6UG,0.9048081159972631
67cR7hkzHhFAdg1UzPM3Xz,0kI4AfCbkK5MP2B7Xgh6kB,1.0538318453904887
67cR7hkzHhFAdg1UzPM3Xz,7eEL9KyVPyH1lqqgoEIvxZ,1.068393791614699
67cR7hkzHhFAdg1UzPM3Xz,25xhL1egtULWxHD5YDJ9XY,1.0786143654528904
67cR7hkzHhFAdg1UzPM3Xz,2FsrKLHO91CaT8vvY85DD6,1.1287097633473617
67cR7hkzHhFAdg1UzPM3Xz,6tBt0o5KS4xYaC7aKd7RY0,1.1656369891461698
67cR7hkzHhFAdg1UzPM3Xz,3I9tSAQMVzAuX8QQUBG9rP,1.1725765351773467
67cR7hkzHhFAdg1UzPM3Xz,040wa7JKXeVWLjkVYHxtQe,1.185799887097769
67cR7hkzHhFAdg1UzPM3Xz,00nQri79W2dxFkWmXISlLh,1.1950652762231386
67cR7hkzHhFAdg1UzPM3Xz,6tvlaXBPNl1bu7NZsbbn9R,1.204116190055486
7uBdncahX0bULWkpaDax8y,1OyOTy8cZ5TGbMaHpfrQpY,0.8348299307065291
7uBdncahX0bULWkpaDax8y,6RNDeRnWsRMjPdNVgupZCs,0.9752025087423251
7uBdncahX0bULWkpaDax8y,006Bi4j0yzwOc3y69GOlYV,1.0600394287787087
7uBdncahX0bULWkpaDax8y,45FR60U6pxNbiQkA8BOhBD,1.0685653189219024
7uBdncahX0bULWkpaDax8y,5frWFPeKH8Pam3rKLFCytt,1.1283071356705745
7uBdncahX0bULWkpaDax8y,0mtn3uti60qnEwTJJIQ29v,1.179418887424218
7uBdncahX0bULWkpaDax8y,20McUFi8KCIVdNDLrkTDuZ,1.1950760999087735
7uBdncahX0bULWkpaDax8y,6qFWAs54gSDIUh0J9XY8qx,1.2234819606422302
7uBdncahX0bULWkpaDax8y,52aj920Nd9VlhlehQVsfwS,1.2428231205118276
7uBdncahX0bULWkpaDax8y,2Oa4PQ6WVqng8AnB7Gbabs,1.2638845030901427
0TpTOzLGB3JrMhpkpq3u9y,1zc9mfxeNZ6HiSxRzY7JIA,1.2072243351933882
0TpTOzLGB3JrMhpkpq3u9y,5BsfHrHZtp17H7pVvZqnX4,1.3630715704254954
0TpTOzLGB3JrMhpkpq3u9y,0Z7nVJmfPLRjhtStJZh4hm,1.5700525914850743
0TpTOzLGB3JrMhpkpq3u9y,1SEZDfakTMMmUcHildSzsx,1.6133061871169312
0TpTOzLGB3JrMhpkpq3u9y,6X75beLYymFGvrw5Ocqflq,1.6138727517007327
0TpTOzLGB3JrMhpkpq3u9y,7IZ7SwZfnXMKKwMIGdE6o8,1.69169990652719
0TpTOzLGB3JrMhpkpq3u9y,2d25mcKl3CYuBsYPi6cAMi,1.7358216493350798
0TpTOzLGB3JrMhpkpq3u9y,5KWAPzQjXdavsii32pBUmp,1.7522641290368581
0TpTOzLGB3JrMhpkpq3u9y,2bTESUiaqSWDvyW9zSA6xG,1.7554425961113034
0TpTOzLGB3JrMhpkpq3u9y,2HKTVg3VL4LULPp7F8SUQa,1.7605715913211208
0cocZBknjka59p58FOdqef,1VhGRC4yzcDFBM4yQSpUGg,0.7799444123427367
0cocZBknjka59p58FOdqef,3kUYO8UMNxuOCPuERmQYKa,0.9024305653932382
0cocZBknjka59p58FOdqef,1sKt4HswC1nmkjuhhG0KFt,0.9707146467578625
0cocZBknjka59p58FOdqef,6qOCyu8agpod9VK4EdZqzt,1.0962097387637095
0cocZBknjka59p58FOdqef,5H3JW2JiQG432dldneCyW1,1.1089031259998978
0cocZBknjka59p58FOdqef,5frWFPeKH8Pam3rKLFCytt,1.1494730760428782
0cocZBknjka59p58FOdqef,5jvwBfP3afteHaLNrPrUCN,1.1659262903887304
0cocZBknjka59p58FOdqef,4mUiW3rsg9kicTIYwjwSsG,1.1659262903887304
0cocZBknjka59p58FOdqef,5aAjcWycNzzlnnwRB8z0zL,1.1681614008871641
0cocZBknjka59p58FOdqef,2Tv4NhYavSni05V7IIT17w,1.1817430271872835
5ZgnlpPg7qfiopdvqdrs2M,1kG7gfH4HDUlDht0VZYkiP,0.6545536940065376
5ZgnlpPg7qfiopdvqdrs2M,2Oa4PQ6WVqng8AnB7Gbabs,0.7956059542397673
5ZgnlpPg7qfiopdvqdrs2M,37cb7mzkQKksGm0noGDXeh,0.8020783161853473
5ZgnlpPg7qfiopdvqdrs2M,37ZgsOy8t4vMnGtMExr6ah,0.8174468965483475
5ZgnlpPg7qfiopdvqdrs2M,2oJ0dSKYEgRvSVtCx3mC8e,0.8633747108010892
5ZgnlpPg7qfiopdvqdrs2M,4ileLT7ldd2uX8bMemWqbm,0.8915734272788185
5ZgnlpPg7qfiopdvqdrs2M,4grmYnfTTC5s25gdSmACiU,0.9852748494484274
5ZgnlpPg7qfiopdvqdrs2M,1DqAeuDzc5uUQeAggxmZk5,1.019850173257468
5ZgnlpPg7qfiopdvqdrs2M,006Bi4j0yzwOc3y69GOlYV,1.0590885164195045
5ZgnlpPg7qfiopdvqdrs2M,4q6ZHerrtO7gcF67KFX0BF,1.068416068582179
59eCy91JDrnpbPLF3T3L03,1eGdw1BbGAYaXbgPcVIkGm,0.906768154196616
59eCy91JDrnpbPLF3T3L03,20DigsfRILHYKeMqbuDqtx,0.9964156506278314
59eCy91JDrnpbPLF3T3L03,7KnFT8NQPRYtWOZXhWcGGZ,1.0001952818368745
59eCy91JDrnpbPLF3T3L03,2hw1sBTzjB9zghnlLpqeAj,1.078197289121082
59eCy91JDrnpbPLF3T3L03,7h8N0QlHxIEYfnHDVps8dS,1.1209744675632118
59eCy91JDrnpbPLF3T3L03,04tv9ewp0KMC5ijweE1GmS,1.152451668069403
59eCy91JDrnpbPLF3T3L03,2ZZ3SXe3q8fwzVtIrQpEKy,1.1686455342400757
59eCy91JDrnpbPLF3T3L03,4FqirD1KsDyNukowu8TWhX,1.3515688476896297
59eCy91JDrnpbPLF3T3L03,3Y4rUyw7XBCK6hGHCOt6rp,1.4052086903531813
59eCy91JDrnpbPLF3T3L03,7g90T7PIBzqIpKZG0lzPzS,1.5702043846576077
7LihoPgTF9hnxMh9lRTNkA,5H9S7RaxxSAgY77Mb0CSPz,0.8681764513189151
7LihoPgTF9hnxMh9lRTNkA,4MpYL0NBKcz41y2TW3UCW8,1.0206027846477894
7LihoPgTF9hnxMh9lRTNkA,1P7Ik6OX9dV3BnXZi9L4cI,1.0210506460525113
7LihoPgTF9hnxMh9lRTNkA,1yTZAe3F0X7BUpxbj8iMwH,1.0321691285525119
7LihoPgTF9hnxMh9lRTNkA,6TzYMmTsjyTIf1cSSuOcAw,1.091391301421597
7LihoPgTF9hnxMh9lRTNkA,6ZRwn9JqdtRQyrHT0tKIgy,1.1673169824964893
7LihoPgTF9hnxMh9lRTNkA,6ekLy1OsrYdLMbcqc0KZ8G,1.175412792753392
7LihoPgTF9hnxMh9lRTNkA,7EKpyfbmopbXMaMLW9QEd3,1.2349230872375674
7LihoPgTF9hnxMh9lRTNkA,6Y6py4pHq2Toh3xEvBn233,1.27314976551406
7LihoPgTF9hnxMh9lRTNkA,4TCMm1N1zoNmRYaLbYwB2k,1.3229484930514854
3QSzbe5jUceSc0IyAFJ4LD,7ijnomlrX6iGZ5ih4xTehA,1.429639629402132
3QSzbe5jUceSc0IyAFJ4LD,2ueSOewe2bXPIpE8y8TTj1,1.5160659560910341
3QSzbe5jUceSc0IyAFJ4LD,1EsgUWQsxGBwnu3NATDjiU,1.8068091338371497
3QSzbe5jUceSc0IyAFJ4LD,1WheyFsHUcBWQ33WNHcZdI,1.8829398482458455
3QSzbe5jUceSc0IyAFJ4LD,1yo3kUDbRC60FCroxINeJQ,1.889213054245342
3QSzbe5jUceSc0IyAFJ4LD,2gfHZWYVhzCQg3dvlmS421,1.9093560123993425
3QSzbe5jUceSc0IyAFJ4LD,3Msrp56q1eTLQaZFX06Qp3,1.9137569764365514
3QSzbe5jUceSc0IyAFJ4LD,0dy6iXYIF0piirySAzCBwF,1.9692216447567723
3QSzbe5jUceSc0IyAFJ4LD,57Xjny5yNzAcsxnusKmAfA,1.979882024476417
3QSzbe5jUceSc0IyAFJ4LD,5R3TXM4XqQYBZjMs7koHZT,2.0374358158839985
3Msrp56q1eTLQaZFX06Qp3,08l9WKDuRyGeStQ9ojTlFh,0.6541507451095591
3Msrp56q1eTLQaZFX06Qp3,3rTk7Ll8NRrd2jspBFtimV,0.7846797182734762
3Msrp56q1eTLQaZFX06Qp3,2AJL5Z7SjjilD8fAFWp8uo,1.0605912695417108
3Msrp56q1eTLQaZFX06Qp3,7lltIP2aLYnEwbrKdYq0gb,1.24304506972839
3Msrp56q1eTLQaZFX06Qp3,2xETIuyVWAjWXFSbqngBYq,1.3255833111070605
3Msrp56q1eTLQaZFX06Qp3,4TCMm1N1zoNmRYaLbYwB2k,1.419472193253823
3Msrp56q1eTLQaZFX06Qp3,0dy6iXYIF0piirySAzCBwF,1.447706417858209
3Msrp56q1eTLQaZFX06Qp3,2dDE3WCSj2cELFYO1IfECD,1.4583753698678361
3Msrp56q1eTLQaZFX06Qp3,6lnnaGN20kl0jEYJSxCgU9,1.4698308335316124
3Msrp56q1eTLQaZFX06Qp3,6TzYMmTsjyTIf1cSSuOcAw,1.469846263351124
6a6hIUCbzYNQgxGFae2iBX,1rfPKTKzzDaz1lDjadZVqb,1.410551655163456
6a6hIUCbzYNQgxGFae2iBX,4YLv4bDhfubAu142fY8QN1,1.4560602817563253
6a6hIUCbzYNQgxGFae2iBX,3pmYp7wfaDfr5OwHoxAR9K,1.4916463256717105
6a6hIUCbzYNQgxGFae2iBX,0ggkHZbFGmofl9743xx6JO,1.601659157482019
6a6hIUCbzYNQgxGFae2iBX,42r0LZ9g8gq4afWztSw54k,1.6170205498062773
6a6hIUCbzYNQgxGFae2iBX,1erM5eAa42t5PizveNnsbY,1.732507702749173
6a6hIUCbzYNQgxGFae2iBX,51QsdN4xBmkLhtqNi0J40l,1.781694843100475
6a6hIUCbzYNQgxGFae2iBX,4X91MJx5PaKwlYnnldv1OZ,1.8185513544857443
6a6hIUCbzYNQgxGFae2iBX,5zzfKibxNlJPWGkkhAGlLg,1.8537865901573203
6a6hIUCbzYNQgxGFae2iBX,0q7LR23IYycIYTUJuTrQiF,1.95297332585192
0kI4AfCbkK5MP2B7Xgh6kB,6tBt0o5KS4xYaC7aKd7RY0,0.5225998612147774
0kI4AfCbkK5MP2B7Xgh6kB,0m4jVVZrsv0bLkAr1uM6UG,0.9979763823261067
0kI4AfCbkK5MP2B7Xgh6kB,1zSwGQRbtOaxCLLH1caBFA,1.0315084065909654
0kI4AfCbkK5MP2B7Xgh6kB,67cR7hkzHhFAdg1UzPM3Xz,1.0538318453904887
0kI4AfCbkK5MP2B7Xgh6kB,0SRPuTnr5QOKRoIxMvvlgK,1.1472120023793864
0kI4AfCbkK5MP2B7Xgh6kB,25xhL1egtULWxHD5YDJ9XY,1.1598006118294983
0kI4AfCbkK5MP2B7Xgh6kB,6GfqNqXkAofNOakU77MWEb,1.1962365335879093
0kI4AfCbkK5MP2B7Xgh6kB,37LMtqQkT9aEVZEedBJfw5,1.2051729368386275
0kI4AfCbkK5MP2B7Xgh6kB,78cj9M7Ax1yDruYM5QeG39,1.2283411658055159
0kI4AfCbkK5MP2B7Xgh6kB,4mUiW3rsg9kicTIYwjwSsG,1.259034708675252
0SRPuTnr5QOKRoIxMvvlgK,1tJPPxQ18pJL0MnfS4nQZn,0.9123102682995791
0SRPuTnr5QOKRoIxMvvlgK,7epvz4k2v8qrzYansbnKAd,0.9590269766066761
0SRPuTnr5QOKRoIxMvvlgK,78cj9M7Ax1yDruYM5QeG39,0.9916438253880062
0SRPuTnr5QOKRoIxMvvlgK,2YG0kV3M9JNde63YtelgUt,1.0217931990924904
0SRPuTnr5QOKRoIxMvvlgK,3PDf2Xk2fHt3EexYRrVS0j,1.0387989624743599
0SRPuTnr5QOKRoIxMvvlgK,041Xf2o8yDouqWCDKqkGuC,1.0653147365375781
0SRPuTnr5QOKRoIxMvvlgK,3FX9rMHZqWTpv5ZTR7TkpB,1.0783770662647378
0SRPuTnr5QOKRoIxMvvlgK,3CRT6IQTfsEZjiXfZ49g9w,1.086482008555301
0SRPuTnr5QOKRoIxMvvlgK,0kI4AfCbkK5MP2B7Xgh6kB,1.1472120023793864
0SRPuTnr5QOKRoIxMvvlgK,0QAelR36l8kKZjccUbJ6ah,1.1717543905943537
4YLv4bDhfubAu142fY8QN1,6a6hIUCbzYNQgxGFae2iBX,1.4560602817563253
4YLv4bDhfubAu142fY8QN1,1erM5eAa42t5PizveNnsbY,1.4874737593844607
4YLv4bDhfubAu142fY8QN1,4jWePuDwi4Mho9u5kpoYrj,1.523094980875501
4YLv4bDhfubAu142fY8QN1,3pmYp7wfaDfr5OwHoxAR9K,1.5589567816426364
4YLv4bDhfubAu142fY8QN1,79uspTY5GVI0EOBsnWAjxx,1.6239911771519346
4YLv4bDhfubAu142fY8QN1,0KpTFH1SzexN8SGc0GPILC,1.6272246695746762
4YLv4bDhfubAu142fY8QN1,4rtyV2gthc3k6D0rjcQJOR,1.6926624398829913
4YLv4bDhfubAu142fY8QN1,0oo6NX5bPcqUbX7eJtoslO,1.7453584612436692
4YLv4bDhfubAu142fY8QN1,7GCfKBpY3l2n3LAhsqjBtO,1.8532135671770262
4YLv4bDhfubAu142fY8QN1,1rfPKTKzzDaz1lDjadZVqb,1.878887440102958
22sno2Y45Ov3ixSl6fN9i8,2eI1OQTaBJFwmQEEYfy9OU,1.0317291609773582
22sno2Y45Ov3ixSl6fN9i8,47BpBh1URWXLF26ckpGT4S,1.274288570077205
22sno2Y45Ov3ixSl6fN9i8,0Q0Vl9fKJF5MDxfVKbD78e,1.4972295322343796
22sno2Y45Ov3ixSl6fN9i8,1XiEGQzAtcF1L1DwT7r1Pb,1.5710497967884527
22sno2Y45Ov3ixSl6fN9i8,5zzfKibxNlJPWGkkhAGlLg,1.6735558829771702
22sno2Y45Ov3ixSl6fN9i8,1hP0hDL5VREpThmMOa1pta,1.6801118631114667
22sno2Y45Ov3ixSl6fN9i8,0J1NpNoYYMuohXl4frq0aU,1.7002776320322417
22sno2Y45Ov3ixSl6fN9i8,0SvtBdkNRlErX8sPrFgWPW,1.7069975663356305
22sno2Y45Ov3ixSl6fN9i8,6V4k01Xr3HsVrfqUyQSIqt,1.7623238807862216
22sno2Y45Ov3ixSl6fN9i8,2nLtzopw4rPReszdYBJU6h,1.831685092061155
1LrxmgC6pg5RAYGJ2FQWv0,6SdAztAqklk1zAmUHhU4N7,0.4792897618926123
1LrxmgC6pg5RAYGJ2FQWv0,09pr5CPnpXjEQKRqgI7ZnZ,0.6369567988958429
1LrxmgC6pg5RAYGJ2FQWv0,5v4ikwHHJWghlUcDoaYWNW,0.881527610095222
1LrxmgC6pg5RAYGJ2FQWv0,1wxw8BkVBHfBEiqm69rA48,0.9396461459136022
1LrxmgC6pg5RAYGJ2FQWv0,36EVGjdLX0x5SlM1GaL6f0,1.091701898908192
1LrxmgC6pg5RAYGJ2FQWv0,5jhIWm2hXdVQJaRDE9AGhW,1.09350325102503
1LrxmgC6pg5RAYGJ2FQWv0,4PdNeARTAYoZCwdhJninRq,1.120558433196197
1LrxmgC6pg5RAYGJ2FQWv0,4vdg59Hg8I6u6MDkga5y2R,1.1315252099694737
1LrxmgC6pg5RAYGJ2FQWv0,4yxjD1iYOICm8cizKrbtPg,1.1424927627194286
1LrxmgC6pg5RAYGJ2FQWv0,7AeKwxmlwwLFOF8D7M3Anb,1.1432100501473699
66ERrn57fmkbOq9zhELGPv,52UDFFwUueOBfJ2vB5BqRr,0.6515536059012923
66ERrn57fmkbOq9zhELGPv,5Z4ZRi6fMaqM4gW3VrTxfk,0.6830154914981104
66ERrn57fmkbOq9zhELGPv,22Yk1yPGtoAaJMUJEFlco2,0.8551975771291355
66ERrn57fmkbOq9zhELGPv,2KZXF3p2o5oNl4dYme5zhH,1.0138437688707087
66ERrn57fmkbOq9zhELGPv,0aIW3ekrhK1eh3BYCh11op,1.1140770029633464
66ERrn57fmkbOq9zhELGPv,7lu6YLrlB1MU7HW8DJSuPa,1.1353750269680511
66ERrn57fmkbOq9zhELGPv,6ZV6lI92ypdfjeGgDQc5Mm,1.1395586821575183
66ERrn57fmkbOq9zhELGPv,1zx6GSqLYI2ynzAHnPRKBR,1.236096466884971
66ERrn57fmkbOq9zhELGPv,7GkHIsnziYgk6j1lx2TK6H,1.2507818326903524
66ERrn57fmkbOq9zhELGPv,0l8p1TkaVgcwIUS0xwm6Y5,1.2775771477266282
3IWy6MPyWKPFAQ5x6YAkrc,03b80IxIQ8qOzYVbcbTyRL,0.9763142541679077
3IWy6MPyWKPFAQ5x6YAkrc,0NBD4g9Zwy1rMAMWBYS6Ju,1.3990748731942853
3IWy6MPyWKPFAQ5x6YAkrc,2ueWCiQRtVdj5pSs87CDla,1.4116949654579656
3IWy6MPyWKPFAQ5x6YAkrc,2aX1zws7bVjTLbS1cYZK2W,1.4187754896653815
3IWy6MPyWKPFAQ5x6YAkrc,3g3Ht5QpT6uPLmAmDVQOjj,1.4755033534690682
3IWy6MPyWKPFAQ5x6YAkrc,21kVD9H40rRQkGmcMi01Fl,1.5315040653840786
3IWy6MPyWKPFAQ5x6YAkrc,71ufF5km9x0EBUjsNVSTQj,1.593029588800157
3IWy6MPyWKPFAQ5x6YAkrc,0vIkYCzLD9QH7w8m1dC8Mf,1.5953560657328656
3IWy6MPyWKPFAQ5x6YAkrc,50etdpjrySctCaS4yw0a72,1.5953560657328656
3IWy6MPyWKPFAQ5x6YAkrc,0BQNM4jGoWsJ4qN5GQpgmh,1.59853704834658
3ZffCQKLFLUvYM59XKLbVm,4DHkzbZSWxsCsvRoEzr28A,0.4008223079907179
3ZffCQKLFLUvYM59XKLbVm,6yQAwPJmFn0OBTKWOnQFfv,0.7644764019466235
3ZffCQKLFLUvYM59XKLbVm,1aOxOpH4AkGAd8OMrKjyNY,0.7861492555854618
3ZffCQKLFLUvYM59XKLbVm,7t1UzsIKRBXXVdwJRIaDxn,0.8147409470911783
3ZffCQKLFLUvYM59XKLbVm,0wUxh6XMc698xPCfgBaPRV,0.8609062611246859
3ZffCQKLFLUvYM59XKLbVm,3hzxBcOpm0wmr6YDD1EPq5,0.9118155369111894
3ZffCQKLFLUvYM59XKLbVm,6IRzBP4gVoV4D2zHmocoWy,0.9298319202698717
3ZffCQKLFLUvYM59XKLbVm,0ILXYaWxMQVEXnKq2eTmjW,0.938701185239397
3ZffCQKLFLUvYM59XKLbVm,2t0wwvR15fc3K1ey8OiOaN,0.96685693609079
3ZffCQKLFLUvYM59XKLbVm,06Q3gof2rs8ErXzBrW1aVg,0.9692859888092796
1qnCh4pnEt4Rd6DEePwS08,5bphWpcTM84wiP9u0em7Za,1.0268809144166122
1qnCh4pnEt4Rd6DEePwS08,0l8p1TkaVgcwIUS0xwm6Y5,1.1396035717162463
1qnCh4pnEt4Rd6DEePwS08,4n3mp3DC7JrdXYJCDdwKhd,1.1618508967178693
1qnCh4pnEt4Rd6DEePwS08,6DXazvidTcZ7Nx78cm5hZE,1.270050953966815
1qnCh4pnEt4Rd6DEePwS08,23XdaKxpbB9D4mPCgoOgou,1.271142403801723
1qnCh4pnEt4Rd6DEePwS08,5L0uUsxrDhl1wtuTTogDY1,1.3385410338355832
1qnCh4pnEt4Rd6DEePwS08,7GwYyLNFyAsSsmt2aa0z6u,1.3491799302929661
1qnCh4pnEt4Rd6DEePwS08,2QMAB7AL9WPd0LdRH4BZda,1.3518867641025991
1qnCh4pnEt4Rd6DEePwS08,2EuRnXkQ1X97VNY3NfSqay,1.3749316868472297
1qnCh4pnEt4Rd6DEePwS08,3euQtj1nSUZsuOAAjH1LK8,1.3934620001211142
3TXF9mdeWd18WEW1alIGOT,3fs82T0O6mdVcSHhoNlAES,0.9149589366767377
3TXF9mdeWd18WEW1alIGOT,42OUnOczRtCTyPTqvBsHzW,1.313707236790444
3TXF9mdeWd18WEW1alIGOT,4KQ8xXm9v7sF7ZeSWywiKs,1.3214747592833829
3TXF9mdeWd18WEW1alIGOT,5aJuHyYNdOzqX6eGO2XyE8,1.3272567155080839
3TXF9mdeWd18WEW1alIGOT,6ZV6lI92ypdfjeGgDQc5Mm,1.3305042693458586
3TXF9mdeWd18WEW1alIGOT,341b9JIDHZ3oaMVNwS0OsA,1.364598836506468
3TXF9mdeWd18WEW1alIGOT,0d1PUwvlNvCKfypNaaKJoz,1.382132876489807
3TXF9mdeWd18WEW1alIGOT,4nbILrYODP667b3d66ZMzI,1.407465322328234
3TXF9mdeWd18WEW1alIGOT,5Z4ZRi6fMaqM4gW3VrTxfk,1.4118550823513811
3TXF9mdeWd18WEW1alIGOT,6d48lKUZig9jlzUXHr7QMz,1.4540819816373816
47k1Cbink0USdP1eDmGjFj,6IRzBP4gVoV4D2zHmocoWy,0.5608733027765836
47k1Cbink0USdP1eDmGjFj,0RYqTScbPJ3wijhvWOgLkE,0.7206282089834856
47k1Cbink0USdP1eDmGjFj,1I2MEjnS9c4OPMnKWbIuYs,0.721103263093591
47k1Cbink0USdP1eDmGjFj,1aOxOpH4AkGAd8OMrKjyNY,0.7745444757842829
47k1Cbink0USdP1eDmGjFj,5x4vgABKiGp4Vg7ZyFRxhn,0.8171016229742535
47k1Cbink0USdP1eDmGjFj,5H3JW2JiQG432dldneCyW1,0.8746872322231163
47k1Cbink0USdP1eDmGjFj,2fyIS6GXMgUcSv4oejx63f,0.8871711945619943
47k1Cbink0USdP1eDmGjFj,6yQAwPJmFn0OBTKWOnQFfv,0.9213049253585844
47k1Cbink0USdP1eDmGjFj,2L1KDMlUbzuaXce1VvWV57,0.9666108057799021
47k1Cbink0USdP1eDmGjFj,3ZffCQKLFLUvYM59XKLbVm,0.9976652333998405
1GxXPNNkNymHPn6yTgWPxu,2FXckoxZCBeWvg3IaFd1EW,0.7051062766058454
1GxXPNNkNymHPn6yTgWPxu,37SgiDGQSiUTQXZo2Ml888,0.7274815674846529
1GxXPNNkNymHPn6yTgWPxu,3bMpVBHhoiVVNFUCgeme4P,0.7289232800464325
1GxXPNNkNymHPn6yTgWPxu,2QxzpDE6uQPy17dhBTQgpu,0.7442322112999264
1GxXPNNkNymHPn6yTgWPxu,4CVOUJki8YUWol3jhLphgs,0.847497556865691
1GxXPNNkNymHPn6yTgWPxu,7t1UzsIKRBXXVdwJRIaDxn,0.8769774672054585
1GxXPNNkNymHPn6yTgWPxu,6yQAwPJmFn0OBTKWOnQFfv,0.9128567419795944
1GxXPNNkNymHPn6yTgWPxu,0ILXYaWxMQVEXnKq2eTmjW,1.0091590803693893
1GxXPNNkNymHPn6yTgWPxu,06Q3gof2rs8ErXzBrW1aVg,1.02073364085328
1GxXPNNkNymHPn6yTgWPxu,3mnZxecdxSU4ZXSxK522sV,1.0302747655996363
4gyPGtExOjj1rsByKW33LR,0CGkdIKWvQsgr3zM25jNa8,1.5741813598934746
4gyPGtExOjj1rsByKW33LR,3BK7JmX1P4GSGx5mdG3aiL,1.6514320586152156
4gyPGtExOjj1rsByKW33LR,5dy25rHjyfAbpkHDI9yfTY,1.8035335970414719
4gyPGtExOjj1rsByKW33LR,10aDiDITMu33TQNqVR35iM,1.961370960866378
4gyPGtExOjj1rsByKW33LR,0fea68AdmYNygeTGI4RC18,1.9688088467104592
4gyPGtExOjj1rsByKW33LR,0nfQH9hmgwtQ4EK0945Zdy,1.9891771228775337
4gyPGtExOjj1rsByKW33LR,26op06vMM21RB0hej3b0lG,2.004026420078881
4gyPGtExOjj1rsByKW33LR,4HyxYaIV98fUKeApfxHEHv,2.163920577384221
4gyPGtExOjj1rsByKW33LR,5qBhUQLFCdIut4QZrIh7XI,2.224274737257527
4gyPGtExOjj1rsByKW33LR,2QZHLFuN2hW8eaTTILNSEC,2.231212842308204
43nB4BTmfrOZ80QYrD3Ap2,2PJzQvozduq44cToUQBa0B,0.7344975818065212
43nB4BTmfrOZ80QYrD3Ap2,42OUnOczRtCTyPTqvBsHzW,0.8509364907078243
43nB4BTmfrOZ80QYrD3Ap2,3XXTR1PxuCslxeQCpRHpmW,1.070427823593766
43nB4BTmfrOZ80QYrD3Ap2,1RtoOw5CS2PBcVG8A783Q0,1.0981709535803184
43nB4BTmfrOZ80QYrD3Ap2,5D6d1DFXMkjUZYoEUf9BAt,1.151639065768222
43nB4BTmfrOZ80QYrD3Ap2,1JnHZagDFvrT2lx4QovSOo,1.1828309895288773
43nB4BTmfrOZ80QYrD3Ap2,7GwYyLNFyAsSsmt2aa0z6u,1.187853751562016
43nB4BTmfrOZ80QYrD3Ap2,5my3f3dMZENvUwAXYVQNmO,1.2121518854238027
43nB4BTmfrOZ80QYrD3Ap2,3zwL0EG6j9gJkPBtJY3VQu,1.232597043576582
43nB4BTmfrOZ80QYrD3Ap2,7oHDdgBGhiglCDWsJBCa1R,1.2363588982736653
68JioFRhzBZrpbON6KI6Zq,34nDmYlzfXjBoiWl9XoCUU,0.9788583896386118
68JioFRhzBZrpbON6KI6Zq,6IVXCSCTZOqUDDuGA5vUwH,1.0291970735066225
68JioFRhzBZrpbON6KI6Zq,6txgVVRJkvrSfcOQJIMFbf,1.2018061534474251
68JioFRhzBZrpbON6KI6Zq,0CxXdYtBAWzE58Inc2Zius,1.3212737396817809
68JioFRhzBZrpbON6KI6Zq,1lZzyOyH9LSAWFjHKz9TT2,1.3219434713095
68JioFRhzBZrpbON6KI6Zq,3bMpVBHhoiVVNFUCgeme4P,1.38853661069219
68JioFRhzBZrpbON6KI6Zq,5Cpk0Hg5KSUmm0BdyIkVVW,1.4204959261384422
68JioFRhzBZrpbON6KI6Zq,2FXckoxZCBeWvg3IaFd1EW,1.4262167813357807
68JioFRhzBZrpbON6KI6Zq,7AtwQRLPdttsxcLM5tPL0t,1.4453999252975527
68JioFRhzBZrpbON6KI6Zq,7sJbCv83nl2S94j8ZJz2WP,1.4661831146164839
3BOJ6BFjwbixqQM8J4hgYA,3v8CoiN19zAzkTG0E7TBTN,0.8980484607525133
3BOJ6BFjwbixqQM8J4hgYA,4v5aGcoGfj22PEr53NJOHN,0.9262023102913771
3BOJ6BFjwbixqQM8J4hgYA,6KMbJSTSecyfoD5NgXiQvh,1.0068663210460667
3BOJ6BFjwbixqQM8J4hgYA,6Dqb8HDPamnC4LGd0dSAbw,1.102447638668789
3BOJ6BFjwbixqQM8J4hgYA,4UF1eupXP9Zz5GpYepyOxI,1.1490894051567089
3BOJ6BFjwbixqQM8J4hgYA,1tbjeelOKIjolYNUNnPMAD,1.224835410583505
3BOJ6BFjwbixqQM8J4hgYA,46cEIa1iQPSQLnPVP2hmVm,1.2471834005828195
3BOJ6BFjwbixqQM8J4hgYA,4WCywozuuSXGl3CscRHVD5,1.2705461801443256
3BOJ6BFjwbixqQM8J4hgYA,5ALPzPUKl3Np5BrYTFs4Pb,1.273191233909004
3BOJ6BFjwbixqQM8J4hgYA,1f9jv3jIHqwZhVW7NMAgYN,1.2800356704201084
7ErnTS7HiYqwBTNrtdqxK9,5xo01RlIlMgQMMI19rY8Xb,1.9054376091734602
7ErnTS7HiYqwBTNrtdqxK9,2BZe9fLjce5JlnrVmwYzWl,2.649754080250913
7ErnTS7HiYqwBTNrtdqxK9,6ohXK9Y4ioab0VjQp20rYa,2.9215231756402713
7ErnTS7HiYqwBTNrtdqxK9,6cxmYx2CDHRkaTZHVgsykX,3.3878895505299416
7ErnTS7HiYqwBTNrtdqxK9,3ujWh42s95AIqhM6GXoVjn,3.928255722695355
7ErnTS7HiYqwBTNrtdqxK9,0sO53kgvUZFEu8Tqne6T7N,4.014301257682556
7ErnTS7HiYqwBTNrtdqxK9,2awoFGsXQwiU935BUlM6Wf,4.267492174470937
7ErnTS7HiYqwBTNrtdqxK9,1h4K8ijEaWX9Z2KGXrfz8T,4.326291004052031
7ErnTS7HiYqwBTNrtdqxK9,6BvxXU49ho2foOtgd4dgXb,4.5249898571076
7ErnTS7HiYqwBTNrtdqxK9,2cBGY25X6oG1fLwQyOZvJ1,4.569011997643261
6Yp3K2cy35hXnWQFE1yWrJ,0EpdLuptraYGFZ6J7HNSLc,0.6845275195896107
6Yp3K2cy35hXnWQFE1yWrJ,2sgpYwWVQAXWetqtO9Kh24,0.7255227104574881
6Yp3K2cy35hXnWQFE1yWrJ,3fPgIknlkDWXs1l2noKZbp,0.7861207524931862
6Yp3K2cy35hXnWQFE1yWrJ,4paK7VQa8HRYPSF2hvC4LQ,0.8179696208399604
6Yp3K2cy35hXnWQFE1yWrJ,1byfhRPkrLvnQ4ib1SWNxQ,0.8451297003071654
6Yp3K2cy35hXnWQFE1yWrJ,54SQet8YMttOgTqDNGcGpe,0.8652038500625157
6Yp3K2cy35hXnWQFE1yWrJ,4PdNeARTAYoZCwdhJninRq,0.8835385016082833
6Yp3K2cy35hXnWQFE1yWrJ,57v7M9jKRFP9NCP3J2ms9M,0.9130136558693458
6Yp3K2cy35hXnWQFE1yWrJ,36EVGjdLX0x5SlM1GaL6f0,1.0205295584717724
6Yp3K2cy35hXnWQFE1yWrJ,3CRT6IQTfsEZjiXfZ49g9w,1.0585179995422107
7rMB3EFvXYfXvkw7BBLoX1,5inWUDecQMC4l2eOFzaIaf,1.6280176426530608
7rMB3EFvXYfXvkw7BBLoX1,0VvlSQ6yIwlKw5MCFU0lZv,1.7186296631451226
7rMB3EFvXYfXvkw7BBLoX1,4Xn89qH8uKOumgvAGSvY3U,1.7922950102268762
7rMB3EFvXYfXvkw7BBLoX1,4ScVI88WynvZ1avtN2rScK,2.1121741755120165
7rMB3EFvXYfXvkw7BBLoX1,10aDiDITMu33TQNqVR35iM,2.130048635664971
7rMB3EFvXYfXvkw7BBLoX1,2gy6A01eKUii3HCns5nHwW,2.1330455707566998
7rMB3EFvXYfXvkw7BBLoX1,3AQozzNsKUnxw2GSn0IlRq,2.1504686045477217
7rMB3EFvXYfXvkw7BBLoX1,6hu4zxEVl8vhbZwDlqNqK6,2.1608337478665134
7rMB3EFvXYfXvkw7BBLoX1,3Dg6BUqz0IaTOEq4ySdhhQ,2.2428175723777226
7rMB3EFvXYfXvkw7BBLoX1,69zSOewOfa2IvIRMveL1Cc,2.329456982342853
3TLgxeugc8nOXkm04LG6Gh,5wevFONYz7ox3Z5rrDJbkp,1.3914555322329172
3TLgxeugc8nOXkm04LG6Gh,7h8N0QlHxIEYfnHDVps8dS,1.4806854307004214
3TLgxeugc8nOXkm04LG6Gh,6t2gHlvw7kTK6M7M5f7S6K,1.5469888969396628
3TLgxeugc8nOXkm04LG6Gh,239SrBPZi0xs1OQZmedr6q,1.5621569137495612
3TLgxeugc8nOXkm04LG6Gh,6qfnPUcs1Qba8eePYBPu8X,1.631736413906627
3TLgxeugc8nOXkm04LG6Gh,4SKRNfT7WI73MJho3suqYl,1.6863999404020202
3TLgxeugc8nOXkm04LG6Gh,0bAuzGnpoaZFpfbAhEWjqO,1.6924490305363282
3TLgxeugc8nOXkm04LG6Gh,5FccwnVjJbLIF2azQjCwyP,1.8317277323548875
3TLgxeugc8nOXkm04LG6Gh,1Db4Qa67eYC7MxnCqFvRQj,1.890598858236371
3TLgxeugc8nOXkm04LG6Gh,5yU9gNHwYeRrWmyRCTUUxv,2.036134659433316
6iodrB17WJr9E5JKvmOgDH,5RKw6NA1kH7ZZpeuYDpK8M,2.5757360890123366
6iodrB17WJr9E5JKvmOgDH,3S2XrrnhWLbz1IjpLIUDVU,2.827138661432619
6iodrB17WJr9E5JKvmOgDH,3JQ1ZBbqD3JSeTLw6NV4Z6,4.456041867152893
6iodrB17WJr9E5JKvmOgDH,6ISmTommsQb47avYPq79yZ,5.07507668405106
6iodrB17WJr9E5JKvmOgDH,4anysyWdzzghWjZxDeXbce,5.225136453967116
6iodrB17WJr9E5JKvmOgDH,08gufysa763YtyeVUmPAQT,5.330182334744842
6iodrB17WJr9E5JKvmOgDH,19MCvHdBjEheiweLyjiQWX,5.358847106073782
6iodrB17WJr9E5JKvmOgDH,7dH53Egj3FVEcAZqD9f481,5.416469212787685
6iodrB17WJr9E5JKvmOgDH,4y1KB0U6LsuWLKiZgtq5ky,5.499348045555106
6iodrB17WJr9E5JKvmOgDH,4SVIMu13Nii6XS8Ph7IJjH,5.507163748005227
1XiEGQzAtcF1L1DwT7r1Pb,5zzfKibxNlJPWGkkhAGlLg,0.9259622259105643
1XiEGQzAtcF1L1DwT7r1Pb,0J1NpNoYYMuohXl4frq0aU,1.0468663073163804
1XiEGQzAtcF1L1DwT7r1Pb,2eI1OQTaBJFwmQEEYfy9OU,1.093215516592939
1XiEGQzAtcF1L1DwT7r1Pb,22sno2Y45Ov3ixSl6fN9i8,1.5710497967884527
1XiEGQzAtcF1L1DwT7r1Pb,4rtyV2gthc3k6D0rjcQJOR,1.5809041761701257
1XiEGQzAtcF1L1DwT7r1Pb,1rfPKTKzzDaz1lDjadZVqb,1.7190233445719372
1XiEGQzAtcF1L1DwT7r1Pb,47BpBh1URWXLF26ckpGT4S,1.8334194949095621
1XiEGQzAtcF1L1DwT7r1Pb,4nWxif1dt6FCg4GFZcPIbO,1.9403851831241465
1XiEGQzAtcF1L1DwT7r1Pb,6a6hIUCbzYNQgxGFae2iBX,2.00812375411525
1XiEGQzAtcF1L1DwT7r1Pb,4X91MJx5PaKwlYnnldv1OZ,2.056904688089691
2gEh41XUP3vI7kAjlEO92n,2wqiV4aIMOosmQMqnLxXbA,0.5895524216504583
2gEh41XUP3vI7kAjlEO92n,1lZzyOyH9LSAWFjHKz9TT2,0.6015028172856037
2gEh41XUP3vI7kAjlEO92n,7sJbCv83nl2S94j8ZJz2WP,0.6928728768715658
2gEh41XUP3vI7kAjlEO92n,5Cpk0Hg5KSUmm0BdyIkVVW,0.8927899772340628
2gEh41XUP3vI7kAjlEO92n,0liZcBeGoLuzDIat1YXRZk,0.9695249525608235
2gEh41XUP3vI7kAjlEO92n,43ueXmQ6KjITk0hKKOPOLA,1.0041332953903557
2gEh41XUP3vI7kAjlEO92n,2FXckoxZCBeWvg3IaFd1EW,1.014726810819275
2gEh41XUP3vI7kAjlEO92n,2RSTIsdhq5vqqr2GcTFdGM,1.0147334302385143
2gEh41XUP3vI7kAjlEO92n,0uukw2CgEIApv4IWAjXrBC,1.0398522245492816
2gEh41XUP3vI7kAjlEO92n,5NYejXf1mwigePilCGLjdM,1.0542426124343522
3wLPRjw2XQpmowqXUXb3UF,50OIaK14Pr6ZwCmFfHZ0wB,0.8769628477962902
3wLPRjw2XQpmowqXUXb3UF,0EpdLuptraYGFZ6J7HNSLc,0.8840496878124157
3wLPRjw2XQpmowqXUXb3UF,1c2vVx6knoiZHXbJJ9Mk8L,0.930264329068766
3wLPRjw2XQpmowqXUXb3UF,40KeMi4kkYpAlT1VmjrxDb,1.0484658322299965
3wLPRjw2XQpmowqXUXb3UF,0ICnFVjsMEQDIXKVKV9KZF,1.0610613477076203
3wLPRjw2XQpmowqXUXb3UF,7b1XzNeXhfwGNJWE6gHFRz,1.101739761531583
3wLPRjw2XQpmowqXUXb3UF,5lzHcuhl4iBfR4PtQXBm9i,1.2482973003023452
3wLPRjw2XQpmowqXUXb3UF,4RvtzkdXmDOjbggr6pu9jR,1.2771651667989876
3wLPRjw2XQpmowqXUXb3UF,54SQet8YMttOgTqDNGcGpe,1.2966355591181535
3wLPRjw2XQpmowqXUXb3UF,2sgpYwWVQAXWetqtO9Kh24,1.3286107043616229
1aL399KnfueCuX3gPML2Rp,5Yxof5s4AdLjkCmkIfGDSV,1.7741164793972983
1aL399KnfueCuX3gPML2Rp,6hu4zxEVl8vhbZwDlqNqK6,2.3053331050566928
1aL399KnfueCuX3gPML2Rp,0CqCpm4LLQbHUX5ysizWJS,2.3752413458154935
1aL399KnfueCuX3gPML2Rp,3GWoY95OyBPD6kN3h996Yy,2.38024672201107
1aL399KnfueCuX3gPML2Rp,5Z9gjSD3mglkexfM8QbGHo,2.561278629761145
1aL399KnfueCuX3gPML2Rp,2rbbJ2xZFJa2DriR5h0TBS,2.6271775506003263
1aL399KnfueCuX3gPML2Rp,0e8aiEfAhab9fQzxAJEZH7,2.8108014744108987
1aL399KnfueCuX3gPML2Rp,6nsdMJW0IU4pR3pEmo0LAI,2.845134862139955
1aL399KnfueCuX3gPML2Rp,1wCxDPQUF3YBMgeJMJkRGH,2.880011996095836
1aL399KnfueCuX3gPML2Rp,6zQyEMgmMkHXaNdLEiu7fW,2.8932848120161467
2zhL0n71GK0lhgDc83VT9A,0EhYGqH7kjogumPfbKWh0t,0.7060313106421877
2zhL0n71GK0lhgDc83VT9A,0Fzt24jmCa6G0ED7pW3IM1,0.8799592416066659
2zhL0n71GK0lhgDc83VT9A,6apacvSkVWWtCxc68FBsZV,1.1673709951082787
2zhL0n71GK0lhgDc83VT9A,0bxBXbMWl45I6GrA7yleeP,1.2418418778041804
2zhL0n71GK0lhgDc83VT9A,2sAwO9nafCv50ttjhI77a2,1.2775657829655909
2zhL0n71GK0lhgDc83VT9A,72655YyFEnLXG54FC6tCtT,1.3691263528695028
2zhL0n71GK0lhgDc83VT9A,6tvlaXBPNl1bu7NZsbbn9R,1.454265698271316
2zhL0n71GK0lhgDc83VT9A,1ypx1v2k1cQFX0Vrda7nEl,1.59108837480825
2zhL0n71GK0lhgDc83VT9A,19gCnDoMbugHhF7eMpLpe1,1.6229785849443785
2zhL0n71GK0lhgDc83VT9A,2cZDlNMZOAwZygOvaBrJvn,1.7171022913852911
2jL3urmIC1PepoT93Mskmm,0k2bhZ9oM3boyUWaV3MfWk,1.861590609716385
2jL3urmIC1PepoT93Mskmm,3AQozzNsKUnxw2GSn0IlRq,2.125130306959834
2jL3urmIC1PepoT93Mskmm,31tqdc6hO91Byv18aRLhNE,2.296940566293548
2jL3urmIC1PepoT93Mskmm,5D1rMjP4yUnTMvzL32Odo1,2.383250007763364
2jL3urmIC1PepoT93Mskmm,7rMB3EFvXYfXvkw7BBLoX1,2.571747166599267
2jL3urmIC1PepoT93Mskmm,35corN4vO44BQSS0VsbwwX,2.610495570949058
2jL3urmIC1PepoT93Mskmm,3M4N9uyJg6RCxPsaG4xGGI,2.621778920057145
2jL3urmIC1PepoT93Mskmm,2gy6A01eKUii3HCns5nHwW,2.796491318521964
2jL3urmIC1PepoT93Mskmm,2aYW6K8f6ESAqPINJHfmGn,2.7969479811607685
2jL3urmIC1PepoT93Mskmm,2gNMXJDKRmKWuevBGjN8wo,2.9015229863514045
4q6ZHerrtO7gcF67KFX0BF,1kG7gfH4HDUlDht0VZYkiP,0.5832498580182082
4q6ZHerrtO7gcF67KFX0BF,1byfhRPkrLvnQ4ib1SWNxQ,0.6561403659621703
4q6ZHerrtO7gcF67KFX0BF,5jhIWm2hXdVQJaRDE9AGhW,0.6658597454248292
4q6ZHerrtO7gcF67KFX0BF,2C6fzRAlaWOhKCOsn5a0Nk,0.7331868146072656
4q6ZHerrtO7gcF67KFX0BF,57v7M9jKRFP9NCP3J2ms9M,0.7464646783040476
4q6ZHerrtO7gcF67KFX0BF,54SQet8YMttOgTqDNGcGpe,0.8214318917939541
4q6ZHerrtO7gcF67KFX0BF,7bfocP7GYoLOutUYpTI8tx,0.8389098365988029
4q6ZHerrtO7gcF67KFX0BF,4sNG6zQBmtq7M8aeeKJRMQ,0.872405688001891
4q6ZHerrtO7gcF67KFX0BF,37ZgsOy8t4vMnGtMExr6ah,0.8923134539125015
4q6ZHerrtO7gcF67KFX0BF,1DqAeuDzc5uUQeAggxmZk5,0.8944688188519476
5yU9gNHwYeRrWmyRCTUUxv,7g90T7PIBzqIpKZG0lzPzS,1.0282284191720605
5yU9gNHwYeRrWmyRCTUUxv,4FqirD1KsDyNukowu8TWhX,1.402077712431966
5yU9gNHwYeRrWmyRCTUUxv,7h8N0QlHxIEYfnHDVps8dS,1.4172800931335816
5yU9gNHwYeRrWmyRCTUUxv,5FccwnVjJbLIF2azQjCwyP,1.5273102990991356
5yU9gNHwYeRrWmyRCTUUxv,55ZOwV8VlGuI8f7wc4vofi,1.5419601098133904
5yU9gNHwYeRrWmyRCTUUxv,2FwKDwQyIKK1YgLAg9wjnV,1.557695990552769
5yU9gNHwYeRrWmyRCTUUxv,1ySelcGSPG6LJENqs8DQcb,1.5708120310244624
5yU9gNHwYeRrWmyRCTUUxv,2hw1sBTzjB9zghnlLpqeAj,1.575889536648089
5yU9gNHwYeRrWmyRCTUUxv,3Y4rUyw7XBCK6hGHCOt6rp,1.5987039298352888
5yU9gNHwYeRrWmyRCTUUxv,239SrBPZi0xs1OQZmedr6q,1.6016849638677537
5bdXzykQmyiUB91lqrNvOC,2nT4y8qTzu2IBYuw7j8TPi,0.5744910005452731
5bdXzykQmyiUB91lqrNvOC,3znPiywA0q1VK2jgAZFDoI,0.7076635866169013
5bdXzykQmyiUB91lqrNvOC,6oP3qa2MyQjxW8YQQdPBq9,1.101848600556863
5bdXzykQmyiUB91lqrNvOC,71fSn6OIF7HnCbgCzOBqpj,1.1162191473869358
5bdXzykQmyiUB91lqrNvOC,4wOqh7UiXe4jfbotAizdTu,1.1165960620686792
5bdXzykQmyiUB91lqrNvOC,3UgiXDauVuj9HZKzFY8TBL,1.2010805649647998
5bdXzykQmyiUB91lqrNvOC,5ALPzPUKl3Np5BrYTFs4Pb,1.2194390170713603
5bdXzykQmyiUB91lqrNvOC,4LutIwQfcpXjVs7mIySYCD,1.2422793710749425
5bdXzykQmyiUB91lqrNvOC,60Cohjy8lgh1jIkTpGz9S1,1.2493484224168478
5bdXzykQmyiUB91lqrNvOC,3XKjZcgNYtvCmBpE1nX7Wn,1.2537684100288022
2Hbad5lRjdQBvKRahhFTsw,0DHoB41NjhjrpUkeTcN5z1,0.7961327912360798
2Hbad5lRjdQBvKRahhFTsw,3mtJfeHl9dp6Rq5fXPIErc,0.8757366809776927
2Hbad5lRjdQBvKRahhFTsw,7pagL6jtEVbRq6vVK6ua3S,1.1512352402557295
2Hbad5lRjdQBvKRahhFTsw,6QOdlvNKRPTyX9YcTVmCKU,1.1850558536096596
2Hbad5lRjdQBvKRahhFTsw,3HKENICtez4Mz0tnUqpFIP,1.2067835568340224
2Hbad5lRjdQBvKRahhFTsw,006Bi4j0yzwOc3y69GOlYV,1.422180023761226
2Hbad5lRjdQBvKRahhFTsw,1lnEWFVBzbjQqBUEMC1i6P,1.435362110000492
2Hbad5lRjdQBvKRahhFTsw,52aj920Nd9VlhlehQVsfwS,1.4403792539045042
2Hbad5lRjdQBvKRahhFTsw,2oJ0dSKYEgRvSVtCx3mC8e,1.5050586231093697
2Hbad5lRjdQBvKRahhFTsw,6IlQmJorOrT6eWZFqUzzES,1.5136907397298005
4CuXyFGGXns7BvvYYCaWA0,4cF6Pk7YaRtv91mSZa4nVi,1.3689248929518205
4CuXyFGGXns7BvvYYCaWA0,1mRgy0qWyAc8EpFeeRNnRK,1.430933536831111
4CuXyFGGXns7BvvYYCaWA0,6YVryeURxyAG4Bb588lTmR,1.5228578896401679
4CuXyFGGXns7BvvYYCaWA0,3xLtrBuptxKDFww9lND5Dc,1.6563238958652111
4CuXyFGGXns7BvvYYCaWA0,39AXhTryJQRkwdqAFbajmp,1.6742273127962763
4CuXyFGGXns7BvvYYCaWA0,4fPBB44eDH71YohayI4eKV,1.6822267806568505
4CuXyFGGXns7BvvYYCaWA0,52qcIvWmjv985NzzL34Te1,1.7598090821025714
4CuXyFGGXns7BvvYYCaWA0,6XDdcBC0hQkRcQfYovxd4c,1.8497789957754553
4CuXyFGGXns7BvvYYCaWA0,4x9l3fDzgvzg9t7Csbufrn,1.9580965574641278
4CuXyFGGXns7BvvYYCaWA0,1EsgUWQsxGBwnu3NATDjiU,1.97087065529795
56ejQ1pr7fZVhU5Gfx9YQ5,2w2MXZEONSMh1HzOUpuqIx,0.7338781451311538
56ejQ1pr7fZVhU5Gfx9YQ5,63HkkLxSefpYzy1kPrcAOy,0.9332193558866927
56ejQ1pr7fZVhU5Gfx9YQ5,4f3g4NIJMywPIeTY74wh9b,0.9611844517440243
56ejQ1pr7fZVhU5Gfx9YQ5,7s4XK58jwdioXsBdXianI8,1.0244715737248824
56ejQ1pr7fZVhU5Gfx9YQ5,2nT4y8qTzu2IBYuw7j8TPi,1.0478409193554568
56ejQ1pr7fZVhU5Gfx9YQ5,3pQ0zUFOi4e1KZ8yQkeD42,1.0759415945530477
56ejQ1pr7fZVhU5Gfx9YQ5,7wClHQJlSp23OJ4TEi10Dn,1.0938487538670787
56ejQ1pr7fZVhU5Gfx9YQ5,34CkAgBoiRuElQEKoi1zVF,1.1510682177554241
56ejQ1pr7fZVhU5Gfx9YQ5,6Dqb8HDPamnC4LGd0dSAbw,1.2633469737453735
56ejQ1pr7fZVhU5Gfx9YQ5,3pHpV3pa96s4vuBP7sQq0V,1.272115237288938
2oJ0dSKYEgRvSVtCx3mC8e,37cb7mzkQKksGm0noGDXeh,0.6859451643326522
2oJ0dSKYEgRvSVtCx3mC8e,5ZgnlpPg7qfiopdvqdrs2M,0.8633747108010892
2oJ0dSKYEgRvSVtCx3mC8e,1lnEWFVBzbjQqBUEMC1i6P,0.8895281795335993
2oJ0dSKYEgRvSVtCx3mC8e,1kG7gfH4HDUlDht0VZYkiP,1.1365424969773765
2oJ0dSKYEgRvSVtCx3mC8e,3QgInVIXkrZDRVQfuKUxSm,1.1634484263402185
2oJ0dSKYEgRvSVtCx3mC8e,2Oa4PQ6WVqng8AnB7Gbabs,1.1674856108017708
2oJ0dSKYEgRvSVtCx3mC8e,37ZgsOy8t4vMnGtMExr6ah,1.1778176405059695
2oJ0dSKYEgRvSVtCx3mC8e,7G8hUONVhvJnkD3Ak8mNF1,1.2318005971786399
2oJ0dSKYEgRvSVtCx3mC8e,76GGgSpRWU1v0mH26n2ZQy,1.2377877659461802
2oJ0dSKYEgRvSVtCx3mC8e,60Cohjy8lgh1jIkTpGz9S1,1.285517919459079
35corN4vO44BQSS0VsbwwX,1aDCjyFTiY6EG9mbl7HMog,1.3641999661284803
35corN4vO44BQSS0VsbwwX,4QX6kQ5616qedOdz8zrpYj,1.7021271988414688
35corN4vO44BQSS0VsbwwX,0xdYzkbBBfTevSyOJqWUSX,1.7344495714285337
35corN4vO44BQSS0VsbwwX,3q2yXpMGvit2zgBYzKE3Zt,1.8889854720066497
35corN4vO44BQSS0VsbwwX,0pZPObivxzE2M6AnzezZWH,1.9142230135069387
35corN4vO44BQSS0VsbwwX,4Fs8Ae2PYNKQJnZmqSsKuw,1.9175452999673808
35corN4vO44BQSS0VsbwwX,5jvwBfP3afteHaLNrPrUCN,1.9209382266984147
35corN4vO44BQSS0VsbwwX,4mUiW3rsg9kicTIYwjwSsG,1.9209382266984147
35corN4vO44BQSS0VsbwwX,12SNxpytVKahQ25nOTpbFX,1.9934508815547667
35corN4vO44BQSS0VsbwwX,0BZagFWMAL33p7y6HsL3jT,2.020848837471613
31leo5SqxFz5BndXp3HKqw,0yxEJfni0yeoBgtPeiox24,1.2451707385784996
31leo5SqxFz5BndXp3HKqw,3DnYVJJH3H6P7Svy4x2DYT,1.2834546201188226
31leo5SqxFz5BndXp3HKqw,3Dk2StRqlP3JmXIY4aWyvA,1.69012429533002
31leo5SqxFz5BndXp3HKqw,3yuCAw61jqfyv2KzMoVdXA,1.7139159038719325
31leo5SqxFz5BndXp3HKqw,1wb6pRSvhekFyXO5j3fXol,1.9753639227165516
31leo5SqxFz5BndXp3HKqw,2sf4TXYzqSRdxfwu5auS6r,2.0586191870731447
31leo5SqxFz5BndXp3HKqw,2UcUL4jytfVpW0jSXi3Ggi,2.503067706346728
31leo5SqxFz5BndXp3HKqw,1GG85UhrPWoftARxxYRcpn,2.6677395312486913
31leo5SqxFz5BndXp3HKqw,7KnFT8NQPRYtWOZXhWcGGZ,2.708323656809526
31leo5SqxFz5BndXp3HKqw,6XTKYGyydndSUV3OHHDwZU,2.8318730141265553
5QvW5lK6mkfTegpAK9JOO7,7Gc9OoiYsUrByC8tzD7kYY,0.6663311056722228
5QvW5lK6mkfTegpAK9JOO7,4k2iYdpCZYH3eQX2bVKOku,0.9177158527884464
5QvW5lK6mkfTegpAK9JOO7,3QqImhDBzvbGF5Ckj5VnT2,0.9346629761867322
5QvW5lK6mkfTegpAK9JOO7,09obJ3DFME6R9uIZYPZxhG,1.0487540706094771
5QvW5lK6mkfTegpAK9JOO7,19EZKr7Kf0XWCcspyWL8Rp,1.0701997557202956
5QvW5lK6mkfTegpAK9JOO7,0gKuF5cAyTLUflACTah7yC,1.0899609048911394
5QvW5lK6mkfTegpAK9JOO7,0ZeKQudydO2uQJpfr6gNC8,1.104134947863128
5QvW5lK6mkfTegpAK9JOO7,7vrLphPq4yjaX7jiDdd2Nc,1.2050449032700374
5QvW5lK6mkfTegpAK9JOO7,3bCp61o3h46Yvr0vgMJlaL,1.2331717624991905
5QvW5lK6mkfTegpAK9JOO7,0bIgZAoXlENJVhVCt838Az,1.378146571012722
4y1KB0U6LsuWLKiZgtq5ky,3Qnz0h9QoUcqr1webXWbYM,1.6148231896109637
4y1KB0U6LsuWLKiZgtq5ky,1zc9mfxeNZ6HiSxRzY7JIA,1.9698535984993792
4y1KB0U6LsuWLKiZgtq5ky,3mYCd23hPxJW5okSvMoy3x,2.088937686083425
4y1KB0U6LsuWLKiZgtq5ky,0TpTOzLGB3JrMhpkpq3u9y,2.175677895586245
4y1KB0U6LsuWLKiZgtq5ky,4GRgeMNKXKSqmkKRqzoXB7,2.235348565050124
4y1KB0U6LsuWLKiZgtq5ky,5IXpJkpRvk97JoLMTitMPG,2.3092969436008604
4y1KB0U6LsuWLKiZgtq5ky,2ifYUfvMNbXQDPJEyk68rP,2.3429021154030463
4y1KB0U6LsuWLKiZgtq5ky,6X75beLYymFGvrw5Ocqflq,2.37267995511497
4y1KB0U6LsuWLKiZgtq5ky,75gWtvF9RJfVRbWD39cSuZ,2.373107383647481
4y1KB0U6LsuWLKiZgtq5ky,3lO1WB5qXgjviQc0KF6ZTb,2.4050035162649572
5j4kHNz5syQBR9Jfv3hwbb,1bxtePWzYybaPiUZqvgQVf,0.7890241382522185
5j4kHNz5syQBR9Jfv3hwbb,2RSTIsdhq5vqqr2GcTFdGM,0.944180829248814
5j4kHNz5syQBR9Jfv3hwbb,4W5HbjNHMU7uw27oZwLaVK,1.028116865569735
5j4kHNz5syQBR9Jfv3hwbb,4NbUqEJnGQAEDvfb1LB5V3,1.073448451969452
5j4kHNz5syQBR9Jfv3hwbb,3UgiXDauVuj9HZKzFY8TBL,1.266463715925172
5j4kHNz5syQBR9Jfv3hwbb,7gbjLoVKE8FZr8jra24GIR,1.3831813851935026
5j4kHNz5syQBR9Jfv3hwbb,0SvtBdkNRlErX8sPrFgWPW,1.4879222922062667
5j4kHNz5syQBR9Jfv3hwbb,7sJbCv83nl2S94j8ZJz2WP,1.517949053117503
5j4kHNz5syQBR9Jfv3hwbb,55N8cxpE1QDoeaaNqUnoZ2,1.5374420102236812
5j4kHNz5syQBR9Jfv3hwbb,2gEh41XUP3vI7kAjlEO92n,1.5916349643413028
1vViUoB7DpXUX10isPj7YL,6T1t7fOMfVuVpWSe2Z4Pp9,1.1261801130037745
1vViUoB7DpXUX10isPj7YL,5CIuhTu5H6req55w8yBejp,1.174864136763139
1vViUoB7DpXUX10isPj7YL,36nYdygI2cwOtjBqGxhHzY,1.2935781913640385
1vViUoB7DpXUX10isPj7YL,7zxpdh3EqMq2JCkOI0EqcG,1.3037376123548943
1vViUoB7DpXUX10isPj7YL,1jt4hk4d51pZ8DZl8yMMmG,1.4451266828124922
1vViUoB7DpXUX10isPj7YL,6XTKYGyydndSUV3OHHDwZU,1.4836863981057216
1vViUoB7DpXUX10isPj7YL,4oowGH3baaetOYlEVUglhU,1.565265049294561
1vViUoB7DpXUX10isPj7YL,7zO8xgWtAGQpAKEG9n48Yb,1.6161027524269793
1vViUoB7DpXUX10isPj7YL,0aKb5riywYeDam6ukd62RO,1.742220959903127
1vViUoB7DpXUX10isPj7YL,5wellG7pgco2QlMjVuvSsf,1.7513525153236111
5CPXR6lDTvngxtmMZxnWmC,0ILXYaWxMQVEXnKq2eTmjW,0.9383594488957488
5CPXR6lDTvngxtmMZxnWmC,7t1UzsIKRBXXVdwJRIaDxn,0.9919942104339116
5CPXR6lDTvngxtmMZxnWmC,02HdjmfXq1F2OsX6yPg86n,1.0088498498738725
5CPXR6lDTvngxtmMZxnWmC,1v685OFD51NsY493VwO7FK,1.0216220946345715
5CPXR6lDTvngxtmMZxnWmC,3ZffCQKLFLUvYM59XKLbVm,1.1288692237092595
5CPXR6lDTvngxtmMZxnWmC,1pTD59RYMnPdps8MKlMW87,1.171033688451802
5CPXR6lDTvngxtmMZxnWmC,6yQAwPJmFn0OBTKWOnQFfv,1.1855030879371615
5CPXR6lDTvngxtmMZxnWmC,5bFuHlXKw66Uu2cHKn5bf8,1.2344982222400829
5CPXR6lDTvngxtmMZxnWmC,1GxXPNNkNymHPn6yTgWPxu,1.2458436646841744
5CPXR6lDTvngxtmMZxnWmC,7Lqe8fvFzrxCufUatyaYod,1.2470210860013975
1RtoOw5CS2PBcVG8A783Q0,7nZu5xIQlEceMFpfQbjK1P,0.4661682148553078
1RtoOw5CS2PBcVG8A783Q0,3XXTR1PxuCslxeQCpRHpmW,0.873626984971056
1RtoOw5CS2PBcVG8A783Q0,5my3f3dMZENvUwAXYVQNmO,0.8887707612202667
1RtoOw5CS2PBcVG8A783Q0,2PJzQvozduq44cToUQBa0B,0.9772531318077216
1RtoOw5CS2PBcVG8A783Q0,43nB4BTmfrOZ80QYrD3Ap2,1.0981709535803184
1RtoOw5CS2PBcVG8A783Q0,5BwUt9x6Ss7bKcnDCi5H2X,1.2111543253645063
1RtoOw5CS2PBcVG8A783Q0,4HKFF8kQupjxkx0SKxcPPZ,1.2458657930355188
1RtoOw5CS2PBcVG8A783Q0,0sXJUHfwsocaJaLM5osoWX,1.2537008117165829
1RtoOw5CS2PBcVG8A783Q0,7GwYyLNFyAsSsmt2aa0z6u,1.2688136722842338
1RtoOw5CS2PBcVG8A783Q0,3zwL0EG6j9gJkPBtJY3VQu,1.2752699138598942
7C3lbQVR3vlo8WCHNiwycv,7grNHTSADMlLZ96mH4wI85,0.8648756736802053
7C3lbQVR3vlo8WCHNiwycv,1hOqxeZappRsi9FAmBUCpS,0.8954066087115075
7C3lbQVR3vlo8WCHNiwycv,6pAIDhDoB7k4bOsxbQjycO,1.1796862253607336
7C3lbQVR3vlo8WCHNiwycv,1VtPE3YY4Uc9KCaQATcVJh,1.2187547881381695
7C3lbQVR3vlo8WCHNiwycv,3dRjPo78q6rb7vaRElKNRl,1.4667211965152092
7C3lbQVR3vlo8WCHNiwycv,1nBDeSiqD2z1ofv9hEttfi,1.6463724295040767
7C3lbQVR3vlo8WCHNiwycv,4DpgPdsES4Hxdz3eqOP3Ac,1.660768328644627
7C3lbQVR3vlo8WCHNiwycv,5mwkHxbdWcUVHWxp3cEqvy,1.713524492166729
7C3lbQVR3vlo8WCHNiwycv,1Db4Qa67eYC7MxnCqFvRQj,1.727947990436862
7C3lbQVR3vlo8WCHNiwycv,6ZRwn9JqdtRQyrHT0tKIgy,2.0122671497416063
4hQ6UGyWQIGJmHSo0J88JW,0UIrLwFq3cvTg5vBMmlfjp,0.6074891880371339
4hQ6UGyWQIGJmHSo0J88JW,1I2MEjnS9c4OPMnKWbIuYs,0.6169841646522889
4hQ6UGyWQIGJmHSo0J88JW,0EmYZZ8OqeALedVhijSjsg,0.6505955196622588
4hQ6UGyWQIGJmHSo0J88JW,7oS2EnBWSHxzR2m6CxNJYA,0.8027427805527227
4hQ6UGyWQIGJmHSo0J88JW,0qwU4qCtm3aUqcAUISMhMz,0.8196329429835857
4hQ6UGyWQIGJmHSo0J88JW,5H3JW2JiQG432dldneCyW1,0.8274064394403694
4hQ6UGyWQIGJmHSo0J88JW,6IRzBP4gVoV4D2zHmocoWy,0.8685617645828047
4hQ6UGyWQIGJmHSo0J88JW,6Q3FXpvUNVHiWHU3xVMnQR,0.8774186318674873
4hQ6UGyWQIGJmHSo0J88JW,5nSdJRpyM8OkYOVGa5rlsw,0.9182608440558828
4hQ6UGyWQIGJmHSo0J88JW,1aOxOpH4AkGAd8OMrKjyNY,0.933671716691114
0OwEskGUqCMgkSY7JkJS7x,2aX1zws7bVjTLbS1cYZK2W,0.5375253043654118
0OwEskGUqCMgkSY7JkJS7x,6Z0gK8Fp0AqS9EX8Icp4hj,0.6903382954599174
0OwEskGUqCMgkSY7JkJS7x,6d1AuFOL1YBzLcruapNbZV,0.7741624536008876
0OwEskGUqCMgkSY7JkJS7x,3rXgbjVLoaHEUq82dbCP0f,0.7798210113902058
0OwEskGUqCMgkSY7JkJS7x,5XCtjnFMKtCT7ycDwV3Kdh,0.9255789487579649
0OwEskGUqCMgkSY7JkJS7x,4REZYGhSITpkC8xUiHAi2T,1.0590757936675008
0OwEskGUqCMgkSY7JkJS7x,2jcMktZrayNaiWRnRmItnY,1.134571392126968
0OwEskGUqCMgkSY7JkJS7x,4P4mcw4wHDMysBF031DDZT,1.1347273258369626
0OwEskGUqCMgkSY7JkJS7x,4dk12UlAYNruc5pwHEXncR,1.1440137153502528
0OwEskGUqCMgkSY7JkJS7x,21kVD9H40rRQkGmcMi01Fl,1.1588182114330166
0liZcBeGoLuzDIat1YXRZk,06Q3gof2rs8ErXzBrW1aVg,0.8144973396754199
0liZcBeGoLuzDIat1YXRZk,5NYejXf1mwigePilCGLjdM,0.8146450889310082
0liZcBeGoLuzDIat1YXRZk,2gEh41XUP3vI7kAjlEO92n,0.9695249525608235
0liZcBeGoLuzDIat1YXRZk,5bFuHlXKw66Uu2cHKn5bf8,0.9711802705281248
0liZcBeGoLuzDIat1YXRZk,2wqiV4aIMOosmQMqnLxXbA,0.9958632653148815
0liZcBeGoLuzDIat1YXRZk,3mnZxecdxSU4ZXSxK522sV,1.0195190694043732
0liZcBeGoLuzDIat1YXRZk,21kVD9H40rRQkGmcMi01Fl,1.0445191736305528
0liZcBeGoLuzDIat1YXRZk,0ILXYaWxMQVEXnKq2eTmjW,1.050344436668238
0liZcBeGoLuzDIat1YXRZk,4dk12UlAYNruc5pwHEXncR,1.1365423240904944
0liZcBeGoLuzDIat1YXRZk,6yQAwPJmFn0OBTKWOnQFfv,1.1393102737436758
1ypx1v2k1cQFX0Vrda7nEl,0Id7swY6cWbvYLtVVF0wvq,0.7483427189908176
1ypx1v2k1cQFX0Vrda7nEl,0ZgMBZeFQC8Jja48NuDaSC,0.7691765687708252
1ypx1v2k1cQFX0Vrda7nEl,4nbILrYODP667b3d66ZMzI,0.8685027227652992
1ypx1v2k1cQFX0Vrda7nEl,4qk8TRTKURbYICrtfAfDYr,0.9223983736364326
1ypx1v2k1cQFX0Vrda7nEl,6apacvSkVWWtCxc68FBsZV,0.9534353273419552
1ypx1v2k1cQFX0Vrda7nEl,7qrvxjTqvXvaiGhnUfCOAB,0.9857338564300987
1ypx1v2k1cQFX0Vrda7nEl,3ENn9ahP78mdUTHXDhnyFu,1.037669955684427
1ypx1v2k1cQFX0Vrda7nEl,6SP4AXgL3VCUTmdm7axe9C,1.0568465216849257
1ypx1v2k1cQFX0Vrda7nEl,32Dc90Bn6NCKMPmdfprhFq,1.066109876282699
1ypx1v2k1cQFX0Vrda7nEl,2FsrKLHO91CaT8vvY85DD6,1.0923484935179064
6VScORohpeHSfdLkPUZuZX,3ENn9ahP78mdUTHXDhnyFu,0.882918441986113
6VScORohpeHSfdLkPUZuZX,5zFgBVbfMdfo6kCKm5hD6t,0.9185448036829431
6VScORohpeHSfdLkPUZuZX,4qk8TRTKURbYICrtfAfDYr,0.9616740544024125
6VScORohpeHSfdLkPUZuZX,5aJuHyYNdOzqX6eGO2XyE8,0.9753977246754783
6VScORohpeHSfdLkPUZuZX,341863z079BT4EFPiSw9DP,1.1129940987506062
6VScORohpeHSfdLkPUZuZX,2sb6AZQLeoD3VgA4zglQB6,1.1398982646494238
6VScORohpeHSfdLkPUZuZX,4nbILrYODP667b3d66ZMzI,1.1475840510731459
6VScORohpeHSfdLkPUZuZX,6tvlaXBPNl1bu7NZsbbn9R,1.2038005433451548
6VScORohpeHSfdLkPUZuZX,6d48lKUZig9jlzUXHr7QMz,1.2128239098961542
6VScORohpeHSfdLkPUZuZX,2PJzQvozduq44cToUQBa0B,1.2364802645215849
3g8DqSjSZyY1o30Y4xnWqs,6KaEnhXKR6vSqqWzQOyqxE,0.8398451274386153
3g8DqSjSZyY1o30Y4xnWqs,1WheyFsHUcBWQ33WNHcZdI,1.0335549596277658
3g8DqSjSZyY1o30Y4xnWqs,0cJPLFrlV7TTCyPLupHzcH,1.0989827293551848
3g8DqSjSZyY1o30Y4xnWqs,6Y6py4pHq2Toh3xEvBn233,1.1442710068787207
3g8DqSjSZyY1o30Y4xnWqs,7cmghYOaklEOiHB3mzjkjY,1.2023569498045443
3g8DqSjSZyY1o30Y4xnWqs,37SgiDGQSiUTQXZo2Ml888,1.2331634372215998
3g8DqSjSZyY1o30Y4xnWqs,0ILXYaWxMQVEXnKq2eTmjW,1.2622251375548257
3g8DqSjSZyY1o30Y4xnWqs,1v685OFD51NsY493VwO7FK,1.2913499410849256
3g8DqSjSZyY1o30Y4xnWqs,7xxgqdJBcLG33vo6KXqV6S,1.3294665853746583
3g8DqSjSZyY1o30Y4xnWqs,26VPU8yYHcZs2II1PD0G9g,1.3410054626901653
43ZA173zlPZnKN3YSjrzHU,2EuRnXkQ1X97VNY3NfSqay,0.806105473662084
43ZA173zlPZnKN3YSjrzHU,7GwYyLNFyAsSsmt2aa0z6u,0.8557496544612022
43ZA173zlPZnKN3YSjrzHU,6SbLvxG1S5LKhbE3yaNSKi,0.9508768755790469
43ZA173zlPZnKN3YSjrzHU,5PAKAKbcx1gqEoiLZIS6ec,0.9987407932673409
43ZA173zlPZnKN3YSjrzHU,5my3f3dMZENvUwAXYVQNmO,1.0216423412077928
43ZA173zlPZnKN3YSjrzHU,0sXJUHfwsocaJaLM5osoWX,1.12970151693131
43ZA173zlPZnKN3YSjrzHU,51Ht5maNIl3gkur1R9Guwd,1.2328429448144749
43ZA173zlPZnKN3YSjrzHU,2JAUBPBVkimRLc5BGhAkfJ,1.254510527403173
43ZA173zlPZnKN3YSjrzHU,5D6d1DFXMkjUZYoEUf9BAt,1.2670749632800757
43ZA173zlPZnKN3YSjrzHU,23XdaKxpbB9D4mPCgoOgou,1.2961348441627192
1zZLRpTzRTqPQ7G7uxYI9Y,4fhLBWSTK9UeGiDQST7bxP,0.8224421851257967
1zZLRpTzRTqPQ7G7uxYI9Y,4YXKKnIZuk7UtXH5oC0ffa,0.9230931983077518
1zZLRpTzRTqPQ7G7uxYI9Y,3ZcLmonVVD1MTQtmQb8yf3,1.0757616006883985
1zZLRpTzRTqPQ7G7uxYI9Y,3NtC3kB57EmY8FXziu8KOn,1.189608694019364
1zZLRpTzRTqPQ7G7uxYI9Y,3YLBzcPdr3obwR4tqOJEyv,1.3258376212916332
1zZLRpTzRTqPQ7G7uxYI9Y,5xde0qUR1uUmH8ZVOqoPRo,1.3417298546756362
1zZLRpTzRTqPQ7G7uxYI9Y,5j8cflZIx0GwvlkzPImbtK,1.4582200231928761
1zZLRpTzRTqPQ7G7uxYI9Y,3KAn1EEsOVjep0Y15UNtTr,1.5748649368232848
1zZLRpTzRTqPQ7G7uxYI9Y,1nvbESS1keAEEVL7SJjSH4,1.589385907334116
1zZLRpTzRTqPQ7G7uxYI9Y,2dHCfHPFdccesaPhiisAed,1.6137351860105698
3CRT6IQTfsEZjiXfZ49g9w,5r5cp9IpziiIsR6b93vcnQ,0.7544016278697974
3CRT6IQTfsEZjiXfZ49g9w,0EpdLuptraYGFZ6J7HNSLc,0.8474724635893768
3CRT6IQTfsEZjiXfZ49g9w,78cj9M7Ax1yDruYM5QeG39,0.8799624233309744
3CRT6IQTfsEZjiXfZ49g9w,2YG0kV3M9JNde63YtelgUt,0.9785638869226786
3CRT6IQTfsEZjiXfZ49g9w,2Racq7HrXkYvF8w9zXvlTp,1.051697476378082
3CRT6IQTfsEZjiXfZ49g9w,6Yp3K2cy35hXnWQFE1yWrJ,1.0585179995422107
3CRT6IQTfsEZjiXfZ49g9w,4DFPLQ1A5VX3XJ2EdX4RzU,1.0745190716598318
3CRT6IQTfsEZjiXfZ49g9w,0SRPuTnr5QOKRoIxMvvlgK,1.086482008555301
3CRT6IQTfsEZjiXfZ49g9w,3FX9rMHZqWTpv5ZTR7TkpB,1.1052390346388319
3CRT6IQTfsEZjiXfZ49g9w,4sKGkVi8boc00JTpw7aVB7,1.1128326467546312
7GCfKBpY3l2n3LAhsqjBtO,293xyTq2gy7G5PFaMeBbmd,1.187011887330377
7GCfKBpY3l2n3LAhsqjBtO,0zmrF4iO4zaaJKQ06Yb6GO,1.4187848668641438
7GCfKBpY3l2n3LAhsqjBtO,4rtyV2gthc3k6D0rjcQJOR,1.4793202069052018
7GCfKBpY3l2n3LAhsqjBtO,42r0LZ9g8gq4afWztSw54k,1.5021334307539558
7GCfKBpY3l2n3LAhsqjBtO,4nWxif1dt6FCg4GFZcPIbO,1.5283176804220675
7GCfKBpY3l2n3LAhsqjBtO,0ggkHZbFGmofl9743xx6JO,1.7417221257853783
7GCfKBpY3l2n3LAhsqjBtO,3pmYp7wfaDfr5OwHoxAR9K,1.7556892947495983
7GCfKBpY3l2n3LAhsqjBtO,3TeGnh9c51Du7BHtRkOeS6,1.8111616766388319
7GCfKBpY3l2n3LAhsqjBtO,4YLv4bDhfubAu142fY8QN1,1.8532135671770262
7GCfKBpY3l2n3LAhsqjBtO,0XmvrI2Fczr9zkvgQvqeNx,1.9028500301419853
3z8h0TU7ReDPLIbEnYhWZb,2AwYywTNbeiWqQcLqt8UwP,0.6075762102296993
3z8h0TU7ReDPLIbEnYhWZb,2YA5IfmQwAmVzHRP3SVnEd,0.9471042944063581
3z8h0TU7ReDPLIbEnYhWZb,3hp6JfJIxkv3sl7E6p7DQj,1.011389320244091
3z8h0TU7ReDPLIbEnYhWZb,5XCtjnFMKtCT7ycDwV3Kdh,1.1313462613012906
3z8h0TU7ReDPLIbEnYhWZb,71wciO7F9Ro8J4vq1lvfru,1.1363194727261268
3z8h0TU7ReDPLIbEnYhWZb,3rXgbjVLoaHEUq82dbCP0f,1.1475545182447653
3z8h0TU7ReDPLIbEnYhWZb,6hVLkc1612BQeD6EQFKECm,1.1650082724825541
3z8h0TU7ReDPLIbEnYhWZb,2DEHcqIwG3umK94P0tlh7X,1.1662722003575021
3z8h0TU7ReDPLIbEnYhWZb,4avT69vtIK1qqC8SL7eqGJ,1.2004221531265291
3z8h0TU7ReDPLIbEnYhWZb,0D3J5hfXcaQLeMmZVxD4S7,1.2115271267287755
2YIzmw4FfKEL0LF6EtJCxW,3BpAJmSlThgkxBmzKzJHX0,0.6924347059445651
2YIzmw4FfKEL0LF6EtJCxW,3PDf2Xk2fHt3EexYRrVS0j,0.7453885786248825
2YIzmw4FfKEL0LF6EtJCxW,6mVD1SfTvlFAPVi7txFL5H,0.7488857797564138
2YIzmw4FfKEL0LF6EtJCxW,7epvz4k2v8qrzYansbnKAd,0.8828459408232967
2YIzmw4FfKEL0LF6EtJCxW,17x6eyS7sD6uqWfc8yn1EY,0.8987550657522514
2YIzmw4FfKEL0LF6EtJCxW,57v7M9jKRFP9NCP3J2ms9M,1.0388951490063778
2YIzmw4FfKEL0LF6EtJCxW,4RvtzkdXmDOjbggr6pu9jR,1.0855790535491103
2YIzmw4FfKEL0LF6EtJCxW,6kls8cSlUyHW2BUOkDJIZE,1.110215383725867
2YIzmw4FfKEL0LF6EtJCxW,4PdNeARTAYoZCwdhJninRq,1.1165629376174835
2YIzmw4FfKEL0LF6EtJCxW,0QAelR36l8kKZjccUbJ6ah,1.143202700339552
35CoDqsVF0P2w8Lgir7wrs,0l8p1TkaVgcwIUS0xwm6Y5,0.6014745205258654
35CoDqsVF0P2w8Lgir7wrs,0aIW3ekrhK1eh3BYCh11op,0.6806854579876224
35CoDqsVF0P2w8Lgir7wrs,3euQtj1nSUZsuOAAjH1LK8,0.9521721521352003
35CoDqsVF0P2w8Lgir7wrs,2QMAB7AL9WPd0LdRH4BZda,0.9573212055033509
35CoDqsVF0P2w8Lgir7wrs,52UDFFwUueOBfJ2vB5BqRr,1.160182474377453
35CoDqsVF0P2w8Lgir7wrs,3i0J9e00YhlrKO7AqgdO8Z,1.1622533004297873
35CoDqsVF0P2w8Lgir7wrs,5Tw688qLFIieMBeD7wnEgw,1.1708387400840805
35CoDqsVF0P2w8Lgir7wrs,08FVjIlxDFr0ZV5fDLlhKE,1.1799245912257992
35CoDqsVF0P2w8Lgir7wrs,4oOmRoG2lWjv6COrTT8Z28,1.1903744784595964
35CoDqsVF0P2w8Lgir7wrs,3nImoHhXBOqYcdTN8gt9eE,1.2149242952948323
0bxBXbMWl45I6GrA7yleeP,0EhYGqH7kjogumPfbKWh0t,1.059454603543653
0bxBXbMWl45I6GrA7yleeP,2sAwO9nafCv50ttjhI77a2,1.1664246538927803
0bxBXbMWl45I6GrA7yleeP,2zhL0n71GK0lhgDc83VT9A,1.2418418778041804
0bxBXbMWl45I6GrA7yleeP,6tvlaXBPNl1bu7NZsbbn9R,1.4029642601954804
0bxBXbMWl45I6GrA7yleeP,6apacvSkVWWtCxc68FBsZV,1.404242160645656
0bxBXbMWl45I6GrA7yleeP,2cZDlNMZOAwZygOvaBrJvn,1.4369067169909429
0bxBXbMWl45I6GrA7yleeP,7eEL9KyVPyH1lqqgoEIvxZ,1.5094457945007291
0bxBXbMWl45I6GrA7yleeP,2sb6AZQLeoD3VgA4zglQB6,1.7044424609116902
0bxBXbMWl45I6GrA7yleeP,39AH5NxTYx4WzPeLG6Muwk,1.8314103491897529
0bxBXbMWl45I6GrA7yleeP,6qFWAs54gSDIUh0J9XY8qx,1.8572924988635053
7cmghYOaklEOiHB3mzjkjY,1WheyFsHUcBWQ33WNHcZdI,0.8312645091878023
7cmghYOaklEOiHB3mzjkjY,66QpL8l5IJ4ND2Q79MTa3t,0.9402578601682903
7cmghYOaklEOiHB3mzjkjY,37SgiDGQSiUTQXZo2Ml888,1.2022782888081276
7cmghYOaklEOiHB3mzjkjY,3g8DqSjSZyY1o30Y4xnWqs,1.2023569498045443
7cmghYOaklEOiHB3mzjkjY,1v685OFD51NsY493VwO7FK,1.2774177509790796
7cmghYOaklEOiHB3mzjkjY,0j6zVHUhezcz02iLhmpy2e,1.3159191564362893
7cmghYOaklEOiHB3mzjkjY,2GOVk9VRBmLVEyHSdZYPEN,1.3449751343153322
7cmghYOaklEOiHB3mzjkjY,3bc6MVpDA0hm4DbuqD2r9C,1.3700022784188515
7cmghYOaklEOiHB3mzjkjY,4UF1eupXP9Zz5GpYepyOxI,1.389423374982023
7cmghYOaklEOiHB3mzjkjY,0J2OnBNKwt0KICDyDFPUvl,1.3987268442402347
0DHoB41NjhjrpUkeTcN5z1,2Hbad5lRjdQBvKRahhFTsw,0.7961327912360798
0DHoB41NjhjrpUkeTcN5z1,3mtJfeHl9dp6Rq5fXPIErc,1.008187449321759
0DHoB41NjhjrpUkeTcN5z1,0apq2ENNMlYg9Os1osfJ3Y,1.195095843930392
0DHoB41NjhjrpUkeTcN5z1,3HKENICtez4Mz0tnUqpFIP,1.3291103063322287
0DHoB41NjhjrpUkeTcN5z1,6tRcgIoOXfYbpJnTsUyK97,1.4284303768928681
0DHoB41NjhjrpUkeTcN5z1,7pagL6jtEVbRq6vVK6ua3S,1.4349795227728752
0DHoB41NjhjrpUkeTcN5z1,52aj920Nd9VlhlehQVsfwS,1.475957484930232
0DHoB41NjhjrpUkeTcN5z1,6IlQmJorOrT6eWZFqUzzES,1.4784492891145602
0DHoB41NjhjrpUkeTcN5z1,006Bi4j0yzwOc3y69GOlYV,1.5016081840286462
0DHoB41NjhjrpUkeTcN5z1,3ctDo5gZFNOiMjqa0XDBif,1.549749754586131
2YG0kV3M9JNde63YtelgUt,3FX9rMHZqWTpv5ZTR7TkpB,0.6533472177654462
2YG0kV3M9JNde63YtelgUt,4sKGkVi8boc00JTpw7aVB7,0.9192478533217556
2YG0kV3M9JNde63YtelgUt,3CRT6IQTfsEZjiXfZ49g9w,0.9785638869226786
2YG0kV3M9JNde63YtelgUt,45FR60U6pxNbiQkA8BOhBD,1.0095935802258198
2YG0kV3M9JNde63YtelgUt,0SRPuTnr5QOKRoIxMvvlgK,1.0217931990924904
2YG0kV3M9JNde63YtelgUt,2Racq7HrXkYvF8w9zXvlTp,1.0308308402186994
2YG0kV3M9JNde63YtelgUt,3bc6MVpDA0hm4DbuqD2r9C,1.0748915412683617
2YG0kV3M9JNde63YtelgUt,5nSdJRpyM8OkYOVGa5rlsw,1.0824715815227461
2YG0kV3M9JNde63YtelgUt,6AvpoXv2KL0rGYIcZ3v3QI,1.1135264221816983
2YG0kV3M9JNde63YtelgUt,0EmYZZ8OqeALedVhijSjsg,1.1298262088786766
3PF8RXSKjme6Pi58ajTIvo,2wmQfaHp4zbqQkbf5nu5SF,0.6960900254834894
3PF8RXSKjme6Pi58ajTIvo,006c9li2Mybyg5vm6doEfO,0.9138534194763005
3PF8RXSKjme6Pi58ajTIvo,3g3Ht5QpT6uPLmAmDVQOjj,0.9761238524971816
3PF8RXSKjme6Pi58ajTIvo,3jl1I9gvCXo5V9hu4hYGLY,1.0589555484863613
3PF8RXSKjme6Pi58ajTIvo,4P4mcw4wHDMysBF031DDZT,1.1598461589779414
3PF8RXSKjme6Pi58ajTIvo,46cEIa1iQPSQLnPVP2hmVm,1.2305269240956527
3PF8RXSKjme6Pi58ajTIvo,4NbUqEJnGQAEDvfb1LB5V3,1.2778433390051362
3PF8RXSKjme6Pi58ajTIvo,3I8w8mVY4KFBXbhcP5NqqH,1.3216363268305693
3PF8RXSKjme6Pi58ajTIvo,2EF9d5esVb1IJ3qIP89F9u,1.3323487720032128
3PF8RXSKjme6Pi58ajTIvo,1tbjeelOKIjolYNUNnPMAD,1.3429856441584647
3jl1I9gvCXo5V9hu4hYGLY,513qzL4sJwVPpzdc7AXZvH,0.7350755739265924
3jl1I9gvCXo5V9hu4hYGLY,55N8cxpE1QDoeaaNqUnoZ2,1.0147488865919208
3jl1I9gvCXo5V9hu4hYGLY,3v8CoiN19zAzkTG0E7TBTN,1.0500264477853565
3jl1I9gvCXo5V9hu4hYGLY,3PF8RXSKjme6Pi58ajTIvo,1.0589555484863613
3jl1I9gvCXo5V9hu4hYGLY,3UgiXDauVuj9HZKzFY8TBL,1.0894453014557766
3jl1I9gvCXo5V9hu4hYGLY,2RSTIsdhq5vqqr2GcTFdGM,1.1187224291194904
3jl1I9gvCXo5V9hu4hYGLY,2Uxnz7OTTYtgGrwjVcYRlG,1.1820637970342043
3jl1I9gvCXo5V9hu4hYGLY,21kVD9H40rRQkGmcMi01Fl,1.198573834358043
3jl1I9gvCXo5V9hu4hYGLY,7gbjLoVKE8FZr8jra24GIR,1.2073331249105566
3jl1I9gvCXo5V9hu4hYGLY,50etdpjrySctCaS4yw0a72,1.2287813789347524
4nl4KMmBskw45osLZhlhk1,5wpyfg3L9LKs64kJF6XiHF,0.706840436213436
4nl4KMmBskw45osLZhlhk1,6DXazvidTcZ7Nx78cm5hZE,0.7492380785888807
4nl4KMmBskw45osLZhlhk1,0z5EJolHD3zV6W17tigtP7,0.811998970371782
4nl4KMmBskw45osLZhlhk1,4lD40vyG33AcLiftmxQSC8,0.8577660402442069
4nl4KMmBskw45osLZhlhk1,2SLwPaJTN6B6zwcIwsuQAK,0.8834978674953551
4nl4KMmBskw45osLZhlhk1,3euQtj1nSUZsuOAAjH1LK8,0.8890133125818169
4nl4KMmBskw45osLZhlhk1,68Yx4cOTBvQkI7u5sHcZ0l,1.02441170243829
4nl4KMmBskw45osLZhlhk1,1JnHZagDFvrT2lx4QovSOo,1.0495107051205923
4nl4KMmBskw45osLZhlhk1,6pT0lZ3QhOWzjXWqO7aqVq,1.0973567061031488
4nl4KMmBskw45osLZhlhk1,12SNxpytVKahQ25nOTpbFX,1.1611586165851042
1pTD59RYMnPdps8MKlMW87,7t1UzsIKRBXXVdwJRIaDxn,0.6500585366732622
1pTD59RYMnPdps8MKlMW87,3bMpVBHhoiVVNFUCgeme4P,0.8915189817133162
1pTD59RYMnPdps8MKlMW87,1GxXPNNkNymHPn6yTgWPxu,1.0567642018106698
1pTD59RYMnPdps8MKlMW87,3ZffCQKLFLUvYM59XKLbVm,1.0941129541007586
1pTD59RYMnPdps8MKlMW87,6yQAwPJmFn0OBTKWOnQFfv,1.1414293206400705
1pTD59RYMnPdps8MKlMW87,5ynCNwoLOOHoJU4N40m97V,1.1449770184101802
1pTD59RYMnPdps8MKlMW87,5CPXR6lDTvngxtmMZxnWmC,1.171033688451802
1pTD59RYMnPdps8MKlMW87,6IRzBP4gVoV4D2zHmocoWy,1.1857957078898758
1pTD59RYMnPdps8MKlMW87,4DHkzbZSWxsCsvRoEzr28A,1.2737567993171606
1pTD59RYMnPdps8MKlMW87,4jVu0QPK9BVeNgAmfvkocn,1.2844906732263672
7pjj6hVH1uh9Mf6rQ6QO0O,33Z21GrqIGKlxF7hrz9bLd,0.5479681407411048
7pjj6hVH1uh9Mf6rQ6QO0O,7kzKAuUzOITUauHAhoMoxA,0.7727093804613713
7pjj6hVH1uh9Mf6rQ6QO0O,00TFDHSe7s8cWm5CzDY8UP,0.8190607122252671
7pjj6hVH1uh9Mf6rQ6QO0O,0EmYZZ8OqeALedVhijSjsg,0.8440346743322027
7pjj6hVH1uh9Mf6rQ6QO0O,28DlaPydCnrs8NxYOnUPZ8,0.8636744660641296
7pjj6hVH1uh9Mf6rQ6QO0O,0OGw7V8wAI6OsZIQ12JkTP,0.9241326042435434
7pjj6hVH1uh9Mf6rQ6QO0O,0j6zVHUhezcz02iLhmpy2e,0.9386791163572729
7pjj6hVH1uh9Mf6rQ6QO0O,1hMZDDqL6ThRyJQ5rsLiB5,0.981733740072623
7pjj6hVH1uh9Mf6rQ6QO0O,4hQ6UGyWQIGJmHSo0J88JW,1.041370705229096
7pjj6hVH1uh9Mf6rQ6QO0O,2RsAajgo0g7bMCHxwH3Sk0,1.042344920430466
5ulKQUbgBp6fDd9KvRVHaA,3fPgIknlkDWXs1l2noKZbp,0.6571656044509061
5ulKQUbgBp6fDd9KvRVHaA,17x6eyS7sD6uqWfc8yn1EY,0.919714345141008
5ulKQUbgBp6fDd9KvRVHaA,1tJPPxQ18pJL0MnfS4nQZn,0.9915410172276853
5ulKQUbgBp6fDd9KvRVHaA,54sxsI1fcUJSAmKyty00r5,1.0567347019944435
5ulKQUbgBp6fDd9KvRVHaA,4sKGkVi8boc00JTpw7aVB7,1.063049626423454
5ulKQUbgBp6fDd9KvRVHaA,45FR60U6pxNbiQkA8BOhBD,1.0749431253153965
5ulKQUbgBp6fDd9KvRVHaA,3ctDo5gZFNOiMjqa0XDBif,1.0804279789340665
5ulKQUbgBp6fDd9KvRVHaA,5r5cp9IpziiIsR6b93vcnQ,1.104700065362104
5ulKQUbgBp6fDd9KvRVHaA,4DFPLQ1A5VX3XJ2EdX4RzU,1.106272688216125
5ulKQUbgBp6fDd9KvRVHaA,3BpAJmSlThgkxBmzKzJHX0,1.14454867479663
2rbkwvwtdWpDwthWnTpJMj,5a8O0CAraAuR4iLZXg0s46,0.6875355694953952
2rbkwvwtdWpDwthWnTpJMj,37LMtqQkT9aEVZEedBJfw5,0.7879553552343773
2rbkwvwtdWpDwthWnTpJMj,3Fqq8l8ToyiC9ZyHyxMxFo,1.026813072622006
2rbkwvwtdWpDwthWnTpJMj,6tBt0o5KS4xYaC7aKd7RY0,1.167746959170123
2rbkwvwtdWpDwthWnTpJMj,0PPIpnwOzCZMUaGiHbAEqc,1.1894810562206035
2rbkwvwtdWpDwthWnTpJMj,1tBjTyIWZpAXKOahFNrpMK,1.3034681720993502
2rbkwvwtdWpDwthWnTpJMj,361wxJRa6M2sH1Epy2MAC1,1.3485387595020668
2rbkwvwtdWpDwthWnTpJMj,70HNt0eoBVqr4ss68U8x3B,1.372592217798066
2rbkwvwtdWpDwthWnTpJMj,7FxxBNwN27gcqRjzSE6T9N,1.3739203850726576
2rbkwvwtdWpDwthWnTpJMj,6GfqNqXkAofNOakU77MWEb,1.3899093786242256
7qrvxjTqvXvaiGhnUfCOAB,1W0voVAoKVow8VhpwWBHl5,0.7412548592565857
7qrvxjTqvXvaiGhnUfCOAB,1ypx1v2k1cQFX0Vrda7nEl,0.9857338564300987
7qrvxjTqvXvaiGhnUfCOAB,2RfncplwWMhuFY7nv2Dwwa,1.0152248311276304
7qrvxjTqvXvaiGhnUfCOAB,32Dc90Bn6NCKMPmdfprhFq,1.0389042085173554
7qrvxjTqvXvaiGhnUfCOAB,2FsrKLHO91CaT8vvY85DD6,1.0635518911232644
7qrvxjTqvXvaiGhnUfCOAB,0ZgMBZeFQC8Jja48NuDaSC,1.14314736983541
7qrvxjTqvXvaiGhnUfCOAB,6SP4AXgL3VCUTmdm7axe9C,1.1531165747170773
7qrvxjTqvXvaiGhnUfCOAB,3I9tSAQMVzAuX8QQUBG9rP,1.1539841304404301
7qrvxjTqvXvaiGhnUfCOAB,4qk8TRTKURbYICrtfAfDYr,1.168159873310644
7qrvxjTqvXvaiGhnUfCOAB,6apacvSkVWWtCxc68FBsZV,1.1788673821215734
4v5aGcoGfj22PEr53NJOHN,4WCywozuuSXGl3CscRHVD5,0.8519368959554687
4v5aGcoGfj22PEr53NJOHN,53mYqKfg39Sq3IpS2ywGfM,0.8801883255372398
4v5aGcoGfj22PEr53NJOHN,3BOJ6BFjwbixqQM8J4hgYA,0.9262023102913771
4v5aGcoGfj22PEr53NJOHN,5JvVChAko7GrMH290fetnq,1.025482349032832
4v5aGcoGfj22PEr53NJOHN,1tbjeelOKIjolYNUNnPMAD,1.1739992726625308
4v5aGcoGfj22PEr53NJOHN,46cEIa1iQPSQLnPVP2hmVm,1.2245420475929214
4v5aGcoGfj22PEr53NJOHN,0OwEskGUqCMgkSY7JkJS7x,1.263190399653308
4v5aGcoGfj22PEr53NJOHN,3g3Ht5QpT6uPLmAmDVQOjj,1.2691065274311688
4v5aGcoGfj22PEr53NJOHN,4CVOUJki8YUWol3jhLphgs,1.3316243177038494
4v5aGcoGfj22PEr53NJOHN,34nDmYlzfXjBoiWl9XoCUU,1.3567847797406594
43ueXmQ6KjITk0hKKOPOLA,2wqiV4aIMOosmQMqnLxXbA,0.7772588734405483
43ueXmQ6KjITk0hKKOPOLA,0uukw2CgEIApv4IWAjXrBC,0.8027157233965572
43ueXmQ6KjITk0hKKOPOLA,7xuu4ByQkm8qhnwJQk994r,0.8278549729789813
43ueXmQ6KjITk0hKKOPOLA,5ynCNwoLOOHoJU4N40m97V,0.981286485439552
43ueXmQ6KjITk0hKKOPOLA,7kljF41HGcnuU4tBRQ8d6k,0.9942079413390476
43ueXmQ6KjITk0hKKOPOLA,2gEh41XUP3vI7kAjlEO92n,1.0041332953903557
43ueXmQ6KjITk0hKKOPOLA,0OGw7V8wAI6OsZIQ12JkTP,1.060962082135333
43ueXmQ6KjITk0hKKOPOLA,3Hg1OJWwiNeKWX7suTNJ1Y,1.0760032969509603
43ueXmQ6KjITk0hKKOPOLA,5NYejXf1mwigePilCGLjdM,1.1150226393702964
43ueXmQ6KjITk0hKKOPOLA,58pYOqfeO87Uk8zPHuOGBu,1.1442659377601185
1wCxDPQUF3YBMgeJMJkRGH,0CqCpm4LLQbHUX5ysizWJS,1.1942041452914445
1wCxDPQUF3YBMgeJMJkRGH,5k5QpH6VYu2EZZaw5ceSkJ,1.4043432043222541
1wCxDPQUF3YBMgeJMJkRGH,3pQ0zUFOi4e1KZ8yQkeD42,1.9349968346532487
1wCxDPQUF3YBMgeJMJkRGH,2wjkeM2gmbIa2sBkbnWLb0,1.9540685844529662
1wCxDPQUF3YBMgeJMJkRGH,5Yxof5s4AdLjkCmkIfGDSV,1.9789177614985667
1wCxDPQUF3YBMgeJMJkRGH,6nsdMJW0IU4pR3pEmo0LAI,1.992621934808684
1wCxDPQUF3YBMgeJMJkRGH,34CkAgBoiRuElQEKoi1zVF,2.2600533794871276
1wCxDPQUF3YBMgeJMJkRGH,7s4XK58jwdioXsBdXianI8,2.2713121478595237
1wCxDPQUF3YBMgeJMJkRGH,3I8w8mVY4KFBXbhcP5NqqH,2.3053541841497993
1wCxDPQUF3YBMgeJMJkRGH,33LleOXlYSGmHinXyHWU7g,2.3212763623134998
6n6zJJFmKJ1DoKq2eMCbEb,57v7M9jKRFP9NCP3J2ms9M,0.7932831479392903
6n6zJJFmKJ1DoKq2eMCbEb,4sNG6zQBmtq7M8aeeKJRMQ,0.8461064433891531
6n6zJJFmKJ1DoKq2eMCbEb,006Bi4j0yzwOc3y69GOlYV,0.8644110305835144
6n6zJJFmKJ1DoKq2eMCbEb,52aj920Nd9VlhlehQVsfwS,0.8701528648011898
6n6zJJFmKJ1DoKq2eMCbEb,7m0ZqFw6SHoAvtEccpMOs3,0.8907894851550688
6n6zJJFmKJ1DoKq2eMCbEb,4q6ZHerrtO7gcF67KFX0BF,0.9168504672780666
6n6zJJFmKJ1DoKq2eMCbEb,7bfocP7GYoLOutUYpTI8tx,0.9812917018917033
6n6zJJFmKJ1DoKq2eMCbEb,6mVD1SfTvlFAPVi7txFL5H,0.9986992038575317
6n6zJJFmKJ1DoKq2eMCbEb,1byfhRPkrLvnQ4ib1SWNxQ,1.071168623212512
6n6zJJFmKJ1DoKq2eMCbEb,1JfcfNnW1pfsaYdqO6Vrkn,1.0737128268399103
3euQtj1nSUZsuOAAjH1LK8,2JAUBPBVkimRLc5BGhAkfJ,0.5333172412280569
3euQtj1nSUZsuOAAjH1LK8,0aIW3ekrhK1eh3BYCh11op,0.7504923494360534
3euQtj1nSUZsuOAAjH1LK8,4nl4KMmBskw45osLZhlhk1,0.8890133125818169
3euQtj1nSUZsuOAAjH1LK8,6DXazvidTcZ7Nx78cm5hZE,0.9247900847004917
3euQtj1nSUZsuOAAjH1LK8,35CoDqsVF0P2w8Lgir7wrs,0.9521721521352003
3euQtj1nSUZsuOAAjH1LK8,1JnHZagDFvrT2lx4QovSOo,0.9749411236479665
3euQtj1nSUZsuOAAjH1LK8,0l8p1TkaVgcwIUS0xwm6Y5,0.9986526369795934
3euQtj1nSUZsuOAAjH1LK8,5Tw688qLFIieMBeD7wnEgw,1.0263443172539637
3euQtj1nSUZsuOAAjH1LK8,3ENn9ahP78mdUTHXDhnyFu,1.0358481568651567
3euQtj1nSUZsuOAAjH1LK8,52UDFFwUueOBfJ2vB5BqRr,1.0383907134012482
5a8O0CAraAuR4iLZXg0s46,2rbkwvwtdWpDwthWnTpJMj,0.6875355694953952
5a8O0CAraAuR4iLZXg0s46,37LMtqQkT9aEVZEedBJfw5,0.8999645241776456
5a8O0CAraAuR4iLZXg0s46,4fhLBWSTK9UeGiDQST7bxP,1.0153098072065903
5a8O0CAraAuR4iLZXg0s46,361wxJRa6M2sH1Epy2MAC1,1.1246844419366375
5a8O0CAraAuR4iLZXg0s46,5j8cflZIx0GwvlkzPImbtK,1.194330418440159
5a8O0CAraAuR4iLZXg0s46,3Fqq8l8ToyiC9ZyHyxMxFo,1.2322011603258023
5a8O0CAraAuR4iLZXg0s46,70HNt0eoBVqr4ss68U8x3B,1.248078793379726
5a8O0CAraAuR4iLZXg0s46,1tBjTyIWZpAXKOahFNrpMK,1.3437724692003064
5a8O0CAraAuR4iLZXg0s46,4AUpGuaBY9IWkOYgvA1hy6,1.378666223610457
5a8O0CAraAuR4iLZXg0s46,1nvbESS1keAEEVL7SJjSH4,1.3879108297041767
0jNRJBmHgJDOmiIvk10J9C,56NkIxSZZiMpFP5ZNSxtnT,0.9487527863471693
0jNRJBmHgJDOmiIvk10J9C,6Vb1LGvWPpP3aeuRcp098D,0.9863393143145225
0jNRJBmHgJDOmiIvk10J9C,6AJppuCk5EE86paOdDI4yL,1.0387822019761555
0jNRJBmHgJDOmiIvk10J9C,6rSNgGImNmGPcosJiPLgzs,1.1024023042045945
0jNRJBmHgJDOmiIvk10J9C,0BFWUoOu91FcOEtpTdWFrN,1.1034010878625398
0jNRJBmHgJDOmiIvk10J9C,0OxDGZakSMFjEHSoQHEjfy,1.139548767527509
0jNRJBmHgJDOmiIvk10J9C,7H4baUrCPnLkLOl6o9zkMO,1.2603579476118922
0jNRJBmHgJDOmiIvk10J9C,3Ye0P7D5bGfuDmTCKJuWxy,1.2689495477685013
0jNRJBmHgJDOmiIvk10J9C,5QLndwpuydTkQow1127Rxr,1.2692042480261392
0jNRJBmHgJDOmiIvk10J9C,6GfqNqXkAofNOakU77MWEb,1.336252106635492
74KSE7y8YHGzaAI4gOTIFn,0m3X8i1ggDvQOjtEL5CdV4,1.4153770768782516
74KSE7y8YHGzaAI4gOTIFn,3nX1nZJoLqfNSBq19RPGS4,1.6012190485708255
74KSE7y8YHGzaAI4gOTIFn,6KaEnhXKR6vSqqWzQOyqxE,1.6248483862236238
74KSE7y8YHGzaAI4gOTIFn,0nEeAGQIFWf7xadpqJmywu,1.7240046531857167
74KSE7y8YHGzaAI4gOTIFn,1v9ciHEQ38bWRa3EfTUiwZ,1.7257361646472131
74KSE7y8YHGzaAI4gOTIFn,6P05Vvy9h2eFyWSu98BGWk,1.8427016204996962
74KSE7y8YHGzaAI4gOTIFn,58zM8eyUWtoX4V3qpJ7pxC,1.9115316403963554
74KSE7y8YHGzaAI4gOTIFn,67al4eD0HtTYVqw1BLcF2d,1.9147014051344533
74KSE7y8YHGzaAI4gOTIFn,3rTk7Ll8NRrd2jspBFtimV,1.942294805884197
74KSE7y8YHGzaAI4gOTIFn,2dDE3WCSj2cELFYO1IfECD,1.9551979214722828
0pZPObivxzE2M6AnzezZWH,041Xf2o8yDouqWCDKqkGuC,1.0033498048400205
0pZPObivxzE2M6AnzezZWH,3jumxkobNDisdRz27CxhOF,1.0153924251344675
0pZPObivxzE2M6AnzezZWH,7KFV09JUeoWlKei8kpy530,1.1207543378717464
0pZPObivxzE2M6AnzezZWH,0xdYzkbBBfTevSyOJqWUSX,1.142932539885638
0pZPObivxzE2M6AnzezZWH,3cyN4BZhcTdZyTMcqaCDb3,1.1949269180447584
0pZPObivxzE2M6AnzezZWH,07R7LVnlKmNqNI7BA4K2ld,1.2492142612881147
0pZPObivxzE2M6AnzezZWH,1UR0RbyH4bKoovDNnGd53G,1.2676154040349257
0pZPObivxzE2M6AnzezZWH,77Jbr7aQyYsH20luHDn7iv,1.286020047372366
0pZPObivxzE2M6AnzezZWH,5yHfBb0WQaED1bdLugCuha,1.3219059508751747
0pZPObivxzE2M6AnzezZWH,7qmQ9XrTcARzZIE8A0n2Te,1.331502616659825
6tRcgIoOXfYbpJnTsUyK97,0DHoB41NjhjrpUkeTcN5z1,1.4284303768928681
6tRcgIoOXfYbpJnTsUyK97,2Hbad5lRjdQBvKRahhFTsw,1.5485353482723638
6tRcgIoOXfYbpJnTsUyK97,7b94Oh1p69ue3mCdXsngrh,1.631087111989551
6tRcgIoOXfYbpJnTsUyK97,3mtJfeHl9dp6Rq5fXPIErc,1.856740111092869
6tRcgIoOXfYbpJnTsUyK97,0apq2ENNMlYg9Os1osfJ3Y,1.879311422927648
6tRcgIoOXfYbpJnTsUyK97,6QOdlvNKRPTyX9YcTVmCKU,1.9997565968829898
6tRcgIoOXfYbpJnTsUyK97,3NtC3kB57EmY8FXziu8KOn,2.0121506444859514
6tRcgIoOXfYbpJnTsUyK97,3HKENICtez4Mz0tnUqpFIP,2.05257211722329
6tRcgIoOXfYbpJnTsUyK97,3uliGwmB52ZA7brgpZMzyH,2.0550857704772048
6tRcgIoOXfYbpJnTsUyK97,4pY65PI8PkbRumQpEoxElV,2.158714493053999
4x9l3fDzgvzg9t7Csbufrn,6TzYMmTsjyTIf1cSSuOcAw,1.0271592665505225
4x9l3fDzgvzg9t7Csbufrn,2xETIuyVWAjWXFSbqngBYq,1.0277110447359126
4x9l3fDzgvzg9t7Csbufrn,6XDdcBC0hQkRcQfYovxd4c,1.0595729644565883
4x9l3fDzgvzg9t7Csbufrn,4TCMm1N1zoNmRYaLbYwB2k,1.0940763334677877
4x9l3fDzgvzg9t7Csbufrn,1Zd1Y1UeG8PB5fDSgKQaH6,1.0953697288987392
4x9l3fDzgvzg9t7Csbufrn,1nBDeSiqD2z1ofv9hEttfi,1.1390980262270212
4x9l3fDzgvzg9t7Csbufrn,1mRgy0qWyAc8EpFeeRNnRK,1.1596717113845514
4x9l3fDzgvzg9t7Csbufrn,4uFXfaNBVQw1MJ9K19P8QS,1.208321960640021
4x9l3fDzgvzg9t7Csbufrn,4cF6Pk7YaRtv91mSZa4nVi,1.247079743005083
4x9l3fDzgvzg9t7Csbufrn,3xLtrBuptxKDFww9lND5Dc,1.2693866193779755
2RJireEKZhGveSCh1cDZjN,04tv9ewp0KMC5ijweE1GmS,0.9147706874579528
2RJireEKZhGveSCh1cDZjN,0H9T97wS2k3bk1JcyOlrrN,1.1186231989754192
2RJireEKZhGveSCh1cDZjN,7g90T7PIBzqIpKZG0lzPzS,1.190667358481905
2RJireEKZhGveSCh1cDZjN,4G9X7CZFiwfG2P99sIaaK2,1.205525550216919
2RJireEKZhGveSCh1cDZjN,4FqirD1KsDyNukowu8TWhX,1.2344510734899756
2RJireEKZhGveSCh1cDZjN,2hw1sBTzjB9zghnlLpqeAj,1.3109549545628978
2RJireEKZhGveSCh1cDZjN,1eGdw1BbGAYaXbgPcVIkGm,1.44536332268992
2RJireEKZhGveSCh1cDZjN,018vKll25kQiBjJ9FVOhSV,1.6241748955948188
2RJireEKZhGveSCh1cDZjN,59eCy91JDrnpbPLF3T3L03,1.6504092649319078
2RJireEKZhGveSCh1cDZjN,2ZZ3SXe3q8fwzVtIrQpEKy,1.7527683555336435
6vpyvi70JNqAJa9IqNx8qy,54SQet8YMttOgTqDNGcGpe,0.779289644214116
6vpyvi70JNqAJa9IqNx8qy,3z4XtoZVf8AOoR18Lnp7e1,0.8557303886218123
6vpyvi70JNqAJa9IqNx8qy,2oya2LiaY0kG9ULocwIoaw,0.9280046552154207
6vpyvi70JNqAJa9IqNx8qy,0U7SRbyBhkdXdulXr3veKQ,0.9370536869155354
6vpyvi70JNqAJa9IqNx8qy,2C6fzRAlaWOhKCOsn5a0Nk,0.946868078296731
6vpyvi70JNqAJa9IqNx8qy,7xs1ksUAb2XswNWJjeyt7V,0.98172824872469
6vpyvi70JNqAJa9IqNx8qy,4yxjD1iYOICm8cizKrbtPg,1.0162776711922015
6vpyvi70JNqAJa9IqNx8qy,1kG7gfH4HDUlDht0VZYkiP,1.029385255162991
6vpyvi70JNqAJa9IqNx8qy,3QqImhDBzvbGF5Ckj5VnT2,1.0439634615553819
6vpyvi70JNqAJa9IqNx8qy,37ZgsOy8t4vMnGtMExr6ah,1.0616269868308927
3XXTR1PxuCslxeQCpRHpmW,2PJzQvozduq44cToUQBa0B,0.5481440469055675
3XXTR1PxuCslxeQCpRHpmW,1RtoOw5CS2PBcVG8A783Q0,0.873626984971056
3XXTR1PxuCslxeQCpRHpmW,5aJuHyYNdOzqX6eGO2XyE8,0.9081332294732531
3XXTR1PxuCslxeQCpRHpmW,7nZu5xIQlEceMFpfQbjK1P,0.9592528431407771
3XXTR1PxuCslxeQCpRHpmW,341863z079BT4EFPiSw9DP,1.0510982756836893
3XXTR1PxuCslxeQCpRHpmW,43nB4BTmfrOZ80QYrD3Ap2,1.070427823593766
3XXTR1PxuCslxeQCpRHpmW,5BwUt9x6Ss7bKcnDCi5H2X,1.084439201379332
3XXTR1PxuCslxeQCpRHpmW,7GwYyLNFyAsSsmt2aa0z6u,1.2093904081565554
3XXTR1PxuCslxeQCpRHpmW,6VScORohpeHSfdLkPUZuZX,1.248378382571925
3XXTR1PxuCslxeQCpRHpmW,42OUnOczRtCTyPTqvBsHzW,1.2934079555822773
4RyifJbF8JhMtFdR2Bzslt,0OxDGZakSMFjEHSoQHEjfy,1.4678338842365193
4RyifJbF8JhMtFdR2Bzslt,0ftMOhVfFm5Wbs5sZdEtsC,1.4764182795909773
4RyifJbF8JhMtFdR2Bzslt,1fGKZqyPR0fHLpXOlMLFvp,1.5161168197948698
4RyifJbF8JhMtFdR2Bzslt,7xuu4ByQkm8qhnwJQk994r,1.5468772772489419
4RyifJbF8JhMtFdR2Bzslt,43ueXmQ6KjITk0hKKOPOLA,1.5593937649903382
4RyifJbF8JhMtFdR2Bzslt,5v4ikwHHJWghlUcDoaYWNW,1.5677687542343801
4RyifJbF8JhMtFdR2Bzslt,7kljF41HGcnuU4tBRQ8d6k,1.6024684031163126
4RyifJbF8JhMtFdR2Bzslt,7gbjLoVKE8FZr8jra24GIR,1.6988095242874768
4RyifJbF8JhMtFdR2Bzslt,0ct6r3EGTcMLPtrXHDvVjc,1.7081159927479006
4RyifJbF8JhMtFdR2Bzslt,2RWFncSWZEhSRRifqiDNVV,1.7438547090051946
7b94Oh1p69ue3mCdXsngrh,2EPZGTfBbz3a0MqkppHwhD,1.5406052621366835
7b94Oh1p69ue3mCdXsngrh,6tRcgIoOXfYbpJnTsUyK97,1.631087111989551
7b94Oh1p69ue3mCdXsngrh,2ANvtgV1j5Ba4d4WTYnQkQ,1.9106381461072506
7b94Oh1p69ue3mCdXsngrh,341b9JIDHZ3oaMVNwS0OsA,1.9387091165366555
7b94Oh1p69ue3mCdXsngrh,21V4cmZDzVTyoOE2kFTl1Z,2.0017833228194815
7b94Oh1p69ue3mCdXsngrh,3fs82T0O6mdVcSHhoNlAES,2.0840384134657177
7b94Oh1p69ue3mCdXsngrh,6d48lKUZig9jlzUXHr7QMz,2.1059512126959845
7b94Oh1p69ue3mCdXsngrh,2cZDlNMZOAwZygOvaBrJvn,2.161277908705396
7b94Oh1p69ue3mCdXsngrh,4pY65PI8PkbRumQpEoxElV,2.2089681451749876
7b94Oh1p69ue3mCdXsngrh,4nbILrYODP667b3d66ZMzI,2.2886704400570648
5frWFPeKH8Pam3rKLFCytt,1sKt4HswC1nmkjuhhG0KFt,0.8753992464100917
5frWFPeKH8Pam3rKLFCytt,6qFWAs54gSDIUh0J9XY8qx,0.9162176181923936
5frWFPeKH8Pam3rKLFCytt,7n4Y9BCKLHi4hqI2NctuAq,0.9541596121021108
5frWFPeKH8Pam3rKLFCytt,5BUq9bdtsm3LWw5laJeJ4R,1.0221097975196103
5frWFPeKH8Pam3rKLFCytt,4E93IPDPbaNJUDTpur3V63,1.0264382098607248
5frWFPeKH8Pam3rKLFCytt,5QLndwpuydTkQow1127Rxr,1.056699890996293
5frWFPeKH8Pam3rKLFCytt,5aAjcWycNzzlnnwRB8z0zL,1.073765192626834
5frWFPeKH8Pam3rKLFCytt,5Gox2FHWcB882eGsRIkdrt,1.1101260154614152
5frWFPeKH8Pam3rKLFCytt,3iOcbCxe0jW1XrlFb0rvj2,1.1264184958292698
5frWFPeKH8Pam3rKLFCytt,7uBdncahX0bULWkpaDax8y,1.1283071356705745
3JVeCPb470mUJ7otD7i8j4,6Y6py4pHq2Toh3xEvBn233,0.9565461037833859
3JVeCPb470mUJ7otD7i8j4,6KaEnhXKR6vSqqWzQOyqxE,1.2133745026241491
3JVeCPb470mUJ7otD7i8j4,7xxgqdJBcLG33vo6KXqV6S,1.2288958931379241
3JVeCPb470mUJ7otD7i8j4,2lffRiAET2Xt6BNb4EmkS2,1.2620999430933282
3JVeCPb470mUJ7otD7i8j4,2xETIuyVWAjWXFSbqngBYq,1.2832578266752723
3JVeCPb470mUJ7otD7i8j4,1fdDasmoFSBRdsuCLL3ger,1.3056996151815632
3JVeCPb470mUJ7otD7i8j4,6ekLy1OsrYdLMbcqc0KZ8G,1.3123240300429728
3JVeCPb470mUJ7otD7i8j4,6TzYMmTsjyTIf1cSSuOcAw,1.340158648632544
3JVeCPb470mUJ7otD7i8j4,6ZRwn9JqdtRQyrHT0tKIgy,1.3579124690102007
3JVeCPb470mUJ7otD7i8j4,7LihoPgTF9hnxMh9lRTNkA,1.4283188961210347
0nfQH9hmgwtQ4EK0945Zdy,0CGkdIKWvQsgr3zM25jNa8,1.2368819151839516
0nfQH9hmgwtQ4EK0945Zdy,2tUChcOi3ktjFzMYu2w5QL,1.3549633268928223
0nfQH9hmgwtQ4EK0945Zdy,5dy25rHjyfAbpkHDI9yfTY,1.4869709202509382
0nfQH9hmgwtQ4EK0945Zdy,4Xn89qH8uKOumgvAGSvY3U,1.6189946252295053
0nfQH9hmgwtQ4EK0945Zdy,4HyxYaIV98fUKeApfxHEHv,1.6587178070600732
0nfQH9hmgwtQ4EK0945Zdy,3VWzxuO5Z7hQojEAxysjeG,1.6622082015404653
0nfQH9hmgwtQ4EK0945Zdy,2QZHLFuN2hW8eaTTILNSEC,1.6821716147009114
0nfQH9hmgwtQ4EK0945Zdy,26op06vMM21RB0hej3b0lG,1.7143060284356402
0nfQH9hmgwtQ4EK0945Zdy,10aDiDITMu33TQNqVR35iM,1.73782373866927
0nfQH9hmgwtQ4EK0945Zdy,6vpyvi70JNqAJa9IqNx8qy,1.8043643340632678
6tX41Di5fwIaOyW2h02DmO,32Dc90Bn6NCKMPmdfprhFq,1.3336270341981205
6tX41Di5fwIaOyW2h02DmO,0ud4VAfTH1AOb904kWOTzJ,1.3455825394162193
6tX41Di5fwIaOyW2h02DmO,2n0U2OG5d6TuW5mKx7YrC0,1.4433580927452634
6tX41Di5fwIaOyW2h02DmO,7kIyiyXcaOkk0g3SOxPd33,1.5276477969592905
6tX41Di5fwIaOyW2h02DmO,2VSGzQqy9nqJefcYGJNWst,1.5413461398978732
6tX41Di5fwIaOyW2h02DmO,3I9tSAQMVzAuX8QQUBG9rP,1.5869724780607195
6tX41Di5fwIaOyW2h02DmO,4siZLgCKM0IKnD1ek6Bt4d,1.5958805242755785
6tX41Di5fwIaOyW2h02DmO,0IgDxg8KOtsM8x3y09L9oB,1.602587060081047
6tX41Di5fwIaOyW2h02DmO,3ynNOKWGmuFQiMksRibJyF,1.6234605273211205
6tX41Di5fwIaOyW2h02DmO,2kx5sQgmjYug0GiDh1a4sU,1.6256508645084686
3uUuGVFu1V7jTQL60S1r8z,2O2oWOUJM14dWhQNpkcSbD,0.9819321221605436
3uUuGVFu1V7jTQL60S1r8z,0p4D8tKBjpTqOpFhwxIXe1,1.120201685282385
3uUuGVFu1V7jTQL60S1r8z,20McUFi8KCIVdNDLrkTDuZ,1.2174425313264727
3uUuGVFu1V7jTQL60S1r8z,6qFWAs54gSDIUh0J9XY8qx,1.226629583798688
3uUuGVFu1V7jTQL60S1r8z,7h9VHJe3SJnNpedITpOQWO,1.231428692401683
3uUuGVFu1V7jTQL60S1r8z,5aAjcWycNzzlnnwRB8z0zL,1.2507997947420804
3uUuGVFu1V7jTQL60S1r8z,0TXwOYYmyZBOmi75DPVQd8,1.2758861794289957
3uUuGVFu1V7jTQL60S1r8z,6YNdQ5utvFnK4CTAnBga06,1.3285811732730843
3uUuGVFu1V7jTQL60S1r8z,5Gox2FHWcB882eGsRIkdrt,1.3333275835356337
3uUuGVFu1V7jTQL60S1r8z,48RAUxA6ZlqIuM4pON0GVC,1.3636919814191537
08FVjIlxDFr0ZV5fDLlhKE,7GdmthJKzEggNQqkREPLDY,0.9634938646373205
08FVjIlxDFr0ZV5fDLlhKE,4oOmRoG2lWjv6COrTT8Z28,1.1211254536272122
08FVjIlxDFr0ZV5fDLlhKE,35CoDqsVF0P2w8Lgir7wrs,1.1799245912257992
08FVjIlxDFr0ZV5fDLlhKE,2QMAB7AL9WPd0LdRH4BZda,1.2362062323587548
08FVjIlxDFr0ZV5fDLlhKE,4DGbBb3ngjF7RsP5f9m7kW,1.2892078615470743
08FVjIlxDFr0ZV5fDLlhKE,0l8p1TkaVgcwIUS0xwm6Y5,1.3532029997546888
08FVjIlxDFr0ZV5fDLlhKE,2sAwO9nafCv50ttjhI77a2,1.4217814989310404
08FVjIlxDFr0ZV5fDLlhKE,0aIW3ekrhK1eh3BYCh11op,1.4435929337304045
08FVjIlxDFr0ZV5fDLlhKE,7GkHIsnziYgk6j1lx2TK6H,1.4829055915595954
08FVjIlxDFr0ZV5fDLlhKE,1zx6GSqLYI2ynzAHnPRKBR,1.52587810259833
6TSDRzJGwbK9cajVbtqlPV,0zuH9aSrPkctSaAn1kPN86,1.0129608254188194
6TSDRzJGwbK9cajVbtqlPV,0BZagFWMAL33p7y6HsL3jT,1.2907255968967564
6TSDRzJGwbK9cajVbtqlPV,1pIMxRddmCGalHnRbLFkWg,1.296547053764375
6TSDRzJGwbK9cajVbtqlPV,0xdYzkbBBfTevSyOJqWUSX,1.31931833615761
6TSDRzJGwbK9cajVbtqlPV,47k1Cbink0USdP1eDmGjFj,1.3382923311344501
6TSDRzJGwbK9cajVbtqlPV,6GfqNqXkAofNOakU77MWEb,1.366473397772713
6TSDRzJGwbK9cajVbtqlPV,4hQ6UGyWQIGJmHSo0J88JW,1.3995831092796784
6TSDRzJGwbK9cajVbtqlPV,4mUiW3rsg9kicTIYwjwSsG,1.4150366544226467
6TSDRzJGwbK9cajVbtqlPV,5jvwBfP3afteHaLNrPrUCN,1.4150366544226467
6TSDRzJGwbK9cajVbtqlPV,1I2MEjnS9c4OPMnKWbIuYs,1.4161406309612166
4vUCHtGTRH3kok4KZMZmWh,3jumxkobNDisdRz27CxhOF,1.2534225366807294
4vUCHtGTRH3kok4KZMZmWh,7HM1onSgR6op93vH7jNTV5,1.2925032454573986
4vUCHtGTRH3kok4KZMZmWh,20Laa9YU8RVHZ9iGKMeM7w,1.4072533695387888
4vUCHtGTRH3kok4KZMZmWh,2esbthZf8kgJK8x8n9BYNe,1.6765827153811657
4vUCHtGTRH3kok4KZMZmWh,3y8doSsikONxr7FMYCt41C,1.7169951030104815
4vUCHtGTRH3kok4KZMZmWh,0pZPObivxzE2M6AnzezZWH,1.7201214818231407
4vUCHtGTRH3kok4KZMZmWh,3cyN4BZhcTdZyTMcqaCDb3,1.7323065085880025
4vUCHtGTRH3kok4KZMZmWh,0u5mGjvZPRx3uFCwXKcXCP,1.765659701570432
4vUCHtGTRH3kok4KZMZmWh,712vBjPwBMW6Bd4i2xo5pm,1.8473831272069665
4vUCHtGTRH3kok4KZMZmWh,2sKchp54KqDz6jPofHZ66t,1.8752853578623612
4oowGH3baaetOYlEVUglhU,6T1t7fOMfVuVpWSe2Z4Pp9,0.7132313166644634
4oowGH3baaetOYlEVUglhU,36nYdygI2cwOtjBqGxhHzY,0.8379730698128882
4oowGH3baaetOYlEVUglhU,5CIuhTu5H6req55w8yBejp,0.8695912549429514
4oowGH3baaetOYlEVUglhU,4I0edgb5lVFVllfB7igc91,0.9112145023890923
4oowGH3baaetOYlEVUglhU,1jt4hk4d51pZ8DZl8yMMmG,0.9338107736802888
4oowGH3baaetOYlEVUglhU,0aKb5riywYeDam6ukd62RO,0.9796611990616456
4oowGH3baaetOYlEVUglhU,6ibmDmnayyljaIfT8hgkVq,1.0344604229397603
4oowGH3baaetOYlEVUglhU,6bWSlgj7GqYXsorKurrxTJ,1.13803637319926
4oowGH3baaetOYlEVUglhU,68xC2JQSgK9L43IkW7UvNT,1.549469463267904
4oowGH3baaetOYlEVUglhU,1vViUoB7DpXUX10isPj7YL,1.565265049294561
3BpAJmSlThgkxBmzKzJHX0,2YIzmw4FfKEL0LF6EtJCxW,0.6924347059445651
3BpAJmSlThgkxBmzKzJHX0,4RvtzkdXmDOjbggr6pu9jR,0.943398768202143
3BpAJmSlThgkxBmzKzJHX0,17x6eyS7sD6uqWfc8yn1EY,1.0173503282313892
3BpAJmSlThgkxBmzKzJHX0,3PDf2Xk2fHt3EexYRrVS0j,1.021999842366902
3BpAJmSlThgkxBmzKzJHX0,1tJPPxQ18pJL0MnfS4nQZn,1.0931755754327936
3BpAJmSlThgkxBmzKzJHX0,3fPgIknlkDWXs1l2noKZbp,1.132788883242514
3BpAJmSlThgkxBmzKzJHX0,5ulKQUbgBp6fDd9KvRVHaA,1.14454867479663
3BpAJmSlThgkxBmzKzJHX0,5lfWrciYtohtIMVDVZd0Rf,1.2376002322619317
3BpAJmSlThgkxBmzKzJHX0,0SRPuTnr5QOKRoIxMvvlgK,1.2464412586591371
3BpAJmSlThgkxBmzKzJHX0,7epvz4k2v8qrzYansbnKAd,1.2602053935496302
2VAP7blVVE9odqmMyM6HFf,2nLtzopw4rPReszdYBJU6h,0.575970728942203
2VAP7blVVE9odqmMyM6HFf,1erM5eAa42t5PizveNnsbY,1.0843786901873662
2VAP7blVVE9odqmMyM6HFf,0KOAra08PQ11mhmUCX5pJf,1.3092855879632195
2VAP7blVVE9odqmMyM6HFf,4yqRW7Ovd47DcgfuWXzEGR,1.374279890321319
2VAP7blVVE9odqmMyM6HFf,1hP0hDL5VREpThmMOa1pta,1.5409322264631777
2VAP7blVVE9odqmMyM6HFf,0Q5OUoMBRrbQIYb3TZnzQe,1.6150605097887005
2VAP7blVVE9odqmMyM6HFf,3Hg1OJWwiNeKWX7suTNJ1Y,1.619062909779459
2VAP7blVVE9odqmMyM6HFf,0gKuF5cAyTLUflACTah7yC,1.6591671972605073
2VAP7blVVE9odqmMyM6HFf,2wqiV4aIMOosmQMqnLxXbA,1.684587222595942
2VAP7blVVE9odqmMyM6HFf,6mSDD3nBMVP0ZwJoLakFYo,1.7247783043006715
1H1WA6PzEJlqx3YQ2g3dH7,4hA4vowf8u8fhA2KlxBJIa,1.1275512372118977
1H1WA6PzEJlqx3YQ2g3dH7,3eqD8kifaVLMNJS1zRk73b,1.1275512372118977
1H1WA6PzEJlqx3YQ2g3dH7,4MNXKskyfqES2LAlbrrRbV,1.3921354631724443
1H1WA6PzEJlqx3YQ2g3dH7,4zLtcR5Hfm80fSqogapUEc,1.4419146802854146
1H1WA6PzEJlqx3YQ2g3dH7,2NaU7cuWOBIOPA2nBJ06Hd,1.4672626802238669
1H1WA6PzEJlqx3YQ2g3dH7,6ecXZdsvfOQjjQcVNs4WkN,1.5114729691943398
1H1WA6PzEJlqx3YQ2g3dH7,3G4GIs0jGwIbLFGBL3ZSNc,1.5685890333128223
1H1WA6PzEJlqx3YQ2g3dH7,0vqw3BCyNr3DDVBmjD21H8,1.5761213931912468
1H1WA6PzEJlqx3YQ2g3dH7,3Pxapn7Bs6jmvPYZl2DDcc,1.6480904390221947
1H1WA6PzEJlqx3YQ2g3dH7,2oErhjDmRwjiBvdWsl5WmG,1.75777368856513
7sJbCv83nl2S94j8ZJz2WP,1lZzyOyH9LSAWFjHKz9TT2,0.6116254467963312
7sJbCv83nl2S94j8ZJz2WP,2gEh41XUP3vI7kAjlEO92n,0.6928728768715658
7sJbCv83nl2S94j8ZJz2WP,5Cpk0Hg5KSUmm0BdyIkVVW,0.8240435666089454
7sJbCv83nl2S94j8ZJz2WP,0Q5OUoMBRrbQIYb3TZnzQe,0.871392508954771
7sJbCv83nl2S94j8ZJz2WP,0KOAra08PQ11mhmUCX5pJf,0.9426089352430312
7sJbCv83nl2S94j8ZJz2WP,2wqiV4aIMOosmQMqnLxXbA,0.9839626078448561
7sJbCv83nl2S94j8ZJz2WP,0CxXdYtBAWzE58Inc2Zius,1.1263417675257585
7sJbCv83nl2S94j8ZJz2WP,1bxtePWzYybaPiUZqvgQVf,1.2217077857634537
7sJbCv83nl2S94j8ZJz2WP,6IVXCSCTZOqUDDuGA5vUwH,1.2435696117969235
7sJbCv83nl2S94j8ZJz2WP,2RSTIsdhq5vqqr2GcTFdGM,1.2530877980173143
2FAdK0AbXRRwlNFb2l9nUi,66dugDe9CKaXt9ZOFiKT0d,1.2372816027473903
2FAdK0AbXRRwlNFb2l9nUi,2LyRC7gfWFJd6JI5i8fTJe,1.4917265691275967
2FAdK0AbXRRwlNFb2l9nUi,6d0sSZ2bfKUWeICsNRPyCt,1.5392869550682542
2FAdK0AbXRRwlNFb2l9nUi,1WAafipEtn2pAtHYBkBnk6,1.59517612686299
2FAdK0AbXRRwlNFb2l9nUi,56ejQ1pr7fZVhU5Gfx9YQ5,1.6808195052741
2FAdK0AbXRRwlNFb2l9nUi,63HkkLxSefpYzy1kPrcAOy,1.7255430425873566
2FAdK0AbXRRwlNFb2l9nUi,3pHpV3pa96s4vuBP7sQq0V,1.7289867682484945
2FAdK0AbXRRwlNFb2l9nUi,2auS62fIl7yMkBkfQy0N2F,1.7851984319334497
2FAdK0AbXRRwlNFb2l9nUi,3VWzxuO5Z7hQojEAxysjeG,1.7984998083577564
2FAdK0AbXRRwlNFb2l9nUi,6u0x5ad9ewHvs3z6u9Oe3c,1.808385535303868
0f3xfyBAJe3vtQvyMFYlRq,1v685OFD51NsY493VwO7FK,1.160663248195748
0f3xfyBAJe3vtQvyMFYlRq,33Z21GrqIGKlxF7hrz9bLd,1.1652859801516884
0f3xfyBAJe3vtQvyMFYlRq,7pjj6hVH1uh9Mf6rQ6QO0O,1.2150043767959342
0f3xfyBAJe3vtQvyMFYlRq,28DlaPydCnrs8NxYOnUPZ8,1.2543760836621458
0f3xfyBAJe3vtQvyMFYlRq,0OGw7V8wAI6OsZIQ12JkTP,1.3152559964464725
0f3xfyBAJe3vtQvyMFYlRq,4hQ6UGyWQIGJmHSo0J88JW,1.354599018559709
0f3xfyBAJe3vtQvyMFYlRq,0EmYZZ8OqeALedVhijSjsg,1.3931926940844346
0f3xfyBAJe3vtQvyMFYlRq,6y4ySPeb68KGoAi1dk130F,1.4321890404249003
0f3xfyBAJe3vtQvyMFYlRq,6TSDRzJGwbK9cajVbtqlPV,1.4329711194467256
0f3xfyBAJe3vtQvyMFYlRq,7cmghYOaklEOiHB3mzjkjY,1.442382307398606
1lnEWFVBzbjQqBUEMC1i6P,2oJ0dSKYEgRvSVtCx3mC8e,0.8895281795335993
1lnEWFVBzbjQqBUEMC1i6P,382pQ7OIddHeCHHdaFxyYn,1.0053593408544452
1lnEWFVBzbjQqBUEMC1i6P,37cb7mzkQKksGm0noGDXeh,1.1396725036856397
1lnEWFVBzbjQqBUEMC1i6P,76GGgSpRWU1v0mH26n2ZQy,1.1411709348948957
1lnEWFVBzbjQqBUEMC1i6P,3QgInVIXkrZDRVQfuKUxSm,1.259798606554121
1lnEWFVBzbjQqBUEMC1i6P,7nBeVCe5XQ6sn6dzqFvglv,1.3002185432692006
1lnEWFVBzbjQqBUEMC1i6P,6d0sSZ2bfKUWeICsNRPyCt,1.3002991027670958
1lnEWFVBzbjQqBUEMC1i6P,2LyRC7gfWFJd6JI5i8fTJe,1.3385963664143958
1lnEWFVBzbjQqBUEMC1i6P,37ZgsOy8t4vMnGtMExr6ah,1.3935373777396547
1lnEWFVBzbjQqBUEMC1i6P,4Z4ATORVrIp25FqUmtBb8r,1.4137827581368259
7b1XzNeXhfwGNJWE6gHFRz,50OIaK14Pr6ZwCmFfHZ0wB,0.7806945955482807
7b1XzNeXhfwGNJWE6gHFRz,5lzHcuhl4iBfR4PtQXBm9i,0.8311602319323872
7b1XzNeXhfwGNJWE6gHFRz,1c2vVx6knoiZHXbJJ9Mk8L,0.8724903226023246
7b1XzNeXhfwGNJWE6gHFRz,40KeMi4kkYpAlT1VmjrxDb,0.8895812459667158
7b1XzNeXhfwGNJWE6gHFRz,4rS66iKCLms3yumMYACKwJ,1.0036156977431663
7b1XzNeXhfwGNJWE6gHFRz,2sASx6Cz5mYm0xPrKiD8gZ,1.0865344932558845
7b1XzNeXhfwGNJWE6gHFRz,0ICnFVjsMEQDIXKVKV9KZF,1.0944705224871951
7b1XzNeXhfwGNJWE6gHFRz,3wLPRjw2XQpmowqXUXb3UF,1.101739761531583
7b1XzNeXhfwGNJWE6gHFRz,2sgpYwWVQAXWetqtO9Kh24,1.1213527155262233
7b1XzNeXhfwGNJWE6gHFRz,4RvtzkdXmDOjbggr6pu9jR,1.1260805563896874
2hw1sBTzjB9zghnlLpqeAj,7g90T7PIBzqIpKZG0lzPzS,0.9055652297484041
2hw1sBTzjB9zghnlLpqeAj,7h8N0QlHxIEYfnHDVps8dS,1.0695336955476984
2hw1sBTzjB9zghnlLpqeAj,59eCy91JDrnpbPLF3T3L03,1.078197289121082
2hw1sBTzjB9zghnlLpqeAj,04tv9ewp0KMC5ijweE1GmS,1.13857626541283
2hw1sBTzjB9zghnlLpqeAj,4FqirD1KsDyNukowu8TWhX,1.2359539856489636
2hw1sBTzjB9zghnlLpqeAj,2RJireEKZhGveSCh1cDZjN,1.3109549545628978
2hw1sBTzjB9zghnlLpqeAj,1eGdw1BbGAYaXbgPcVIkGm,1.4557063388699527
2hw1sBTzjB9zghnlLpqeAj,0H9T97wS2k3bk1JcyOlrrN,1.5186774132497325
2hw1sBTzjB9zghnlLpqeAj,4G9X7CZFiwfG2P99sIaaK2,1.572359797683219
2hw1sBTzjB9zghnlLpqeAj,5yU9gNHwYeRrWmyRCTUUxv,1.575889536648089
4P4mcw4wHDMysBF031DDZT,46cEIa1iQPSQLnPVP2hmVm,0.8303116487979392
4P4mcw4wHDMysBF031DDZT,3v8CoiN19zAzkTG0E7TBTN,1.0738209577784315
4P4mcw4wHDMysBF031DDZT,4G3IXyVRxSx5lLhUvv3fu3,1.1097184967910554
4P4mcw4wHDMysBF031DDZT,0OwEskGUqCMgkSY7JkJS7x,1.1347273258369626
4P4mcw4wHDMysBF031DDZT,1tbjeelOKIjolYNUNnPMAD,1.1358402716033429
4P4mcw4wHDMysBF031DDZT,3g3Ht5QpT6uPLmAmDVQOjj,1.1514907728861068
4P4mcw4wHDMysBF031DDZT,3PF8RXSKjme6Pi58ajTIvo,1.1598461589779414
4P4mcw4wHDMysBF031DDZT,2aX1zws7bVjTLbS1cYZK2W,1.1796285537751936
4P4mcw4wHDMysBF031DDZT,5ALPzPUKl3Np5BrYTFs4Pb,1.2919102829886338
4P4mcw4wHDMysBF031DDZT,3I8w8mVY4KFBXbhcP5NqqH,1.29200534065025
70HNt0eoBVqr4ss68U8x3B,7xs1ksUAb2XswNWJjeyt7V,1.104424869151252
70HNt0eoBVqr4ss68U8x3B,37ZgsOy8t4vMnGtMExr6ah,1.1424210469446645
70HNt0eoBVqr4ss68U8x3B,5ZgnlpPg7qfiopdvqdrs2M,1.1852553825849166
70HNt0eoBVqr4ss68U8x3B,361wxJRa6M2sH1Epy2MAC1,1.2373017559174455
70HNt0eoBVqr4ss68U8x3B,4MNXKskyfqES2LAlbrrRbV,1.2415058243589356
70HNt0eoBVqr4ss68U8x3B,5a8O0CAraAuR4iLZXg0s46,1.248078793379726
70HNt0eoBVqr4ss68U8x3B,7rVw4gyhclOgTIrFCtI3ZG,1.2869633404823146
70HNt0eoBVqr4ss68U8x3B,1kG7gfH4HDUlDht0VZYkiP,1.3288541479933325
70HNt0eoBVqr4ss68U8x3B,3G4GIs0jGwIbLFGBL3ZSNc,1.342987871286559
70HNt0eoBVqr4ss68U8x3B,6Q4RJGUzVQym5RL5iq6627,1.3430981590656468
6tvlaXBPNl1bu7NZsbbn9R,0ecW7IqLKhzKTPeqLSNc0V,0.8029763110483997
6tvlaXBPNl1bu7NZsbbn9R,2sAwO9nafCv50ttjhI77a2,0.8527024005875973
6tvlaXBPNl1bu7NZsbbn9R,2FsrKLHO91CaT8vvY85DD6,0.9035693808676922
6tvlaXBPNl1bu7NZsbbn9R,5wpyfg3L9LKs64kJF6XiHF,1.1123241262827335
6tvlaXBPNl1bu7NZsbbn9R,6SP4AXgL3VCUTmdm7axe9C,1.1146126795936733
6tvlaXBPNl1bu7NZsbbn9R,2sb6AZQLeoD3VgA4zglQB6,1.1247695938537443
6tvlaXBPNl1bu7NZsbbn9R,0EhYGqH7kjogumPfbKWh0t,1.1648344110826057
6tvlaXBPNl1bu7NZsbbn9R,6VScORohpeHSfdLkPUZuZX,1.2038005433451548
6tvlaXBPNl1bu7NZsbbn9R,67cR7hkzHhFAdg1UzPM3Xz,1.204116190055486
6tvlaXBPNl1bu7NZsbbn9R,4nbILrYODP667b3d66ZMzI,1.2243792398634457
0eEXcw3JLVXcRxYrVYMy68,3jumxkobNDisdRz27CxhOF,1.1102235605444875
0eEXcw3JLVXcRxYrVYMy68,1YmavNGmgWmsLe6OZX6sJC,1.21713524265556
0eEXcw3JLVXcRxYrVYMy68,3cyN4BZhcTdZyTMcqaCDb3,1.2963714993379654
0eEXcw3JLVXcRxYrVYMy68,6k3lATWmM3Z9TJvrzDHfga,1.3091770945010741
0eEXcw3JLVXcRxYrVYMy68,7HM1onSgR6op93vH7jNTV5,1.625604132132215
0eEXcw3JLVXcRxYrVYMy68,0pZPObivxzE2M6AnzezZWH,1.7094280062507365
0eEXcw3JLVXcRxYrVYMy68,7KFV09JUeoWlKei8kpy530,1.8208426816699137
0eEXcw3JLVXcRxYrVYMy68,3Dg6BUqz0IaTOEq4ySdhhQ,1.8417931124930111
0eEXcw3JLVXcRxYrVYMy68,6cARFkZxx2JR3JlvDzeLZc,1.8421725922584307
0eEXcw3JLVXcRxYrVYMy68,163l4xzEe3JAfPbv0kYNQo,1.8741570494823796
66QpL8l5IJ4ND2Q79MTa3t,7cmghYOaklEOiHB3mzjkjY,0.9402578601682903
66QpL8l5IJ4ND2Q79MTa3t,5muVpPu8Fj9fXfDbbqDdrZ,0.9996193596737004
66QpL8l5IJ4ND2Q79MTa3t,0J2OnBNKwt0KICDyDFPUvl,1.0968562011314489
66QpL8l5IJ4ND2Q79MTa3t,1WheyFsHUcBWQ33WNHcZdI,1.2104876200670442
66QpL8l5IJ4ND2Q79MTa3t,1v685OFD51NsY493VwO7FK,1.2442781455689236
66QpL8l5IJ4ND2Q79MTa3t,7Lqe8fvFzrxCufUatyaYod,1.2867474981886524
66QpL8l5IJ4ND2Q79MTa3t,4UF1eupXP9Zz5GpYepyOxI,1.3292145364718086
66QpL8l5IJ4ND2Q79MTa3t,2RsAajgo0g7bMCHxwH3Sk0,1.3697232131448909
66QpL8l5IJ4ND2Q79MTa3t,4X6kRZnZM8mZPkeMUmn8G6,1.377826166993788
66QpL8l5IJ4ND2Q79MTa3t,0j6zVHUhezcz02iLhmpy2e,1.3878470282978634
4LutIwQfcpXjVs7mIySYCD,5ruzrDWcT0vuJIOMW7gMnW,0.9175961395140316
4LutIwQfcpXjVs7mIySYCD,3RoHAivw8gRyzlWDsvbFTB,1.1439063953577553
4LutIwQfcpXjVs7mIySYCD,1mhhgEfuEGW0EwB6kNuzkk,1.1755280907790884
4LutIwQfcpXjVs7mIySYCD,2nT4y8qTzu2IBYuw7j8TPi,1.2030378077414206
4LutIwQfcpXjVs7mIySYCD,0Q0Vl9fKJF5MDxfVKbD78e,1.2247055397611901
4LutIwQfcpXjVs7mIySYCD,5bdXzykQmyiUB91lqrNvOC,1.2422793710749425
4LutIwQfcpXjVs7mIySYCD,3znPiywA0q1VK2jgAZFDoI,1.2442790861407533
4LutIwQfcpXjVs7mIySYCD,26op06vMM21RB0hej3b0lG,1.2571279295370077
4LutIwQfcpXjVs7mIySYCD,3bCp61o3h46Yvr0vgMJlaL,1.3598696866954367
4LutIwQfcpXjVs7mIySYCD,09obJ3DFME6R9uIZYPZxhG,1.373798065232296
6P05Vvy9h2eFyWSu98BGWk,58zM8eyUWtoX4V3qpJ7pxC,1.1898240669363258
6P05Vvy9h2eFyWSu98BGWk,3nX1nZJoLqfNSBq19RPGS4,1.244326554955044
6P05Vvy9h2eFyWSu98BGWk,0lxxm52IjT7k182jL1JdK9,1.3629536953379373
6P05Vvy9h2eFyWSu98BGWk,6TzYMmTsjyTIf1cSSuOcAw,1.3909025668506807
6P05Vvy9h2eFyWSu98BGWk,1P7Ik6OX9dV3BnXZi9L4cI,1.40411089802732
6P05Vvy9h2eFyWSu98BGWk,7EKpyfbmopbXMaMLW9QEd3,1.4210852256837274
6P05Vvy9h2eFyWSu98BGWk,7LihoPgTF9hnxMh9lRTNkA,1.4509010061521768
6P05Vvy9h2eFyWSu98BGWk,1yTZAe3F0X7BUpxbj8iMwH,1.5180125829658835
6P05Vvy9h2eFyWSu98BGWk,4MpYL0NBKcz41y2TW3UCW8,1.5419813764877337
6P05Vvy9h2eFyWSu98BGWk,6vuF3LYipww2DRhRJ9s7CH,1.5994668003367665
2WnYxLsi1D4p9ZPIvRKn93,7gbjLoVKE8FZr8jra24GIR,1.242090384675317
2WnYxLsi1D4p9ZPIvRKn93,6KMbJSTSecyfoD5NgXiQvh,1.2783256340836187
2WnYxLsi1D4p9ZPIvRKn93,4W5HbjNHMU7uw27oZwLaVK,1.3226711817555314
2WnYxLsi1D4p9ZPIvRKn93,3pHpV3pa96s4vuBP7sQq0V,1.3247143543803865
2WnYxLsi1D4p9ZPIvRKn93,3UgiXDauVuj9HZKzFY8TBL,1.3331600388426281
2WnYxLsi1D4p9ZPIvRKn93,2G71B13s2bF5SkaieZTOgA,1.3713600554348189
2WnYxLsi1D4p9ZPIvRKn93,2wjkeM2gmbIa2sBkbnWLb0,1.4087418984808275
2WnYxLsi1D4p9ZPIvRKn93,55N8cxpE1QDoeaaNqUnoZ2,1.4262770829395854
2WnYxLsi1D4p9ZPIvRKn93,1f9jv3jIHqwZhVW7NMAgYN,1.427425907371023
2WnYxLsi1D4p9ZPIvRKn93,3v8CoiN19zAzkTG0E7TBTN,1.4359418808946953
0NBD4g9Zwy1rMAMWBYS6Ju,03b80IxIQ8qOzYVbcbTyRL,1.2243053694039656
0NBD4g9Zwy1rMAMWBYS6Ju,50etdpjrySctCaS4yw0a72,1.3115170304845143
0NBD4g9Zwy1rMAMWBYS6Ju,0vIkYCzLD9QH7w8m1dC8Mf,1.3115170304845143
0NBD4g9Zwy1rMAMWBYS6Ju,3iTgKW7MWI0M0acyEoQXds,1.3404950540949538
0NBD4g9Zwy1rMAMWBYS6Ju,6HKmAGpQgDNQ4sFhAgvkA2,1.3511155599642186
0NBD4g9Zwy1rMAMWBYS6Ju,3IWy6MPyWKPFAQ5x6YAkrc,1.3990748731942853
0NBD4g9Zwy1rMAMWBYS6Ju,0D3J5hfXcaQLeMmZVxD4S7,1.446090397282273
0NBD4g9Zwy1rMAMWBYS6Ju,4dk12UlAYNruc5pwHEXncR,1.5180739050656227
0NBD4g9Zwy1rMAMWBYS6Ju,2ueWCiQRtVdj5pSs87CDla,1.5532388392871235
0NBD4g9Zwy1rMAMWBYS6Ju,2DEHcqIwG3umK94P0tlh7X,1.575980578801392
2cTaSKEc8OZdF6Tpg2QQsS,48RAUxA6ZlqIuM4pON0GVC,1.0537939327567045
2cTaSKEc8OZdF6Tpg2QQsS,7GkHIsnziYgk6j1lx2TK6H,1.071577130860245
2cTaSKEc8OZdF6Tpg2QQsS,0ud4VAfTH1AOb904kWOTzJ,1.1302532994036896
2cTaSKEc8OZdF6Tpg2QQsS,4DGbBb3ngjF7RsP5f9m7kW,1.3057520408950398
2cTaSKEc8OZdF6Tpg2QQsS,4ZXZKLCXALRAD9xWkPd5Yr,1.3116253908145887
2cTaSKEc8OZdF6Tpg2QQsS,2n0U2OG5d6TuW5mKx7YrC0,1.3311323317739985
2cTaSKEc8OZdF6Tpg2QQsS,4grmYnfTTC5s25gdSmACiU,1.3836431699579304
2cTaSKEc8OZdF6Tpg2QQsS,3nImoHhXBOqYcdTN8gt9eE,1.4616889715637704
2cTaSKEc8OZdF6Tpg2QQsS,2ueWCiQRtVdj5pSs87CDla,1.4639476580109423
2cTaSKEc8OZdF6Tpg2QQsS,32Dc90Bn6NCKMPmdfprhFq,1.4687413661913844
59D6U4erIjSUoUrXM82edy,4zLtcR5Hfm80fSqogapUEc,1.3040596236617692
59D6U4erIjSUoUrXM82edy,1HrKC8HlC5gTsLVYYbVVop,1.3856124815010025
59D6U4erIjSUoUrXM82edy,3TeGnh9c51Du7BHtRkOeS6,1.3899504373869715
59D6U4erIjSUoUrXM82edy,4nWxif1dt6FCg4GFZcPIbO,1.409494015995463
59D6U4erIjSUoUrXM82edy,5Dj4dtQ0HXxvKRdzqELup0,1.4747556542549192
59D6U4erIjSUoUrXM82edy,3joSo5cx7WLe18uEEdu3Oj,1.5321460989319042
59D6U4erIjSUoUrXM82edy,42r0LZ9g8gq4afWztSw54k,1.5855785237162503
59D6U4erIjSUoUrXM82edy,1hP0hDL5VREpThmMOa1pta,1.612542415860519
59D6U4erIjSUoUrXM82edy,6ecXZdsvfOQjjQcVNs4WkN,1.685108770875796
59D6U4erIjSUoUrXM82edy,5OSpHOjCFDWRY67fJFZ1ZQ,1.7662144859410087
0ZgMBZeFQC8Jja48NuDaSC,32Dc90Bn6NCKMPmdfprhFq,0.6859648150906319
0ZgMBZeFQC8Jja48NuDaSC,0Id7swY6cWbvYLtVVF0wvq,0.701548027108459
0ZgMBZeFQC8Jja48NuDaSC,2kx5sQgmjYug0GiDh1a4sU,0.74209789851725
0ZgMBZeFQC8Jja48NuDaSC,1ypx1v2k1cQFX0Vrda7nEl,0.7691765687708252
0ZgMBZeFQC8Jja48NuDaSC,6SP4AXgL3VCUTmdm7axe9C,0.844076850709504
0ZgMBZeFQC8Jja48NuDaSC,2n0U2OG5d6TuW5mKx7YrC0,0.9068984127098627
0ZgMBZeFQC8Jja48NuDaSC,7GkHIsnziYgk6j1lx2TK6H,1.0340434972027333
0ZgMBZeFQC8Jja48NuDaSC,4oOmRoG2lWjv6COrTT8Z28,1.0740588219949438
0ZgMBZeFQC8Jja48NuDaSC,2RfncplwWMhuFY7nv2Dwwa,1.0774248477274897
0ZgMBZeFQC8Jja48NuDaSC,1zx6GSqLYI2ynzAHnPRKBR,1.1032215366112015
3Dk2StRqlP3JmXIY4aWyvA,3DnYVJJH3H6P7Svy4x2DYT,0.7232431636926009
3Dk2StRqlP3JmXIY4aWyvA,0yxEJfni0yeoBgtPeiox24,1.0362680940102886
3Dk2StRqlP3JmXIY4aWyvA,3yuCAw61jqfyv2KzMoVdXA,1.4777717998356381
3Dk2StRqlP3JmXIY4aWyvA,2UcUL4jytfVpW0jSXi3Ggi,1.6243870558212796
3Dk2StRqlP3JmXIY4aWyvA,7KnFT8NQPRYtWOZXhWcGGZ,1.6629392702521797
3Dk2StRqlP3JmXIY4aWyvA,31leo5SqxFz5BndXp3HKqw,1.69012429533002
3Dk2StRqlP3JmXIY4aWyvA,68xC2JQSgK9L43IkW7UvNT,1.794438904032849
3Dk2StRqlP3JmXIY4aWyvA,7hlsLyn6X1kAuu25nEWqWS,1.86957427764936
3Dk2StRqlP3JmXIY4aWyvA,4wNIVLMwvz1P4hjWBmyKqa,1.8882002842245615
3Dk2StRqlP3JmXIY4aWyvA,2sf4TXYzqSRdxfwu5auS6r,1.9251247751816198
0jsXpJsdXhnwnwnCLKjYLF,4GAhAw0RCzNVP976NRMOqO,0.7755278608707117
0jsXpJsdXhnwnwnCLKjYLF,3zwL0EG6j9gJkPBtJY3VQu,1.1678034640232058
0jsXpJsdXhnwnwnCLKjYLF,4dz4lrmcFATwpvpCyfC20b,1.1826484975054468
0jsXpJsdXhnwnwnCLKjYLF,5BwUt9x6Ss7bKcnDCi5H2X,1.3572436995494432
0jsXpJsdXhnwnwnCLKjYLF,0dpjuJLetnheYPSzLiQR62,1.4719509320241668
0jsXpJsdXhnwnwnCLKjYLF,2PJzQvozduq44cToUQBa0B,1.4963627842508385
0jsXpJsdXhnwnwnCLKjYLF,5aJuHyYNdOzqX6eGO2XyE8,1.5299165162383035
0jsXpJsdXhnwnwnCLKjYLF,4HKFF8kQupjxkx0SKxcPPZ,1.5366675697771552
0jsXpJsdXhnwnwnCLKjYLF,7nZu5xIQlEceMFpfQbjK1P,1.5549160328950917
0jsXpJsdXhnwnwnCLKjYLF,1RtoOw5CS2PBcVG8A783Q0,1.5846785820678642
39AXhTryJQRkwdqAFbajmp,4CuXyFGGXns7BvvYYCaWA0,1.6742273127962763
39AXhTryJQRkwdqAFbajmp,6YVryeURxyAG4Bb588lTmR,1.8196137103429744
39AXhTryJQRkwdqAFbajmp,4cF6Pk7YaRtv91mSZa4nVi,2.102100578024056
39AXhTryJQRkwdqAFbajmp,1mRgy0qWyAc8EpFeeRNnRK,2.1385463796245525
39AXhTryJQRkwdqAFbajmp,1hOqxeZappRsi9FAmBUCpS,2.2375001269780492
39AXhTryJQRkwdqAFbajmp,2aLXJJ2zOsBJlGTxiG0yMi,2.3403878077039293
39AXhTryJQRkwdqAFbajmp,6XDdcBC0hQkRcQfYovxd4c,2.4047122521517155
39AXhTryJQRkwdqAFbajmp,52qcIvWmjv985NzzL34Te1,2.4163264824942416
39AXhTryJQRkwdqAFbajmp,4pXyK9GW7fuT645U0DLYYF,2.4794547705996637
39AXhTryJQRkwdqAFbajmp,1EsgUWQsxGBwnu3NATDjiU,2.484753262365408
7epvz4k2v8qrzYansbnKAd,6kls8cSlUyHW2BUOkDJIZE,0.7518755876641651
7epvz4k2v8qrzYansbnKAd,7kzKAuUzOITUauHAhoMoxA,0.8535730256360771
7epvz4k2v8qrzYansbnKAd,2YIzmw4FfKEL0LF6EtJCxW,0.8828459408232967
7epvz4k2v8qrzYansbnKAd,3PDf2Xk2fHt3EexYRrVS0j,0.9229434690716558
7epvz4k2v8qrzYansbnKAd,6AvpoXv2KL0rGYIcZ3v3QI,0.9281922665776069
7epvz4k2v8qrzYansbnKAd,0QAelR36l8kKZjccUbJ6ah,0.9548520889760665
7epvz4k2v8qrzYansbnKAd,6mVD1SfTvlFAPVi7txFL5H,0.9563673384663367
7epvz4k2v8qrzYansbnKAd,0SRPuTnr5QOKRoIxMvvlgK,0.9590269766066761
7epvz4k2v8qrzYansbnKAd,3FX9rMHZqWTpv5ZTR7TkpB,1.04376500341167
7epvz4k2v8qrzYansbnKAd,2sASx6Cz5mYm0xPrKiD8gZ,1.0962426743121565
6AvpoXv2KL0rGYIcZ3v3QI,7epvz4k2v8qrzYansbnKAd,0.9281922665776069
6AvpoXv2KL0rGYIcZ3v3QI,7kzKAuUzOITUauHAhoMoxA,0.9545277637924588
6AvpoXv2KL0rGYIcZ3v3QI,3EtsTQGKkUXaGDmMi7GRfD,0.991621252721136
6AvpoXv2KL0rGYIcZ3v3QI,7pjj6hVH1uh9Mf6rQ6QO0O,1.0445100323125562
6AvpoXv2KL0rGYIcZ3v3QI,22tot0Y6uKuWdAZnEQyB6g,1.0646127186455943
6AvpoXv2KL0rGYIcZ3v3QI,3FX9rMHZqWTpv5ZTR7TkpB,1.0843836537973048
6AvpoXv2KL0rGYIcZ3v3QI,0EmYZZ8OqeALedVhijSjsg,1.084924657588711
6AvpoXv2KL0rGYIcZ3v3QI,3l1LcOxoXu7YfFKFkSSBeI,1.1036667972629128
6AvpoXv2KL0rGYIcZ3v3QI,2YG0kV3M9JNde63YtelgUt,1.1135264221816983
6AvpoXv2KL0rGYIcZ3v3QI,6mVD1SfTvlFAPVi7txFL5H,1.1623332662645771
7qmQ9XrTcARzZIE8A0n2Te,7KFV09JUeoWlKei8kpy530,1.1192762975009996
7qmQ9XrTcARzZIE8A0n2Te,77Jbr7aQyYsH20luHDn7iv,1.2854898995109556
7qmQ9XrTcARzZIE8A0n2Te,0pZPObivxzE2M6AnzezZWH,1.331502616659825
7qmQ9XrTcARzZIE8A0n2Te,07R7LVnlKmNqNI7BA4K2ld,1.6197393885769082
7qmQ9XrTcARzZIE8A0n2Te,3Dg6BUqz0IaTOEq4ySdhhQ,1.638531233531074
7qmQ9XrTcARzZIE8A0n2Te,1YmavNGmgWmsLe6OZX6sJC,1.709107113646184
7qmQ9XrTcARzZIE8A0n2Te,3jumxkobNDisdRz27CxhOF,1.7230247271786598
7qmQ9XrTcARzZIE8A0n2Te,6r9qDqJMdeMTWvHAcQfsHg,1.7367335192391826
7qmQ9XrTcARzZIE8A0n2Te,041Xf2o8yDouqWCDKqkGuC,1.7894693258415129
7qmQ9XrTcARzZIE8A0n2Te,4bwjXWiAn669DdICw249sD,1.8169073295935738
7CkNtT4Ptb9cime7heim8c,2EF9d5esVb1IJ3qIP89F9u,1.1134128394539269
7CkNtT4Ptb9cime7heim8c,71fSn6OIF7HnCbgCzOBqpj,1.187774220428316
7CkNtT4Ptb9cime7heim8c,6oP3qa2MyQjxW8YQQdPBq9,1.224742987545454
7CkNtT4Ptb9cime7heim8c,5bdXzykQmyiUB91lqrNvOC,1.2932432777666047
7CkNtT4Ptb9cime7heim8c,46cEIa1iQPSQLnPVP2hmVm,1.4037991001276615
7CkNtT4Ptb9cime7heim8c,1tbjeelOKIjolYNUNnPMAD,1.491990806420581
7CkNtT4Ptb9cime7heim8c,4P4mcw4wHDMysBF031DDZT,1.4986258740409906
7CkNtT4Ptb9cime7heim8c,3I8w8mVY4KFBXbhcP5NqqH,1.534602055538171
7CkNtT4Ptb9cime7heim8c,4wOqh7UiXe4jfbotAizdTu,1.567751012080343
7CkNtT4Ptb9cime7heim8c,3znPiywA0q1VK2jgAZFDoI,1.578410737937748
3q5Ze7QksOVd2ES9YzdfsE,4jVu0QPK9BVeNgAmfvkocn,0.4752624380262039
3q5Ze7QksOVd2ES9YzdfsE,2Tv4NhYavSni05V7IIT17w,0.7447184013200397
3q5Ze7QksOVd2ES9YzdfsE,0qwU4qCtm3aUqcAUISMhMz,0.8501028209750499
3q5Ze7QksOVd2ES9YzdfsE,3kUYO8UMNxuOCPuERmQYKa,0.9089892331664878
3q5Ze7QksOVd2ES9YzdfsE,5H3JW2JiQG432dldneCyW1,0.9427442444537225
3q5Ze7QksOVd2ES9YzdfsE,3OtpZhuI28h9yDjDbOkqSb,0.9973865843594714
3q5Ze7QksOVd2ES9YzdfsE,0BZagFWMAL33p7y6HsL3jT,1.0415378187738478
3q5Ze7QksOVd2ES9YzdfsE,6qOCyu8agpod9VK4EdZqzt,1.05827860975682
3q5Ze7QksOVd2ES9YzdfsE,6IRzBP4gVoV4D2zHmocoWy,1.1031640085391068
3q5Ze7QksOVd2ES9YzdfsE,00TFDHSe7s8cWm5CzDY8UP,1.1034457729033689
3lO1WB5qXgjviQc0KF6ZTb,4yDFEglGw2yP0jvrqCTgfM,1.5168012475238508
3lO1WB5qXgjviQc0KF6ZTb,0dcNLhcMbcFd1eduLDNuNT,1.7359517733881986
3lO1WB5qXgjviQc0KF6ZTb,5gBkapKElcmuRuw6lQGYlZ,1.8457121153388145
3lO1WB5qXgjviQc0KF6ZTb,6ISmTommsQb47avYPq79yZ,1.9365116222155487
3lO1WB5qXgjviQc0KF6ZTb,55ZOwV8VlGuI8f7wc4vofi,2.063086398812467
3lO1WB5qXgjviQc0KF6ZTb,5T2iobXGYEI9TdrJ4Du6QN,2.074276748012205
3lO1WB5qXgjviQc0KF6ZTb,6ry0z6yotxEiqsxoKHpYBO,2.0830710275884874
3lO1WB5qXgjviQc0KF6ZTb,6ekLy1OsrYdLMbcqc0KZ8G,2.088919650589924
3lO1WB5qXgjviQc0KF6ZTb,7kYgRZwVlq9a3lvHGHunrb,2.1676438545349237
3lO1WB5qXgjviQc0KF6ZTb,4uFXfaNBVQw1MJ9K19P8QS,2.1828022362168347
3dRjPo78q6rb7vaRElKNRl,37nppJzOgypngu1szTRD06,0.9519327439517935
3dRjPo78q6rb7vaRElKNRl,6ZRwn9JqdtRQyrHT0tKIgy,0.9694874975952665
3dRjPo78q6rb7vaRElKNRl,1VtPE3YY4Uc9KCaQATcVJh,1.0235443193457956
3dRjPo78q6rb7vaRElKNRl,1XLe4yeCt8cFemyxnICcZN,1.0707052629675646
3dRjPo78q6rb7vaRElKNRl,7grNHTSADMlLZ96mH4wI85,1.1368244818236515
3dRjPo78q6rb7vaRElKNRl,1nBDeSiqD2z1ofv9hEttfi,1.1467797172289491
3dRjPo78q6rb7vaRElKNRl,1VEO3XUn4W2dCCB0mCA5DG,1.2342502920142249
3dRjPo78q6rb7vaRElKNRl,6ekLy1OsrYdLMbcqc0KZ8G,1.3372569653686888
3dRjPo78q6rb7vaRElKNRl,6pAIDhDoB7k4bOsxbQjycO,1.3563160741341072
3dRjPo78q6rb7vaRElKNRl,5mwkHxbdWcUVHWxp3cEqvy,1.4253309874897495
0q0blWBIHZZSMgCISWdBYC,7nWzpMBJwjubxBF75Pi4An,0.8609639653543709
0q0blWBIHZZSMgCISWdBYC,4yxjD1iYOICm8cizKrbtPg,0.9864577869873764
0q0blWBIHZZSMgCISWdBYC,2NaU7cuWOBIOPA2nBJ06Hd,1.1922105933607834
0q0blWBIHZZSMgCISWdBYC,6SdAztAqklk1zAmUHhU4N7,1.1985198183186732
0q0blWBIHZZSMgCISWdBYC,65EReuqyiXH0WMIaeFEIlX,1.2108552369809784
0q0blWBIHZZSMgCISWdBYC,6vpyvi70JNqAJa9IqNx8qy,1.3024182808544937
0q0blWBIHZZSMgCISWdBYC,7b1XzNeXhfwGNJWE6gHFRz,1.322451087619316
0q0blWBIHZZSMgCISWdBYC,2WjXRWocLt0HbsdPawx0Mx,1.3358211646927292
0q0blWBIHZZSMgCISWdBYC,5lzHcuhl4iBfR4PtQXBm9i,1.338109147572905
0q0blWBIHZZSMgCISWdBYC,2MROIXHFoYn5JVGQtAXVpy,1.35789054647995
2j93jQX5C9wRnSzT3qthRt,7ma2fbKDEvJeGJAx0YedAs,1.0459888324646605
2j93jQX5C9wRnSzT3qthRt,2bTESUiaqSWDvyW9zSA6xG,1.1899344471717044
2j93jQX5C9wRnSzT3qthRt,1P7Ik6OX9dV3BnXZi9L4cI,1.246440809974542
2j93jQX5C9wRnSzT3qthRt,6TzYMmTsjyTIf1cSSuOcAw,1.286719271173589
2j93jQX5C9wRnSzT3qthRt,7EKpyfbmopbXMaMLW9QEd3,1.3230327782778792
2j93jQX5C9wRnSzT3qthRt,4TCMm1N1zoNmRYaLbYwB2k,1.3306352574678222
2j93jQX5C9wRnSzT3qthRt,2ifYUfvMNbXQDPJEyk68rP,1.3323212734915266
2j93jQX5C9wRnSzT3qthRt,7LihoPgTF9hnxMh9lRTNkA,1.3598456580701044
2j93jQX5C9wRnSzT3qthRt,3rTk7Ll8NRrd2jspBFtimV,1.3665571162942003
2j93jQX5C9wRnSzT3qthRt,4IUgpL0CgSiloUOHzgd6Qe,1.3936892000836936
4LuPujVeJXzRX7WyGLMbeY,0vqw3BCyNr3DDVBmjD21H8,1.2159853006816097
4LuPujVeJXzRX7WyGLMbeY,5A7HJmgaZU0buq4hpuqZ4Q,1.3828764693209332
4LuPujVeJXzRX7WyGLMbeY,2tUChcOi3ktjFzMYu2w5QL,1.5030111576754461
4LuPujVeJXzRX7WyGLMbeY,6LiB2EaS3yxxJF4TWFgbno,1.504808599016081
4LuPujVeJXzRX7WyGLMbeY,7AeKwxmlwwLFOF8D7M3Anb,1.5053967032610687
4LuPujVeJXzRX7WyGLMbeY,6F4w6yDhupUdnrx1U6AiUg,1.5193216871048905
4LuPujVeJXzRX7WyGLMbeY,3yuxU2iHhz7tocZG9ohT1A,1.523234009819109
4LuPujVeJXzRX7WyGLMbeY,2NaU7cuWOBIOPA2nBJ06Hd,1.5501432024620032
4LuPujVeJXzRX7WyGLMbeY,4vdg59Hg8I6u6MDkga5y2R,1.6012058342437743
4LuPujVeJXzRX7WyGLMbeY,4hA4vowf8u8fhA2KlxBJIa,1.6246479406296057
4yxjD1iYOICm8cizKrbtPg,6SdAztAqklk1zAmUHhU4N7,0.8574740194149452
4yxjD1iYOICm8cizKrbtPg,7nWzpMBJwjubxBF75Pi4An,0.9607412406130368
4yxjD1iYOICm8cizKrbtPg,0q0blWBIHZZSMgCISWdBYC,0.9864577869873764
4yxjD1iYOICm8cizKrbtPg,2sgpYwWVQAXWetqtO9Kh24,0.9880216489049537
4yxjD1iYOICm8cizKrbtPg,6vpyvi70JNqAJa9IqNx8qy,1.0162776711922015
4yxjD1iYOICm8cizKrbtPg,09pr5CPnpXjEQKRqgI7ZnZ,1.027933279493187
4yxjD1iYOICm8cizKrbtPg,2NaU7cuWOBIOPA2nBJ06Hd,1.1269354819429207
4yxjD1iYOICm8cizKrbtPg,1LrxmgC6pg5RAYGJ2FQWv0,1.1424927627194286
4yxjD1iYOICm8cizKrbtPg,54SQet8YMttOgTqDNGcGpe,1.1575644866069768
4yxjD1iYOICm8cizKrbtPg,65EReuqyiXH0WMIaeFEIlX,1.1747314568009863
4E93IPDPbaNJUDTpur3V63,5frWFPeKH8Pam3rKLFCytt,1.0264382098607248
4E93IPDPbaNJUDTpur3V63,5QLndwpuydTkQow1127Rxr,1.1375685497955765
4E93IPDPbaNJUDTpur3V63,6qOCyu8agpod9VK4EdZqzt,1.1661042593762498
4E93IPDPbaNJUDTpur3V63,7fK3FuYZP6fqlavub180ij,1.2002931118594644
4E93IPDPbaNJUDTpur3V63,7rhVGmZnwvqg2z2JJedkMX,1.2541280947039541
4E93IPDPbaNJUDTpur3V63,1aDCjyFTiY6EG9mbl7HMog,1.2648352242925098
4E93IPDPbaNJUDTpur3V63,3OtpZhuI28h9yDjDbOkqSb,1.288111872316128
4E93IPDPbaNJUDTpur3V63,7n4Y9BCKLHi4hqI2NctuAq,1.3218082892136067
4E93IPDPbaNJUDTpur3V63,0cocZBknjka59p58FOdqef,1.3407486543667484
4E93IPDPbaNJUDTpur3V63,7pIizKkImgo7jAZnbpFF2R,1.3636137560245387
4GAhAw0RCzNVP976NRMOqO,0jsXpJsdXhnwnwnCLKjYLF,0.7755278608707117
4GAhAw0RCzNVP976NRMOqO,5aJuHyYNdOzqX6eGO2XyE8,1.0816114452397056
4GAhAw0RCzNVP976NRMOqO,2PJzQvozduq44cToUQBa0B,1.1636546082875354
4GAhAw0RCzNVP976NRMOqO,4dz4lrmcFATwpvpCyfC20b,1.2077065991340887
4GAhAw0RCzNVP976NRMOqO,7nZu5xIQlEceMFpfQbjK1P,1.2168705114581904
4GAhAw0RCzNVP976NRMOqO,4HKFF8kQupjxkx0SKxcPPZ,1.2615973470405406
4GAhAw0RCzNVP976NRMOqO,5BwUt9x6Ss7bKcnDCi5H2X,1.2655644519121738
4GAhAw0RCzNVP976NRMOqO,1RtoOw5CS2PBcVG8A783Q0,1.3104827873518181
4GAhAw0RCzNVP976NRMOqO,3XXTR1PxuCslxeQCpRHpmW,1.3243775787035252
4GAhAw0RCzNVP976NRMOqO,341863z079BT4EFPiSw9DP,1.356598923498123
3RoHAivw8gRyzlWDsvbFTB,0Q0Vl9fKJF5MDxfVKbD78e,1.1061515634078767
3RoHAivw8gRyzlWDsvbFTB,4LutIwQfcpXjVs7mIySYCD,1.1439063953577553
3RoHAivw8gRyzlWDsvbFTB,1mhhgEfuEGW0EwB6kNuzkk,1.1471977665074535
3RoHAivw8gRyzlWDsvbFTB,63HkkLxSefpYzy1kPrcAOy,1.2488966718950616
3RoHAivw8gRyzlWDsvbFTB,4f3g4NIJMywPIeTY74wh9b,1.268590260661357
3RoHAivw8gRyzlWDsvbFTB,2w2MXZEONSMh1HzOUpuqIx,1.3032876656871164
3RoHAivw8gRyzlWDsvbFTB,7gbjLoVKE8FZr8jra24GIR,1.3701263902642185
3RoHAivw8gRyzlWDsvbFTB,2nT4y8qTzu2IBYuw7j8TPi,1.3781885006667727
3RoHAivw8gRyzlWDsvbFTB,2Uxnz7OTTYtgGrwjVcYRlG,1.392385118119184
3RoHAivw8gRyzlWDsvbFTB,5ruzrDWcT0vuJIOMW7gMnW,1.4851463134828933
4IUgpL0CgSiloUOHzgd6Qe,0dcNLhcMbcFd1eduLDNuNT,1.1921205971641775
4IUgpL0CgSiloUOHzgd6Qe,2j93jQX5C9wRnSzT3qthRt,1.3936892000836936
4IUgpL0CgSiloUOHzgd6Qe,7eX5SypK35V8Y9d9pS6rWy,1.454831860497249
4IUgpL0CgSiloUOHzgd6Qe,718purgMpFb2Axhuz0Hbq1,1.4640587357803507
4IUgpL0CgSiloUOHzgd6Qe,6y4ySPeb68KGoAi1dk130F,1.5114474164323997
4IUgpL0CgSiloUOHzgd6Qe,6ekLy1OsrYdLMbcqc0KZ8G,1.558667764374017
4IUgpL0CgSiloUOHzgd6Qe,4j6P3mLiZRfNPGFIQlq9vX,1.629336969648603
4IUgpL0CgSiloUOHzgd6Qe,4x9l3fDzgvzg9t7Csbufrn,1.6306450769224117
4IUgpL0CgSiloUOHzgd6Qe,4TCMm1N1zoNmRYaLbYwB2k,1.6377937350919136
4IUgpL0CgSiloUOHzgd6Qe,6TzYMmTsjyTIf1cSSuOcAw,1.6429683589157236
6WnGITNOKFXawCwqnFuYbW,2ThdB23G9Rgf1ExndFGEEg,1.7593409247453238
6WnGITNOKFXawCwqnFuYbW,0qZ0m8Gq4Ug5kBxKe9BVvj,1.821387908223803
6WnGITNOKFXawCwqnFuYbW,6DBqULxLjq66GX2dim7opR,1.8585965222434258
6WnGITNOKFXawCwqnFuYbW,5lzHcuhl4iBfR4PtQXBm9i,1.994747647855044
6WnGITNOKFXawCwqnFuYbW,52pQ8Rn1Gh7CPV4fyKVfrV,2.1418007369092824
6WnGITNOKFXawCwqnFuYbW,5uCidx258qlEgnaj895hbm,2.209286983285144
6WnGITNOKFXawCwqnFuYbW,6YVryeURxyAG4Bb588lTmR,2.232666058494227
6WnGITNOKFXawCwqnFuYbW,7H4baUrCPnLkLOl6o9zkMO,2.2346874354815998
6WnGITNOKFXawCwqnFuYbW,4cF6Pk7YaRtv91mSZa4nVi,2.2379222294059837
6WnGITNOKFXawCwqnFuYbW,65EReuqyiXH0WMIaeFEIlX,2.238636518050724
6QOdlvNKRPTyX9YcTVmCKU,2Hbad5lRjdQBvKRahhFTsw,1.1850558536096596
6QOdlvNKRPTyX9YcTVmCKU,1lnEWFVBzbjQqBUEMC1i6P,1.618099942723084
6QOdlvNKRPTyX9YcTVmCKU,0DHoB41NjhjrpUkeTcN5z1,1.7294136764058117
6QOdlvNKRPTyX9YcTVmCKU,3mtJfeHl9dp6Rq5fXPIErc,1.7749022623894122
6QOdlvNKRPTyX9YcTVmCKU,2oJ0dSKYEgRvSVtCx3mC8e,1.8179074854710435
6QOdlvNKRPTyX9YcTVmCKU,3HKENICtez4Mz0tnUqpFIP,1.8823272113370406
6QOdlvNKRPTyX9YcTVmCKU,3uliGwmB52ZA7brgpZMzyH,1.887253415881433
6QOdlvNKRPTyX9YcTVmCKU,3SSp8LMvyCmm0rlwpxD4LQ,1.8945923245965504
6QOdlvNKRPTyX9YcTVmCKU,7pagL6jtEVbRq6vVK6ua3S,1.9081425610044436
6QOdlvNKRPTyX9YcTVmCKU,4BedjJsVJvrmSnVr8rLcSU,1.9251675725317379
0sO53kgvUZFEu8Tqne6T7N,6cxmYx2CDHRkaTZHVgsykX,1.8194628547243665
0sO53kgvUZFEu8Tqne6T7N,7jc524Kcj1FRHUh7y5x9uv,2.126292283179039
0sO53kgvUZFEu8Tqne6T7N,2BZe9fLjce5JlnrVmwYzWl,2.228218606667216
0sO53kgvUZFEu8Tqne6T7N,1h4K8ijEaWX9Z2KGXrfz8T,2.7555815073311227
0sO53kgvUZFEu8Tqne6T7N,6ohXK9Y4ioab0VjQp20rYa,3.049828923616738
0sO53kgvUZFEu8Tqne6T7N,3ujWh42s95AIqhM6GXoVjn,3.056295936531977
0sO53kgvUZFEu8Tqne6T7N,2cBGY25X6oG1fLwQyOZvJ1,3.120291317539028
0sO53kgvUZFEu8Tqne6T7N,5xo01RlIlMgQMMI19rY8Xb,3.912352020930248
0sO53kgvUZFEu8Tqne6T7N,7ErnTS7HiYqwBTNrtdqxK9,4.014301257682556
0sO53kgvUZFEu8Tqne6T7N,2awoFGsXQwiU935BUlM6Wf,4.198135468655893
6jOfKxWSY03vmmSjNs6CM9,21V4cmZDzVTyoOE2kFTl1Z,2.0768321967211727
6jOfKxWSY03vmmSjNs6CM9,6ohVFU3E1i5Ke7k37vtDdS,2.1829889054137213
6jOfKxWSY03vmmSjNs6CM9,1nYo1XPxlNiVNClaD1emxe,2.298302258703408
6jOfKxWSY03vmmSjNs6CM9,5Dj4dtQ0HXxvKRdzqELup0,2.3162557775400043
6jOfKxWSY03vmmSjNs6CM9,0bjsMl6oNTuvem3dvX2tDs,2.3838364709312634
6jOfKxWSY03vmmSjNs6CM9,6wvWBHg6IWBIqs3eFUdNJx,2.4110185918462546
6jOfKxWSY03vmmSjNs6CM9,3fjhdbUop7FSLTyD8wHMD2,2.4762133662628907
6jOfKxWSY03vmmSjNs6CM9,0BumkbMOjaGROaVCR2I4An,2.557958700557209
6jOfKxWSY03vmmSjNs6CM9,1eK9FbqhWUoolfJdiQtKaO,2.5922384396016716
6jOfKxWSY03vmmSjNs6CM9,2wo4Pc7bsWb5rJpG3pESt3,2.6069638367780184
78rEtQ4KFBidvcEEiFomDT,47BpBh1URWXLF26ckpGT4S,1.422958411755498
78rEtQ4KFBidvcEEiFomDT,1Suc8pkaJJpHJmgGwH6xaD,1.4626420553244
78rEtQ4KFBidvcEEiFomDT,2SoHnESLR60erIgFi8zFFi,1.8067464648609608
78rEtQ4KFBidvcEEiFomDT,22sno2Y45Ov3ixSl6fN9i8,1.9052029518339089
78rEtQ4KFBidvcEEiFomDT,79uspTY5GVI0EOBsnWAjxx,1.9456495937799794
78rEtQ4KFBidvcEEiFomDT,0oo6NX5bPcqUbX7eJtoslO,2.036932490367121
78rEtQ4KFBidvcEEiFomDT,1bxtePWzYybaPiUZqvgQVf,2.0986949117266027
78rEtQ4KFBidvcEEiFomDT,5j4kHNz5syQBR9Jfv3hwbb,2.1330187129565803
78rEtQ4KFBidvcEEiFomDT,5auwSKx96QcROy6CTGnHIl,2.18596370174242
78rEtQ4KFBidvcEEiFomDT,2nLtzopw4rPReszdYBJU6h,2.207369058041942
3fPgIknlkDWXs1l2noKZbp,5ulKQUbgBp6fDd9KvRVHaA,0.6571656044509061
3fPgIknlkDWXs1l2noKZbp,6Yp3K2cy35hXnWQFE1yWrJ,0.7861207524931862
3fPgIknlkDWXs1l2noKZbp,2sgpYwWVQAXWetqtO9Kh24,0.8224849020616862
3fPgIknlkDWXs1l2noKZbp,3ctDo5gZFNOiMjqa0XDBif,0.8489560491149749
3fPgIknlkDWXs1l2noKZbp,10ifawoZHnRZjwiQjcoY1S,0.8925711518285225
3fPgIknlkDWXs1l2noKZbp,5lfWrciYtohtIMVDVZd0Rf,0.9123633536785959
3fPgIknlkDWXs1l2noKZbp,0EpdLuptraYGFZ6J7HNSLc,1.0075651309801912
3fPgIknlkDWXs1l2noKZbp,4RvtzkdXmDOjbggr6pu9jR,1.0473802039720022
3fPgIknlkDWXs1l2noKZbp,1byfhRPkrLvnQ4ib1SWNxQ,1.052294960350666
3fPgIknlkDWXs1l2noKZbp,4paK7VQa8HRYPSF2hvC4LQ,1.0583866844249683
7vrLphPq4yjaX7jiDdd2Nc,4k2iYdpCZYH3eQX2bVKOku,0.9586200162361654
7vrLphPq4yjaX7jiDdd2Nc,3IKUuAJghlmAkjBKbXaGjS,1.0979086883304985
7vrLphPq4yjaX7jiDdd2Nc,5NYejXf1mwigePilCGLjdM,1.0987790620930993
7vrLphPq4yjaX7jiDdd2Nc,10t0BfHUkq9iKZzOj4LY3c,1.1738510350620595
7vrLphPq4yjaX7jiDdd2Nc,2zYzyRzz6pRmhPzyfMEC8s,1.1747549966467696
7vrLphPq4yjaX7jiDdd2Nc,0gKuF5cAyTLUflACTah7yC,1.177525265173847
7vrLphPq4yjaX7jiDdd2Nc,7Gc9OoiYsUrByC8tzD7kYY,1.1994148876688724
7vrLphPq4yjaX7jiDdd2Nc,5QvW5lK6mkfTegpAK9JOO7,1.2050449032700374
7vrLphPq4yjaX7jiDdd2Nc,0liZcBeGoLuzDIat1YXRZk,1.2253500293477078
7vrLphPq4yjaX7jiDdd2Nc,4CVOUJki8YUWol3jhLphgs,1.235192648311765
6NWjTke7IJDThX8ze3DUJN,6AJppuCk5EE86paOdDI4yL,0.8507108303485996
6NWjTke7IJDThX8ze3DUJN,02xRKYZ1jY4B6utPa59qSf,1.1401499044160996
6NWjTke7IJDThX8ze3DUJN,7bfocP7GYoLOutUYpTI8tx,1.2749325994778133
6NWjTke7IJDThX8ze3DUJN,3fPgIknlkDWXs1l2noKZbp,1.3077423449541186
6NWjTke7IJDThX8ze3DUJN,0EpdLuptraYGFZ6J7HNSLc,1.3121943099799678
6NWjTke7IJDThX8ze3DUJN,50OIaK14Pr6ZwCmFfHZ0wB,1.3272193104266155
6NWjTke7IJDThX8ze3DUJN,3ctDo5gZFNOiMjqa0XDBif,1.3365283512591226
6NWjTke7IJDThX8ze3DUJN,4sKGkVi8boc00JTpw7aVB7,1.366515219040077
6NWjTke7IJDThX8ze3DUJN,5ulKQUbgBp6fDd9KvRVHaA,1.3668025272127116
6NWjTke7IJDThX8ze3DUJN,2ThdB23G9Rgf1ExndFGEEg,1.3758102649677937
4CVOUJki8YUWol3jhLphgs,06Q3gof2rs8ErXzBrW1aVg,0.6684150706509837
4CVOUJki8YUWol3jhLphgs,3mnZxecdxSU4ZXSxK522sV,0.6934664627051175
4CVOUJki8YUWol3jhLphgs,3IKUuAJghlmAkjBKbXaGjS,0.7080679721042997
4CVOUJki8YUWol3jhLphgs,2FXckoxZCBeWvg3IaFd1EW,0.7438229672743984
4CVOUJki8YUWol3jhLphgs,2QxzpDE6uQPy17dhBTQgpu,0.7532323428939918
4CVOUJki8YUWol3jhLphgs,1tbjeelOKIjolYNUNnPMAD,0.8306049767626767
4CVOUJki8YUWol3jhLphgs,1GxXPNNkNymHPn6yTgWPxu,0.847497556865691
4CVOUJki8YUWol3jhLphgs,6yQAwPJmFn0OBTKWOnQFfv,0.9913652390104642
4CVOUJki8YUWol3jhLphgs,37SgiDGQSiUTQXZo2Ml888,1.0179562980794659
4CVOUJki8YUWol3jhLphgs,6oP3qa2MyQjxW8YQQdPBq9,1.0401311934123307
6MXJQlaY0IcNjVDNYeYj8y,4fPBB44eDH71YohayI4eKV,1.0509990649472605
6MXJQlaY0IcNjVDNYeYj8y,5GKVcvTgnFYtfh25qKQtRg,1.1514145666470486
6MXJQlaY0IcNjVDNYeYj8y,1EsgUWQsxGBwnu3NATDjiU,1.162897965588891
6MXJQlaY0IcNjVDNYeYj8y,4pXyK9GW7fuT645U0DLYYF,1.4211563503940412
6MXJQlaY0IcNjVDNYeYj8y,5muVpPu8Fj9fXfDbbqDdrZ,1.4373228547703523
6MXJQlaY0IcNjVDNYeYj8y,7cmghYOaklEOiHB3mzjkjY,1.472729814525515
6MXJQlaY0IcNjVDNYeYj8y,66QpL8l5IJ4ND2Q79MTa3t,1.5421993362818809
6MXJQlaY0IcNjVDNYeYj8y,1wxw8BkVBHfBEiqm69rA48,1.687327186883753
6MXJQlaY0IcNjVDNYeYj8y,1LrxmgC6pg5RAYGJ2FQWv0,1.6966935644034444
6MXJQlaY0IcNjVDNYeYj8y,6SdAztAqklk1zAmUHhU4N7,1.73641249613117
2Oghfvs0YkMNadU5c31GpJ,513qzL4sJwVPpzdc7AXZvH,0.8763942999642628
2Oghfvs0YkMNadU5c31GpJ,4avT69vtIK1qqC8SL7eqGJ,0.9797293146899573
2Oghfvs0YkMNadU5c31GpJ,6HKmAGpQgDNQ4sFhAgvkA2,1.1485968534359352
2Oghfvs0YkMNadU5c31GpJ,3z8h0TU7ReDPLIbEnYhWZb,1.2622731280032427
2Oghfvs0YkMNadU5c31GpJ,75ArcxyPjMr0sleM5WXLn7,1.287633981447199
2Oghfvs0YkMNadU5c31GpJ,3jl1I9gvCXo5V9hu4hYGLY,1.352780396861857
2Oghfvs0YkMNadU5c31GpJ,2AwYywTNbeiWqQcLqt8UwP,1.3777079520466433
2Oghfvs0YkMNadU5c31GpJ,60sMKR8s0Zs8tXRqKsI8VX,1.4667154053831315
2Oghfvs0YkMNadU5c31GpJ,50etdpjrySctCaS4yw0a72,1.4924948886330656
2Oghfvs0YkMNadU5c31GpJ,0vIkYCzLD9QH7w8m1dC8Mf,1.4924948886330656
5zFgBVbfMdfo6kCKm5hD6t,6VScORohpeHSfdLkPUZuZX,0.9185448036829431
5zFgBVbfMdfo6kCKm5hD6t,2sb6AZQLeoD3VgA4zglQB6,0.9244939321924391
5zFgBVbfMdfo6kCKm5hD6t,68Yx4cOTBvQkI7u5sHcZ0l,0.9763162702664191
5zFgBVbfMdfo6kCKm5hD6t,3ENn9ahP78mdUTHXDhnyFu,1.0271753543484814
5zFgBVbfMdfo6kCKm5hD6t,4qk8TRTKURbYICrtfAfDYr,1.2210375904248885
5zFgBVbfMdfo6kCKm5hD6t,341863z079BT4EFPiSw9DP,1.2346581420415372
5zFgBVbfMdfo6kCKm5hD6t,19gCnDoMbugHhF7eMpLpe1,1.2820965907336406
5zFgBVbfMdfo6kCKm5hD6t,3euQtj1nSUZsuOAAjH1LK8,1.287261732638682
5zFgBVbfMdfo6kCKm5hD6t,5Tw688qLFIieMBeD7wnEgw,1.336730768402225
5zFgBVbfMdfo6kCKm5hD6t,5aJuHyYNdOzqX6eGO2XyE8,1.3552678998308043
3rTk7Ll8NRrd2jspBFtimV,3Msrp56q1eTLQaZFX06Qp3,0.7846797182734762
3rTk7Ll8NRrd2jspBFtimV,2AJL5Z7SjjilD8fAFWp8uo,1.0601219386971743
3rTk7Ll8NRrd2jspBFtimV,2dDE3WCSj2cELFYO1IfECD,1.0698318957399662
3rTk7Ll8NRrd2jspBFtimV,08l9WKDuRyGeStQ9ojTlFh,1.1435968007942463
3rTk7Ll8NRrd2jspBFtimV,7lltIP2aLYnEwbrKdYq0gb,1.1595614187101941
3rTk7Ll8NRrd2jspBFtimV,6y4ySPeb68KGoAi1dk130F,1.2160662568434313
3rTk7Ll8NRrd2jspBFtimV,3nX1nZJoLqfNSBq19RPGS4,1.2662009036267343
3rTk7Ll8NRrd2jspBFtimV,4TCMm1N1zoNmRYaLbYwB2k,1.2756550374578854
3rTk7Ll8NRrd2jspBFtimV,6TzYMmTsjyTIf1cSSuOcAw,1.2938277561708003
3rTk7Ll8NRrd2jspBFtimV,2bTESUiaqSWDvyW9zSA6xG,1.3108536654200107
5Z4ZRi6fMaqM4gW3VrTxfk,66ERrn57fmkbOq9zhELGPv,0.6830154914981104
5Z4ZRi6fMaqM4gW3VrTxfk,2KZXF3p2o5oNl4dYme5zhH,0.723034612973087
5Z4ZRi6fMaqM4gW3VrTxfk,52UDFFwUueOBfJ2vB5BqRr,0.8798915417505221
5Z4ZRi6fMaqM4gW3VrTxfk,0Id7swY6cWbvYLtVVF0wvq,0.965423944046697
5Z4ZRi6fMaqM4gW3VrTxfk,6ZV6lI92ypdfjeGgDQc5Mm,0.9857936487711632
5Z4ZRi6fMaqM4gW3VrTxfk,1zx6GSqLYI2ynzAHnPRKBR,1.001120263570608
5Z4ZRi6fMaqM4gW3VrTxfk,22Yk1yPGtoAaJMUJEFlco2,1.0478343244217716
5Z4ZRi6fMaqM4gW3VrTxfk,43nB4BTmfrOZ80QYrD3Ap2,1.308850783126856
5Z4ZRi6fMaqM4gW3VrTxfk,0aIW3ekrhK1eh3BYCh11op,1.3333348863763805
5Z4ZRi6fMaqM4gW3VrTxfk,42OUnOczRtCTyPTqvBsHzW,1.338358175611505
03b80IxIQ8qOzYVbcbTyRL,3IWy6MPyWKPFAQ5x6YAkrc,0.9763142541679077
03b80IxIQ8qOzYVbcbTyRL,0NBD4g9Zwy1rMAMWBYS6Ju,1.2243053694039656
03b80IxIQ8qOzYVbcbTyRL,3g3Ht5QpT6uPLmAmDVQOjj,1.3263647640680893
03b80IxIQ8qOzYVbcbTyRL,2ueWCiQRtVdj5pSs87CDla,1.5421343844708137
03b80IxIQ8qOzYVbcbTyRL,3PF8RXSKjme6Pi58ajTIvo,1.5435637149526027
03b80IxIQ8qOzYVbcbTyRL,2aX1zws7bVjTLbS1cYZK2W,1.5669199936286458
03b80IxIQ8qOzYVbcbTyRL,21kVD9H40rRQkGmcMi01Fl,1.6247108052585237
03b80IxIQ8qOzYVbcbTyRL,71ufF5km9x0EBUjsNVSTQj,1.6903521320565063
03b80IxIQ8qOzYVbcbTyRL,3iTgKW7MWI0M0acyEoQXds,1.7339093297562773
03b80IxIQ8qOzYVbcbTyRL,2EF9d5esVb1IJ3qIP89F9u,1.753873074939349
3xLtrBuptxKDFww9lND5Dc,1mRgy0qWyAc8EpFeeRNnRK,0.8044469912404294
3xLtrBuptxKDFww9lND5Dc,6XDdcBC0hQkRcQfYovxd4c,0.9262850238517447
3xLtrBuptxKDFww9lND5Dc,1Zd1Y1UeG8PB5fDSgKQaH6,0.9571343476786761
3xLtrBuptxKDFww9lND5Dc,7EKpyfbmopbXMaMLW9QEd3,1.0621175993721983
3xLtrBuptxKDFww9lND5Dc,1WheyFsHUcBWQ33WNHcZdI,1.09864234133389
3xLtrBuptxKDFww9lND5Dc,4cF6Pk7YaRtv91mSZa4nVi,1.1718938402751187
3xLtrBuptxKDFww9lND5Dc,2xETIuyVWAjWXFSbqngBYq,1.2315761462247221
3xLtrBuptxKDFww9lND5Dc,6TzYMmTsjyTIf1cSSuOcAw,1.2387225810731817
3xLtrBuptxKDFww9lND5Dc,4x9l3fDzgvzg9t7Csbufrn,1.2693866193779755
3xLtrBuptxKDFww9lND5Dc,52qcIvWmjv985NzzL34Te1,1.4034910051719218
4GRgeMNKXKSqmkKRqzoXB7,0Z7nVJmfPLRjhtStJZh4hm,1.242438015631974
4GRgeMNKXKSqmkKRqzoXB7,6X75beLYymFGvrw5Ocqflq,1.2782711244869112
4GRgeMNKXKSqmkKRqzoXB7,3eBMWAbupDk0WKevWvrqa4,1.2811696909077017
4GRgeMNKXKSqmkKRqzoXB7,2bTESUiaqSWDvyW9zSA6xG,1.3093304395463403
4GRgeMNKXKSqmkKRqzoXB7,5IXpJkpRvk97JoLMTitMPG,1.336219043703981
4GRgeMNKXKSqmkKRqzoXB7,1SEZDfakTMMmUcHildSzsx,1.3875040312562512
4GRgeMNKXKSqmkKRqzoXB7,2j93jQX5C9wRnSzT3qthRt,1.4146720003478088
4GRgeMNKXKSqmkKRqzoXB7,4j6P3mLiZRfNPGFIQlq9vX,1.4325942542712493
4GRgeMNKXKSqmkKRqzoXB7,7ma2fbKDEvJeGJAx0YedAs,1.440336743740324
4GRgeMNKXKSqmkKRqzoXB7,3rTk7Ll8NRrd2jspBFtimV,1.5141230755926183
7AW4g4I9fPfUIyqtbsuAkM,2MTwDvHo3Mc8lKp7FeEHJJ,0.9891859308103411
7AW4g4I9fPfUIyqtbsuAkM,1jcHOVANDK94K5UXQLs8Fz,1.1230523921999824
7AW4g4I9fPfUIyqtbsuAkM,40a42KKcVcnqT3Wz24INIm,1.3879405537693794
7AW4g4I9fPfUIyqtbsuAkM,1UfJ3Z0pPyejEKi37A0utw,1.4647363533345616
7AW4g4I9fPfUIyqtbsuAkM,1AdUK37moo4ba9vRJJ7zVp,1.5804042728103325
7AW4g4I9fPfUIyqtbsuAkM,2bXI4Rbw1D7aVeHWLjn1Lb,1.5838940011940892
7AW4g4I9fPfUIyqtbsuAkM,0u5mGjvZPRx3uFCwXKcXCP,1.7884600857956383
7AW4g4I9fPfUIyqtbsuAkM,1uxFhAQQOrF7nbL49DLcls,1.7997927870088126
7AW4g4I9fPfUIyqtbsuAkM,2gNMXJDKRmKWuevBGjN8wo,1.8504340672834578
7AW4g4I9fPfUIyqtbsuAkM,7lvobfYGCBe0okzSwMtvRK,1.8666446319532983
3hp6JfJIxkv3sl7E6p7DQj,3z8h0TU7ReDPLIbEnYhWZb,1.011389320244091
3hp6JfJIxkv3sl7E6p7DQj,5m4FuvMmLOnq7Gpt0ckAcf,1.0598915606145694
3hp6JfJIxkv3sl7E6p7DQj,5ncofiedz9Ej6YkvvXMKVn,1.253992498411695
3hp6JfJIxkv3sl7E6p7DQj,60sMKR8s0Zs8tXRqKsI8VX,1.254694284604887
3hp6JfJIxkv3sl7E6p7DQj,5XCtjnFMKtCT7ycDwV3Kdh,1.2607763163669687
3hp6JfJIxkv3sl7E6p7DQj,2YA5IfmQwAmVzHRP3SVnEd,1.2805374847635946
3hp6JfJIxkv3sl7E6p7DQj,48RAUxA6ZlqIuM4pON0GVC,1.2950655898141838
3hp6JfJIxkv3sl7E6p7DQj,2AwYywTNbeiWqQcLqt8UwP,1.3004486202206411
3hp6JfJIxkv3sl7E6p7DQj,1zx6GSqLYI2ynzAHnPRKBR,1.3134943528011924
3hp6JfJIxkv3sl7E6p7DQj,2ueWCiQRtVdj5pSs87CDla,1.3282240993233212
6IlQmJorOrT6eWZFqUzzES,3HKENICtez4Mz0tnUqpFIP,0.7095452978764225
6IlQmJorOrT6eWZFqUzzES,52aj920Nd9VlhlehQVsfwS,0.8070868953121287
6IlQmJorOrT6eWZFqUzzES,6RNDeRnWsRMjPdNVgupZCs,0.8605828735694463
6IlQmJorOrT6eWZFqUzzES,5hZctl6Xi8xaJG8LgIZWDy,0.9156816213043619
6IlQmJorOrT6eWZFqUzzES,163l4xzEe3JAfPbv0kYNQo,0.9416115490976117
6IlQmJorOrT6eWZFqUzzES,1VAhH6Qrtod1cKtGjHcUtB,1.0522284691783803
6IlQmJorOrT6eWZFqUzzES,78cj9M7Ax1yDruYM5QeG39,1.061027549184269
6IlQmJorOrT6eWZFqUzzES,3ctDo5gZFNOiMjqa0XDBif,1.1643567321218642
6IlQmJorOrT6eWZFqUzzES,5r5cp9IpziiIsR6b93vcnQ,1.1668623666485471
6IlQmJorOrT6eWZFqUzzES,3mtJfeHl9dp6Rq5fXPIErc,1.2016135804690369
0SvtBdkNRlErX8sPrFgWPW,7gbjLoVKE8FZr8jra24GIR,1.3163583800747753
0SvtBdkNRlErX8sPrFgWPW,1mhhgEfuEGW0EwB6kNuzkk,1.396756219603145
0SvtBdkNRlErX8sPrFgWPW,4NbUqEJnGQAEDvfb1LB5V3,1.4108260145985894
0SvtBdkNRlErX8sPrFgWPW,3UgiXDauVuj9HZKzFY8TBL,1.4230553012280909
0SvtBdkNRlErX8sPrFgWPW,3bCp61o3h46Yvr0vgMJlaL,1.4815081356055024
0SvtBdkNRlErX8sPrFgWPW,5j4kHNz5syQBR9Jfv3hwbb,1.4879222922062667
0SvtBdkNRlErX8sPrFgWPW,513qzL4sJwVPpzdc7AXZvH,1.5025566543356697
0SvtBdkNRlErX8sPrFgWPW,3jl1I9gvCXo5V9hu4hYGLY,1.527833669669956
0SvtBdkNRlErX8sPrFgWPW,4W5HbjNHMU7uw27oZwLaVK,1.5329815581205666
0SvtBdkNRlErX8sPrFgWPW,55N8cxpE1QDoeaaNqUnoZ2,1.5845523125330983
5inWUDecQMC4l2eOFzaIaf,10aDiDITMu33TQNqVR35iM,1.3155302954138899
5inWUDecQMC4l2eOFzaIaf,4jWXXlguqZ8zhRvxOxmp9j,1.4042977320054082
5inWUDecQMC4l2eOFzaIaf,0BFtrq3fyv1kRcId4o18mK,1.4369661272664034
5inWUDecQMC4l2eOFzaIaf,0fea68AdmYNygeTGI4RC18,1.493204317974047
5inWUDecQMC4l2eOFzaIaf,5dy25rHjyfAbpkHDI9yfTY,1.5044136175047522
5inWUDecQMC4l2eOFzaIaf,4ScVI88WynvZ1avtN2rScK,1.5558453693618293
5inWUDecQMC4l2eOFzaIaf,7rMB3EFvXYfXvkw7BBLoX1,1.6280176426530608
5inWUDecQMC4l2eOFzaIaf,0VvlSQ6yIwlKw5MCFU0lZv,1.6603453661597178
5inWUDecQMC4l2eOFzaIaf,2esbthZf8kgJK8x8n9BYNe,1.7257637376073554
5inWUDecQMC4l2eOFzaIaf,59eugpPzqGZW1ZsV5JTAk2,1.729792096525706
5xo01RlIlMgQMMI19rY8Xb,7ErnTS7HiYqwBTNrtdqxK9,1.9054376091734602
5xo01RlIlMgQMMI19rY8Xb,2BZe9fLjce5JlnrVmwYzWl,2.282980086218048
5xo01RlIlMgQMMI19rY8Xb,6cxmYx2CDHRkaTZHVgsykX,2.8175015002897807
5xo01RlIlMgQMMI19rY8Xb,6ohXK9Y4ioab0VjQp20rYa,2.8597335683625453
5xo01RlIlMgQMMI19rY8Xb,3ujWh42s95AIqhM6GXoVjn,3.150633530706795
5xo01RlIlMgQMMI19rY8Xb,2awoFGsXQwiU935BUlM6Wf,3.8701983476214323
5xo01RlIlMgQMMI19rY8Xb,0sO53kgvUZFEu8Tqne6T7N,3.912352020930248
5xo01RlIlMgQMMI19rY8Xb,6BvxXU49ho2foOtgd4dgXb,3.96872000171559
5xo01RlIlMgQMMI19rY8Xb,1h4K8ijEaWX9Z2KGXrfz8T,4.2587230889353
5xo01RlIlMgQMMI19rY8Xb,2cBGY25X6oG1fLwQyOZvJ1,4.48653520328413
1UfJ3Z0pPyejEKi37A0utw,6VZ4iuA1y0utK4YR9dMfhu,1.149394070096844
1UfJ3Z0pPyejEKi37A0utw,0BFtrq3fyv1kRcId4o18mK,1.171441276308938
1UfJ3Z0pPyejEKi37A0utw,2esbthZf8kgJK8x8n9BYNe,1.3085739377007726
1UfJ3Z0pPyejEKi37A0utw,59eugpPzqGZW1ZsV5JTAk2,1.4613594472559597
1UfJ3Z0pPyejEKi37A0utw,7AW4g4I9fPfUIyqtbsuAkM,1.4647363533345616
1UfJ3Z0pPyejEKi37A0utw,0u5mGjvZPRx3uFCwXKcXCP,1.5048464418905532
1UfJ3Z0pPyejEKi37A0utw,4JITK6LNul3oc5aDcCYlLx,1.514079565975669
1UfJ3Z0pPyejEKi37A0utw,2MTwDvHo3Mc8lKp7FeEHJJ,1.642785110177282
1UfJ3Z0pPyejEKi37A0utw,2gNMXJDKRmKWuevBGjN8wo,1.7452659358997173
1UfJ3Z0pPyejEKi37A0utw,1jcHOVANDK94K5UXQLs8Fz,1.7474130848331402
2QZHLFuN2hW8eaTTILNSEC,12DuRrlFSqJyAtfN0YauMz,1.151313973323448
2QZHLFuN2hW8eaTTILNSEC,2tUChcOi3ktjFzMYu2w5QL,1.418342885450989
2QZHLFuN2hW8eaTTILNSEC,2sKchp54KqDz6jPofHZ66t,1.422770906856586
2QZHLFuN2hW8eaTTILNSEC,5Ims37RILnoKgwv4ih2UKD,1.4895981727928989
2QZHLFuN2hW8eaTTILNSEC,5qBhUQLFCdIut4QZrIh7XI,1.5057878302926677
2QZHLFuN2hW8eaTTILNSEC,5dy25rHjyfAbpkHDI9yfTY,1.5534724081188565
2QZHLFuN2hW8eaTTILNSEC,4HyxYaIV98fUKeApfxHEHv,1.5785194507247053
2QZHLFuN2hW8eaTTILNSEC,0nfQH9hmgwtQ4EK0945Zdy,1.6821716147009114
2QZHLFuN2hW8eaTTILNSEC,2oya2LiaY0kG9ULocwIoaw,1.7648670611211976
2QZHLFuN2hW8eaTTILNSEC,26op06vMM21RB0hej3b0lG,1.767511060295775
7kljF41HGcnuU4tBRQ8d6k,0OGw7V8wAI6OsZIQ12JkTP,0.8738974994615124
7kljF41HGcnuU4tBRQ8d6k,0anw2y6ifCI7QS8Cj5Ph7x,0.9618307037688344
7kljF41HGcnuU4tBRQ8d6k,43ueXmQ6KjITk0hKKOPOLA,0.9942079413390476
7kljF41HGcnuU4tBRQ8d6k,7xuu4ByQkm8qhnwJQk994r,1.0096508778740774
7kljF41HGcnuU4tBRQ8d6k,2sASx6Cz5mYm0xPrKiD8gZ,1.0380796538600103
7kljF41HGcnuU4tBRQ8d6k,0OxDGZakSMFjEHSoQHEjfy,1.078027909668094
7kljF41HGcnuU4tBRQ8d6k,5ynCNwoLOOHoJU4N40m97V,1.180749839829771
7kljF41HGcnuU4tBRQ8d6k,28DlaPydCnrs8NxYOnUPZ8,1.1885435624062364
7kljF41HGcnuU4tBRQ8d6k,00TFDHSe7s8cWm5CzDY8UP,1.1970847711319794
7kljF41HGcnuU4tBRQ8d6k,0qwU4qCtm3aUqcAUISMhMz,1.2127689655756895
4jVu0QPK9BVeNgAmfvkocn,3q5Ze7QksOVd2ES9YzdfsE,0.4752624380262039
4jVu0QPK9BVeNgAmfvkocn,5H3JW2JiQG432dldneCyW1,0.7505756399204949
4jVu0QPK9BVeNgAmfvkocn,2Tv4NhYavSni05V7IIT17w,0.8016773852790959
4jVu0QPK9BVeNgAmfvkocn,6qOCyu8agpod9VK4EdZqzt,0.8517508380738598
4jVu0QPK9BVeNgAmfvkocn,6IRzBP4gVoV4D2zHmocoWy,0.8714641794128126
4jVu0QPK9BVeNgAmfvkocn,0BZagFWMAL33p7y6HsL3jT,0.9920021258672425
4jVu0QPK9BVeNgAmfvkocn,0wUxh6XMc698xPCfgBaPRV,0.9951855568678736
4jVu0QPK9BVeNgAmfvkocn,3kUYO8UMNxuOCPuERmQYKa,1.02032448819827
4jVu0QPK9BVeNgAmfvkocn,7n4Y9BCKLHi4hqI2NctuAq,1.0467156176188224
4jVu0QPK9BVeNgAmfvkocn,0qwU4qCtm3aUqcAUISMhMz,1.083792656272598
0k2bhZ9oM3boyUWaV3MfWk,5D1rMjP4yUnTMvzL32Odo1,1.672361351457456
0k2bhZ9oM3boyUWaV3MfWk,2jL3urmIC1PepoT93Mskmm,1.861590609716385
0k2bhZ9oM3boyUWaV3MfWk,3AQozzNsKUnxw2GSn0IlRq,2.006544827542448
0k2bhZ9oM3boyUWaV3MfWk,35corN4vO44BQSS0VsbwwX,2.0231568142531833
0k2bhZ9oM3boyUWaV3MfWk,1aDCjyFTiY6EG9mbl7HMog,2.3278884672621087
0k2bhZ9oM3boyUWaV3MfWk,2gNMXJDKRmKWuevBGjN8wo,2.4707914141461584
0k2bhZ9oM3boyUWaV3MfWk,2MTwDvHo3Mc8lKp7FeEHJJ,2.5134571062150037
0k2bhZ9oM3boyUWaV3MfWk,59eugpPzqGZW1ZsV5JTAk2,2.7149083711202167
0k2bhZ9oM3boyUWaV3MfWk,1jcHOVANDK94K5UXQLs8Fz,2.7550775793000923
0k2bhZ9oM3boyUWaV3MfWk,1uxFhAQQOrF7nbL49DLcls,2.8453600087805704
36nYdygI2cwOtjBqGxhHzY,5CIuhTu5H6req55w8yBejp,0.3976781426894948
36nYdygI2cwOtjBqGxhHzY,0aKb5riywYeDam6ukd62RO,0.4771710634730702
36nYdygI2cwOtjBqGxhHzY,6T1t7fOMfVuVpWSe2Z4Pp9,0.6144129761788071
36nYdygI2cwOtjBqGxhHzY,1jt4hk4d51pZ8DZl8yMMmG,0.6273261225600765
36nYdygI2cwOtjBqGxhHzY,4oowGH3baaetOYlEVUglhU,0.8379730698128882
36nYdygI2cwOtjBqGxhHzY,68xC2JQSgK9L43IkW7UvNT,1.2265097869420616
36nYdygI2cwOtjBqGxhHzY,4I0edgb5lVFVllfB7igc91,1.2837702113147929
36nYdygI2cwOtjBqGxhHzY,1vViUoB7DpXUX10isPj7YL,1.2935781913640385
36nYdygI2cwOtjBqGxhHzY,6ibmDmnayyljaIfT8hgkVq,1.3419612250539814
36nYdygI2cwOtjBqGxhHzY,6bWSlgj7GqYXsorKurrxTJ,1.3425933010861884
6aHFdm58mPF4YPJX3FgI0z,7n4Y9BCKLHi4hqI2NctuAq,0.9218862636594378
6aHFdm58mPF4YPJX3FgI0z,1BLOVHYYlH4JUHQGcpt75R,1.0101772860831966
6aHFdm58mPF4YPJX3FgI0z,2SLwPaJTN6B6zwcIwsuQAK,1.1299557842395744
6aHFdm58mPF4YPJX3FgI0z,72zHuDxFQTjbL51qJQSA7j,1.1469453770468852
6aHFdm58mPF4YPJX3FgI0z,3fnL2JDgy4QD04araOl0eY,1.2108317402012598
6aHFdm58mPF4YPJX3FgI0z,3nImoHhXBOqYcdTN8gt9eE,1.261505835138424
6aHFdm58mPF4YPJX3FgI0z,0T5iIrXA4p5GsubkhuBIKV,1.2776060579097903
6aHFdm58mPF4YPJX3FgI0z,0z5EJolHD3zV6W17tigtP7,1.3654392853365116
6aHFdm58mPF4YPJX3FgI0z,3iOcbCxe0jW1XrlFb0rvj2,1.3666918363264815
6aHFdm58mPF4YPJX3FgI0z,6DXazvidTcZ7Nx78cm5hZE,1.3725598679416409
0BZagFWMAL33p7y6HsL3jT,0xdYzkbBBfTevSyOJqWUSX,0.8556826853405461
0BZagFWMAL33p7y6HsL3jT,5H3JW2JiQG432dldneCyW1,0.9268580013077028
0BZagFWMAL33p7y6HsL3jT,6qOCyu8agpod9VK4EdZqzt,0.931269233337305
0BZagFWMAL33p7y6HsL3jT,4jVu0QPK9BVeNgAmfvkocn,0.9920021258672425
0BZagFWMAL33p7y6HsL3jT,4hQ6UGyWQIGJmHSo0J88JW,0.9986970256239456
0BZagFWMAL33p7y6HsL3jT,3q5Ze7QksOVd2ES9YzdfsE,1.0415378187738478
0BZagFWMAL33p7y6HsL3jT,3kUYO8UMNxuOCPuERmQYKa,1.059043913979557
0BZagFWMAL33p7y6HsL3jT,1I2MEjnS9c4OPMnKWbIuYs,1.0637912882420089
0BZagFWMAL33p7y6HsL3jT,00TFDHSe7s8cWm5CzDY8UP,1.077723483309396
0BZagFWMAL33p7y6HsL3jT,0zuH9aSrPkctSaAn1kPN86,1.093752925249181
0HkYWF3O2mW56RU67gEqyG,3mYCd23hPxJW5okSvMoy3x,1.3308552716072888
0HkYWF3O2mW56RU67gEqyG,6d3jo3AUpEsOrMsbtyeW7y,1.4164958906547274
0HkYWF3O2mW56RU67gEqyG,1bxtePWzYybaPiUZqvgQVf,1.4362496136027012
0HkYWF3O2mW56RU67gEqyG,2InrK5IWeTPIVRZQPOEDIO,1.4716338345522677
0HkYWF3O2mW56RU67gEqyG,2ifYUfvMNbXQDPJEyk68rP,1.5100952495454252
0HkYWF3O2mW56RU67gEqyG,1zc9mfxeNZ6HiSxRzY7JIA,1.5772425002354273
0HkYWF3O2mW56RU67gEqyG,6V4k01Xr3HsVrfqUyQSIqt,1.6078210653228995
0HkYWF3O2mW56RU67gEqyG,0liZcBeGoLuzDIat1YXRZk,1.6288628789590318
0HkYWF3O2mW56RU67gEqyG,3SeowzTaXWE7YsIvltrFgE,1.646674569962717
0HkYWF3O2mW56RU67gEqyG,3nX1nZJoLqfNSBq19RPGS4,1.6729312822149607
4wsQGsdf8D0Bj26cGdvreB,33Z21GrqIGKlxF7hrz9bLd,1.4654593019041846
4wsQGsdf8D0Bj26cGdvreB,4AUpGuaBY9IWkOYgvA1hy6,1.4738310502390093
4wsQGsdf8D0Bj26cGdvreB,7pjj6hVH1uh9Mf6rQ6QO0O,1.4929884385267458
4wsQGsdf8D0Bj26cGdvreB,28DlaPydCnrs8NxYOnUPZ8,1.6046557290311452
4wsQGsdf8D0Bj26cGdvreB,5v4ikwHHJWghlUcDoaYWNW,1.6347298714657938
4wsQGsdf8D0Bj26cGdvreB,1JfcfNnW1pfsaYdqO6Vrkn,1.6383759985837327
4wsQGsdf8D0Bj26cGdvreB,7kzKAuUzOITUauHAhoMoxA,1.6570130630580755
4wsQGsdf8D0Bj26cGdvreB,2sASx6Cz5mYm0xPrKiD8gZ,1.663906895478745
4wsQGsdf8D0Bj26cGdvreB,5GKVcvTgnFYtfh25qKQtRg,1.666462037750861
4wsQGsdf8D0Bj26cGdvreB,5fdr0qZcygx9NFbIhFDcaH,1.6979315897541671
3eBMWAbupDk0WKevWvrqa4,4GRgeMNKXKSqmkKRqzoXB7,1.2811696909077017
3eBMWAbupDk0WKevWvrqa4,5H9S7RaxxSAgY77Mb0CSPz,1.2918484053737385
3eBMWAbupDk0WKevWvrqa4,4j6P3mLiZRfNPGFIQlq9vX,1.52853125583122
3eBMWAbupDk0WKevWvrqa4,2a9qHSjK62gyvVjg6ZnjB7,1.5552883271063274
3eBMWAbupDk0WKevWvrqa4,1P7Ik6OX9dV3BnXZi9L4cI,1.5836979287400743
3eBMWAbupDk0WKevWvrqa4,6X75beLYymFGvrw5Ocqflq,1.5878374221412437
3eBMWAbupDk0WKevWvrqa4,2AJL5Z7SjjilD8fAFWp8uo,1.6564485828928215
3eBMWAbupDk0WKevWvrqa4,0Z7nVJmfPLRjhtStJZh4hm,1.6783129418650826
3eBMWAbupDk0WKevWvrqa4,67al4eD0HtTYVqw1BLcF2d,1.685203339892527
3eBMWAbupDk0WKevWvrqa4,5WBn5fDSVP8eMrxXQRMVWL,1.7003455318190017
1VtPE3YY4Uc9KCaQATcVJh,6pAIDhDoB7k4bOsxbQjycO,0.9985267418885498
1VtPE3YY4Uc9KCaQATcVJh,3dRjPo78q6rb7vaRElKNRl,1.0235443193457956
1VtPE3YY4Uc9KCaQATcVJh,7grNHTSADMlLZ96mH4wI85,1.1279102567892032
1VtPE3YY4Uc9KCaQATcVJh,1nBDeSiqD2z1ofv9hEttfi,1.1555539250686615
1VtPE3YY4Uc9KCaQATcVJh,7C3lbQVR3vlo8WCHNiwycv,1.2187547881381695
1VtPE3YY4Uc9KCaQATcVJh,5T2iobXGYEI9TdrJ4Du6QN,1.248870811645437
1VtPE3YY4Uc9KCaQATcVJh,5FccwnVjJbLIF2azQjCwyP,1.3087913400850966
1VtPE3YY4Uc9KCaQATcVJh,6ZRwn9JqdtRQyrHT0tKIgy,1.374160731454008
1VtPE3YY4Uc9KCaQATcVJh,1hOqxeZappRsi9FAmBUCpS,1.3860642261017053
1VtPE3YY4Uc9KCaQATcVJh,4uFXfaNBVQw1MJ9K19P8QS,1.393694364754162
78cj9M7Ax1yDruYM5QeG39,5r5cp9IpziiIsR6b93vcnQ,0.7973701571025142
78cj9M7Ax1yDruYM5QeG39,4sNG6zQBmtq7M8aeeKJRMQ,0.8164075389899348
78cj9M7Ax1yDruYM5QeG39,6RNDeRnWsRMjPdNVgupZCs,0.8279603303441521
78cj9M7Ax1yDruYM5QeG39,0U7SRbyBhkdXdulXr3veKQ,0.8630438500719458
78cj9M7Ax1yDruYM5QeG39,3CRT6IQTfsEZjiXfZ49g9w,0.8799624233309744
78cj9M7Ax1yDruYM5QeG39,2Racq7HrXkYvF8w9zXvlTp,0.9158924490297388
78cj9M7Ax1yDruYM5QeG39,5xde0qUR1uUmH8ZVOqoPRo,0.9226628118587221
78cj9M7Ax1yDruYM5QeG39,7xs1ksUAb2XswNWJjeyt7V,0.9799872148168445
78cj9M7Ax1yDruYM5QeG39,0SRPuTnr5QOKRoIxMvvlgK,0.9916438253880062
78cj9M7Ax1yDruYM5QeG39,1rrPwnC71ZmXcIXuPudHYo,1.0494472045262941
1rrPwnC71ZmXcIXuPudHYo,5Gox2FHWcB882eGsRIkdrt,0.8860397823124812
1rrPwnC71ZmXcIXuPudHYo,4sNG6zQBmtq7M8aeeKJRMQ,0.9390257668349022
1rrPwnC71ZmXcIXuPudHYo,6RNDeRnWsRMjPdNVgupZCs,0.9395070601547584
1rrPwnC71ZmXcIXuPudHYo,0BFWUoOu91FcOEtpTdWFrN,0.9851374873118819
1rrPwnC71ZmXcIXuPudHYo,78cj9M7Ax1yDruYM5QeG39,1.0494472045262941
1rrPwnC71ZmXcIXuPudHYo,6qFWAs54gSDIUh0J9XY8qx,1.1360742111233546
1rrPwnC71ZmXcIXuPudHYo,4grmYnfTTC5s25gdSmACiU,1.1551328661774962
1rrPwnC71ZmXcIXuPudHYo,0U7SRbyBhkdXdulXr3veKQ,1.1848335640182244
1rrPwnC71ZmXcIXuPudHYo,6IlQmJorOrT6eWZFqUzzES,1.2153072910822962
1rrPwnC71ZmXcIXuPudHYo,20McUFi8KCIVdNDLrkTDuZ,1.2157499900461441
6rsbsdiGDrYvhbb1K7ziTL,6aHFdm58mPF4YPJX3FgI0z,1.490229798428037
6rsbsdiGDrYvhbb1K7ziTL,6tBt0o5KS4xYaC7aKd7RY0,1.5583028409754058
6rsbsdiGDrYvhbb1K7ziTL,0kI4AfCbkK5MP2B7Xgh6kB,1.5912959752020939
6rsbsdiGDrYvhbb1K7ziTL,2aNCrdzCbgFIkxs0qul8dT,1.59470564269535
6rsbsdiGDrYvhbb1K7ziTL,2rbkwvwtdWpDwthWnTpJMj,1.6081491916593607
6rsbsdiGDrYvhbb1K7ziTL,1v685OFD51NsY493VwO7FK,1.6592305907573632
6rsbsdiGDrYvhbb1K7ziTL,37LMtqQkT9aEVZEedBJfw5,1.663744378592646
6rsbsdiGDrYvhbb1K7ziTL,7pjj6hVH1uh9Mf6rQ6QO0O,1.673423540818948
6rsbsdiGDrYvhbb1K7ziTL,5ee2y1hdrYRYlGzKfkQdBw,1.7154180202581455
6rsbsdiGDrYvhbb1K7ziTL,4hQ6UGyWQIGJmHSo0J88JW,1.750155988306833
6cARFkZxx2JR3JlvDzeLZc,0apq2ENNMlYg9Os1osfJ3Y,1.0635732262991635
6cARFkZxx2JR3JlvDzeLZc,7m0ZqFw6SHoAvtEccpMOs3,1.082014187996387
6cARFkZxx2JR3JlvDzeLZc,163l4xzEe3JAfPbv0kYNQo,1.2034401106082335
6cARFkZxx2JR3JlvDzeLZc,6n6zJJFmKJ1DoKq2eMCbEb,1.2187646029724182
6cARFkZxx2JR3JlvDzeLZc,17x6eyS7sD6uqWfc8yn1EY,1.2533844818686244
6cARFkZxx2JR3JlvDzeLZc,0uGTUhUrqGx9LYkkiLUXE4,1.268001413994549
6cARFkZxx2JR3JlvDzeLZc,2MMt0H8lE5pDs4b0fZEBzT,1.346513798355789
6cARFkZxx2JR3JlvDzeLZc,2dHCfHPFdccesaPhiisAed,1.403430391350511
6cARFkZxx2JR3JlvDzeLZc,006Bi4j0yzwOc3y69GOlYV,1.434555531951081
6cARFkZxx2JR3JlvDzeLZc,0QAelR36l8kKZjccUbJ6ah,1.4711151512602436
4QX6kQ5616qedOdz8zrpYj,25xhL1egtULWxHD5YDJ9XY,1.2364133495698455
4QX6kQ5616qedOdz8zrpYj,39AH5NxTYx4WzPeLG6Muwk,1.2761366889987897
4QX6kQ5616qedOdz8zrpYj,5jvwBfP3afteHaLNrPrUCN,1.2779462136095736
4QX6kQ5616qedOdz8zrpYj,4mUiW3rsg9kicTIYwjwSsG,1.2779462136095736
4QX6kQ5616qedOdz8zrpYj,37LMtqQkT9aEVZEedBJfw5,1.3380992202667576
4QX6kQ5616qedOdz8zrpYj,6iYQCMnUucNMM9Frw2kreu,1.4243351371640027
4QX6kQ5616qedOdz8zrpYj,3Fqq8l8ToyiC9ZyHyxMxFo,1.4312030235520115
4QX6kQ5616qedOdz8zrpYj,040wa7JKXeVWLjkVYHxtQe,1.5000529377893521
4QX6kQ5616qedOdz8zrpYj,1VhGRC4yzcDFBM4yQSpUGg,1.507520887787063
4QX6kQ5616qedOdz8zrpYj,0m4jVVZrsv0bLkAr1uM6UG,1.5672048998423995
23XdaKxpbB9D4mPCgoOgou,6DXazvidTcZ7Nx78cm5hZE,0.8908627721190114
23XdaKxpbB9D4mPCgoOgou,42rRYDeMFkYfUGOIhDPlF9,0.9013643805919967
23XdaKxpbB9D4mPCgoOgou,6SbLvxG1S5LKhbE3yaNSKi,0.9372287004299241
23XdaKxpbB9D4mPCgoOgou,0T5iIrXA4p5GsubkhuBIKV,1.142498479147933
23XdaKxpbB9D4mPCgoOgou,3euQtj1nSUZsuOAAjH1LK8,1.1700316746370334
23XdaKxpbB9D4mPCgoOgou,4nl4KMmBskw45osLZhlhk1,1.1900635255681802
23XdaKxpbB9D4mPCgoOgou,2G5EuwNgAYXKT5xJQ9KoOC,1.2101943226112462
23XdaKxpbB9D4mPCgoOgou,5D6d1DFXMkjUZYoEUf9BAt,1.219579515397933
23XdaKxpbB9D4mPCgoOgou,1qnCh4pnEt4Rd6DEePwS08,1.271142403801723
23XdaKxpbB9D4mPCgoOgou,43ZA173zlPZnKN3YSjrzHU,1.2961348441627192
39AH5NxTYx4WzPeLG6Muwk,6iYQCMnUucNMM9Frw2kreu,0.734126972172972
39AH5NxTYx4WzPeLG6Muwk,040wa7JKXeVWLjkVYHxtQe,1.1368493847979055
39AH5NxTYx4WzPeLG6Muwk,4QX6kQ5616qedOdz8zrpYj,1.2761366889987897
39AH5NxTYx4WzPeLG6Muwk,4mUiW3rsg9kicTIYwjwSsG,1.3011667806794383
39AH5NxTYx4WzPeLG6Muwk,5jvwBfP3afteHaLNrPrUCN,1.3011667806794383
39AH5NxTYx4WzPeLG6Muwk,25xhL1egtULWxHD5YDJ9XY,1.3274546180808677
39AH5NxTYx4WzPeLG6Muwk,67cR7hkzHhFAdg1UzPM3Xz,1.3961465556262977
39AH5NxTYx4WzPeLG6Muwk,0m4jVVZrsv0bLkAr1uM6UG,1.4697837868192702
39AH5NxTYx4WzPeLG6Muwk,1VhGRC4yzcDFBM4yQSpUGg,1.5917260183287696
39AH5NxTYx4WzPeLG6Muwk,3cyN4BZhcTdZyTMcqaCDb3,1.6160661798787588
4pxcboeftnVJoMuqigFL4g,1qkVJlyVaLZbwolRZmc17i,0.4806524335682847
4pxcboeftnVJoMuqigFL4g,0mtn3uti60qnEwTJJIQ29v,0.7656032271112746
4pxcboeftnVJoMuqigFL4g,3lMGhsGVaAO37AKy5CV8HB,0.770254775284135
4pxcboeftnVJoMuqigFL4g,26VPU8yYHcZs2II1PD0G9g,0.8499514215215502
4pxcboeftnVJoMuqigFL4g,20McUFi8KCIVdNDLrkTDuZ,1.0678919573036676
4pxcboeftnVJoMuqigFL4g,6S1BoAiJeJ96A09tHIwJuy,1.0813196773575668
4pxcboeftnVJoMuqigFL4g,3iTgKW7MWI0M0acyEoQXds,1.116122715237251
4pxcboeftnVJoMuqigFL4g,4sKGkVi8boc00JTpw7aVB7,1.1750244497859088
4pxcboeftnVJoMuqigFL4g,45FR60U6pxNbiQkA8BOhBD,1.2244937296805969
4pxcboeftnVJoMuqigFL4g,1VAhH6Qrtod1cKtGjHcUtB,1.2360386016860354
0ftMOhVfFm5Wbs5sZdEtsC,5v4ikwHHJWghlUcDoaYWNW,0.9128784041468994
0ftMOhVfFm5Wbs5sZdEtsC,0ct6r3EGTcMLPtrXHDvVjc,1.0929044397411936
0ftMOhVfFm5Wbs5sZdEtsC,2Uxnz7OTTYtgGrwjVcYRlG,1.1389421022420532
0ftMOhVfFm5Wbs5sZdEtsC,6mUHPv34FUMhYVlpytiwdp,1.1936621324532652
0ftMOhVfFm5Wbs5sZdEtsC,2MROIXHFoYn5JVGQtAXVpy,1.2209550136464626
0ftMOhVfFm5Wbs5sZdEtsC,6SdAztAqklk1zAmUHhU4N7,1.2589583537144224
0ftMOhVfFm5Wbs5sZdEtsC,2RWFncSWZEhSRRifqiDNVV,1.2874365223452935
0ftMOhVfFm5Wbs5sZdEtsC,7gbjLoVKE8FZr8jra24GIR,1.2893106617299968
0ftMOhVfFm5Wbs5sZdEtsC,1mhhgEfuEGW0EwB6kNuzkk,1.3204132548936425
0ftMOhVfFm5Wbs5sZdEtsC,7nWzpMBJwjubxBF75Pi4An,1.3725243255420063
1OwJLABgqyipl2dQS0UhKD,0Z7nVJmfPLRjhtStJZh4hm,1.259124948627479
1OwJLABgqyipl2dQS0UhKD,0m3X8i1ggDvQOjtEL5CdV4,1.4981470881862025
1OwJLABgqyipl2dQS0UhKD,5WBn5fDSVP8eMrxXQRMVWL,1.5939439314073471
1OwJLABgqyipl2dQS0UhKD,2bTESUiaqSWDvyW9zSA6xG,1.6279487344855348
1OwJLABgqyipl2dQS0UhKD,6X75beLYymFGvrw5Ocqflq,1.6300087003821822
1OwJLABgqyipl2dQS0UhKD,5BsfHrHZtp17H7pVvZqnX4,1.6489072501346265
1OwJLABgqyipl2dQS0UhKD,0FlPKWNvl0ZJxQvw3UK3ja,1.7983308458190423
1OwJLABgqyipl2dQS0UhKD,5KWAPzQjXdavsii32pBUmp,1.8291327944884124
1OwJLABgqyipl2dQS0UhKD,4GRgeMNKXKSqmkKRqzoXB7,1.8670578334901644
1OwJLABgqyipl2dQS0UhKD,2AJL5Z7SjjilD8fAFWp8uo,1.974317538045517
2bXI4Rbw1D7aVeHWLjn1Lb,7lvobfYGCBe0okzSwMtvRK,0.8369613141895328
2bXI4Rbw1D7aVeHWLjn1Lb,0IFMbLUK5ttPmXyK16qUQu,0.9847389885316853
2bXI4Rbw1D7aVeHWLjn1Lb,1AdUK37moo4ba9vRJJ7zVp,1.340894196455487
2bXI4Rbw1D7aVeHWLjn1Lb,2gNMXJDKRmKWuevBGjN8wo,1.3986582184138965
2bXI4Rbw1D7aVeHWLjn1Lb,2MTwDvHo3Mc8lKp7FeEHJJ,1.4660845804101081
2bXI4Rbw1D7aVeHWLjn1Lb,1UR0RbyH4bKoovDNnGd53G,1.5109814969030773
2bXI4Rbw1D7aVeHWLjn1Lb,7AW4g4I9fPfUIyqtbsuAkM,1.5838940011940892
2bXI4Rbw1D7aVeHWLjn1Lb,2esbthZf8kgJK8x8n9BYNe,1.7287638168711144
2bXI4Rbw1D7aVeHWLjn1Lb,5yHfBb0WQaED1bdLugCuha,1.7978512965082922
2bXI4Rbw1D7aVeHWLjn1Lb,1jcHOVANDK94K5UXQLs8Fz,1.826300440831818
34nDmYlzfXjBoiWl9XoCUU,6txgVVRJkvrSfcOQJIMFbf,0.8402962606828657
34nDmYlzfXjBoiWl9XoCUU,5JvVChAko7GrMH290fetnq,0.9099408006738344
34nDmYlzfXjBoiWl9XoCUU,2FXckoxZCBeWvg3IaFd1EW,0.9399589483175442
34nDmYlzfXjBoiWl9XoCUU,68JioFRhzBZrpbON6KI6Zq,0.9788583896386118
34nDmYlzfXjBoiWl9XoCUU,7AtwQRLPdttsxcLM5tPL0t,1.0561110236473674
34nDmYlzfXjBoiWl9XoCUU,7t1UzsIKRBXXVdwJRIaDxn,1.130411015215047
34nDmYlzfXjBoiWl9XoCUU,2QxzpDE6uQPy17dhBTQgpu,1.1428469184508332
34nDmYlzfXjBoiWl9XoCUU,1GxXPNNkNymHPn6yTgWPxu,1.1499751158770022
34nDmYlzfXjBoiWl9XoCUU,2JiodPAAXzYPp3OV9oA1gT,1.21131567503221
34nDmYlzfXjBoiWl9XoCUU,3bMpVBHhoiVVNFUCgeme4P,1.255630801560967
17x6eyS7sD6uqWfc8yn1EY,2YIzmw4FfKEL0LF6EtJCxW,0.8987550657522514
17x6eyS7sD6uqWfc8yn1EY,5ulKQUbgBp6fDd9KvRVHaA,0.919714345141008
17x6eyS7sD6uqWfc8yn1EY,3PDf2Xk2fHt3EexYRrVS0j,1.0154876762978307
17x6eyS7sD6uqWfc8yn1EY,3BpAJmSlThgkxBmzKzJHX0,1.0173503282313892
17x6eyS7sD6uqWfc8yn1EY,1tJPPxQ18pJL0MnfS4nQZn,1.0535875038862634
17x6eyS7sD6uqWfc8yn1EY,6mVD1SfTvlFAPVi7txFL5H,1.098771771929297
17x6eyS7sD6uqWfc8yn1EY,57v7M9jKRFP9NCP3J2ms9M,1.1048978933887899
17x6eyS7sD6uqWfc8yn1EY,54sxsI1fcUJSAmKyty00r5,1.140866459223943
17x6eyS7sD6uqWfc8yn1EY,3FX9rMHZqWTpv5ZTR7TkpB,1.2041026299906705
17x6eyS7sD6uqWfc8yn1EY,6cARFkZxx2JR3JlvDzeLZc,1.2533844818686244
5bBt3WYHKsMVfbGhAPuQHF,7bBEhjBUUHwkONgReD5xmB,1.0684975909188095
5bBt3WYHKsMVfbGhAPuQHF,0nBXAd6tU3ESx9rdyEjGbD,1.2557948008000306
5bBt3WYHKsMVfbGhAPuQHF,3fjhdbUop7FSLTyD8wHMD2,1.3546607402425612
5bBt3WYHKsMVfbGhAPuQHF,1Ip5p31SowqjJLo2ss1afJ,1.3609737885429252
5bBt3WYHKsMVfbGhAPuQHF,4zUHDRC4EJNcLag5uluuNE,1.4450188937157933
5bBt3WYHKsMVfbGhAPuQHF,69zSOewOfa2IvIRMveL1Cc,1.4654568226467966
5bBt3WYHKsMVfbGhAPuQHF,6wvWBHg6IWBIqs3eFUdNJx,1.5075447685484518
5bBt3WYHKsMVfbGhAPuQHF,1W0voVAoKVow8VhpwWBHl5,1.536414193259003
5bBt3WYHKsMVfbGhAPuQHF,47rsdYKDpxfxM41ELOzZhg,1.6171063225946933
5bBt3WYHKsMVfbGhAPuQHF,2RfncplwWMhuFY7nv2Dwwa,1.6180888806300369
2DEHcqIwG3umK94P0tlh7X,0D3J5hfXcaQLeMmZVxD4S7,0.7278563805370353
2DEHcqIwG3umK94P0tlh7X,3ApLFFuaXsKBnDhspuQrWj,0.9489655080623196
2DEHcqIwG3umK94P0tlh7X,6hVLkc1612BQeD6EQFKECm,1.0169918456058473
2DEHcqIwG3umK94P0tlh7X,6HKmAGpQgDNQ4sFhAgvkA2,1.0767543325994449
2DEHcqIwG3umK94P0tlh7X,3Z4ZuDrY684IFTBz2ze708,1.1118440923335131
2DEHcqIwG3umK94P0tlh7X,1zx6GSqLYI2ynzAHnPRKBR,1.1471951650433645
2DEHcqIwG3umK94P0tlh7X,4oOmRoG2lWjv6COrTT8Z28,1.159906172692701
2DEHcqIwG3umK94P0tlh7X,75ArcxyPjMr0sleM5WXLn7,1.1627910408965865
2DEHcqIwG3umK94P0tlh7X,3z8h0TU7ReDPLIbEnYhWZb,1.1662722003575021
2DEHcqIwG3umK94P0tlh7X,2YA5IfmQwAmVzHRP3SVnEd,1.1971128525732935
6qOCyu8agpod9VK4EdZqzt,5H3JW2JiQG432dldneCyW1,0.8089230322587664
6qOCyu8agpod9VK4EdZqzt,1sKt4HswC1nmkjuhhG0KFt,0.8511738226340796
6qOCyu8agpod9VK4EdZqzt,4jVu0QPK9BVeNgAmfvkocn,0.8517508380738598
6qOCyu8agpod9VK4EdZqzt,3kUYO8UMNxuOCPuERmQYKa,0.8730336589327613
6qOCyu8agpod9VK4EdZqzt,0BZagFWMAL33p7y6HsL3jT,0.931269233337305
6qOCyu8agpod9VK4EdZqzt,2Tv4NhYavSni05V7IIT17w,1.0114031035095015
6qOCyu8agpod9VK4EdZqzt,3q5Ze7QksOVd2ES9YzdfsE,1.05827860975682
6qOCyu8agpod9VK4EdZqzt,0cocZBknjka59p58FOdqef,1.0962097387637095
6qOCyu8agpod9VK4EdZqzt,5frWFPeKH8Pam3rKLFCytt,1.134602729966922
6qOCyu8agpod9VK4EdZqzt,4E93IPDPbaNJUDTpur3V63,1.1661042593762498
1lZzyOyH9LSAWFjHKz9TT2,2gEh41XUP3vI7kAjlEO92n,0.6015028172856037
1lZzyOyH9LSAWFjHKz9TT2,2wqiV4aIMOosmQMqnLxXbA,0.6096618594095752
1lZzyOyH9LSAWFjHKz9TT2,7sJbCv83nl2S94j8ZJz2WP,0.6116254467963312
1lZzyOyH9LSAWFjHKz9TT2,10t0BfHUkq9iKZzOj4LY3c,0.9140610332290096
1lZzyOyH9LSAWFjHKz9TT2,0Q5OUoMBRrbQIYb3TZnzQe,0.925862077277714
1lZzyOyH9LSAWFjHKz9TT2,0CxXdYtBAWzE58Inc2Zius,0.9456411261288644
1lZzyOyH9LSAWFjHKz9TT2,5Cpk0Hg5KSUmm0BdyIkVVW,0.954254646032271
1lZzyOyH9LSAWFjHKz9TT2,0uukw2CgEIApv4IWAjXrBC,1.0327098567843649
1lZzyOyH9LSAWFjHKz9TT2,3bMpVBHhoiVVNFUCgeme4P,1.119571278129757
1lZzyOyH9LSAWFjHKz9TT2,2FXckoxZCBeWvg3IaFd1EW,1.1246782453028512
2InrK5IWeTPIVRZQPOEDIO,0ILXYaWxMQVEXnKq2eTmjW,1.0057028326795592
2InrK5IWeTPIVRZQPOEDIO,5bFuHlXKw66Uu2cHKn5bf8,1.0332965621323515
2InrK5IWeTPIVRZQPOEDIO,3SeowzTaXWE7YsIvltrFgE,1.0367042197097005
2InrK5IWeTPIVRZQPOEDIO,0nqOcrAskzhTDBvGpOxNrD,1.1487947672021714
2InrK5IWeTPIVRZQPOEDIO,0liZcBeGoLuzDIat1YXRZk,1.290988891776819
2InrK5IWeTPIVRZQPOEDIO,6Y6py4pHq2Toh3xEvBn233,1.3612127354411445
2InrK5IWeTPIVRZQPOEDIO,3mnZxecdxSU4ZXSxK522sV,1.3923698151871866
2InrK5IWeTPIVRZQPOEDIO,1GxXPNNkNymHPn6yTgWPxu,1.4689282348806925
2InrK5IWeTPIVRZQPOEDIO,0HkYWF3O2mW56RU67gEqyG,1.4716338345522677
2InrK5IWeTPIVRZQPOEDIO,6KaEnhXKR6vSqqWzQOyqxE,1.4890311166517243
2wmQfaHp4zbqQkbf5nu5SF,006c9li2Mybyg5vm6doEfO,0.5678486513237381
2wmQfaHp4zbqQkbf5nu5SF,3PF8RXSKjme6Pi58ajTIvo,0.6960900254834894
2wmQfaHp4zbqQkbf5nu5SF,4NbUqEJnGQAEDvfb1LB5V3,0.9537765606721572
2wmQfaHp4zbqQkbf5nu5SF,3jl1I9gvCXo5V9hu4hYGLY,1.3180785543830686
2wmQfaHp4zbqQkbf5nu5SF,2RSTIsdhq5vqqr2GcTFdGM,1.3391800737401542
2wmQfaHp4zbqQkbf5nu5SF,3UgiXDauVuj9HZKzFY8TBL,1.4203470532016467
2wmQfaHp4zbqQkbf5nu5SF,3g3Ht5QpT6uPLmAmDVQOjj,1.5151641752955922
2wmQfaHp4zbqQkbf5nu5SF,55N8cxpE1QDoeaaNqUnoZ2,1.5533161769806205
2wmQfaHp4zbqQkbf5nu5SF,3I8w8mVY4KFBXbhcP5NqqH,1.5797901742911347
2wmQfaHp4zbqQkbf5nu5SF,46cEIa1iQPSQLnPVP2hmVm,1.5946524816344678
1zSwGQRbtOaxCLLH1caBFA,0kI4AfCbkK5MP2B7Xgh6kB,1.0315084065909654
1zSwGQRbtOaxCLLH1caBFA,1nvbESS1keAEEVL7SJjSH4,1.205249972173777
1zSwGQRbtOaxCLLH1caBFA,0SRPuTnr5QOKRoIxMvvlgK,1.2234896618413234
1zSwGQRbtOaxCLLH1caBFA,5WTMon2o3bL3LvIxVQm9xk,1.2678319304037597
1zSwGQRbtOaxCLLH1caBFA,67cR7hkzHhFAdg1UzPM3Xz,1.2955046963083807
1zSwGQRbtOaxCLLH1caBFA,0IgDxg8KOtsM8x3y09L9oB,1.3049664639430116
1zSwGQRbtOaxCLLH1caBFA,6tBt0o5KS4xYaC7aKd7RY0,1.3550070404174062
1zSwGQRbtOaxCLLH1caBFA,7eEL9KyVPyH1lqqgoEIvxZ,1.4459081962056906
1zSwGQRbtOaxCLLH1caBFA,78cj9M7Ax1yDruYM5QeG39,1.4496109962604176
1zSwGQRbtOaxCLLH1caBFA,5j8cflZIx0GwvlkzPImbtK,1.5178250184705935
0qwU4qCtm3aUqcAUISMhMz,4hQ6UGyWQIGJmHSo0J88JW,0.8196329429835857
0qwU4qCtm3aUqcAUISMhMz,3q5Ze7QksOVd2ES9YzdfsE,0.8501028209750499
0qwU4qCtm3aUqcAUISMhMz,00TFDHSe7s8cWm5CzDY8UP,0.8615365623041561
0qwU4qCtm3aUqcAUISMhMz,1I2MEjnS9c4OPMnKWbIuYs,0.9822162145405398
0qwU4qCtm3aUqcAUISMhMz,5H3JW2JiQG432dldneCyW1,1.0160920055255838
0qwU4qCtm3aUqcAUISMhMz,2Tv4NhYavSni05V7IIT17w,1.045370290798909
0qwU4qCtm3aUqcAUISMhMz,4jVu0QPK9BVeNgAmfvkocn,1.083792656272598
0qwU4qCtm3aUqcAUISMhMz,6rSNgGImNmGPcosJiPLgzs,1.0837935956510796
0qwU4qCtm3aUqcAUISMhMz,0anw2y6ifCI7QS8Cj5Ph7x,1.0914453425382387
0qwU4qCtm3aUqcAUISMhMz,3kUYO8UMNxuOCPuERmQYKa,1.1128921527763183
2Uxnz7OTTYtgGrwjVcYRlG,1mhhgEfuEGW0EwB6kNuzkk,0.4899430783614841
2Uxnz7OTTYtgGrwjVcYRlG,7gbjLoVKE8FZr8jra24GIR,0.7508451744020995
2Uxnz7OTTYtgGrwjVcYRlG,0ct6r3EGTcMLPtrXHDvVjc,0.8492059800300122
2Uxnz7OTTYtgGrwjVcYRlG,3bCp61o3h46Yvr0vgMJlaL,0.9174574744933752
2Uxnz7OTTYtgGrwjVcYRlG,6mUHPv34FUMhYVlpytiwdp,0.9177008878766151
2Uxnz7OTTYtgGrwjVcYRlG,2RWFncSWZEhSRRifqiDNVV,0.9370339591357194
2Uxnz7OTTYtgGrwjVcYRlG,3UgiXDauVuj9HZKzFY8TBL,1.0288516657337003
2Uxnz7OTTYtgGrwjVcYRlG,0ZeKQudydO2uQJpfr6gNC8,1.0612657774321688
2Uxnz7OTTYtgGrwjVcYRlG,5NYejXf1mwigePilCGLjdM,1.068309256013132
2Uxnz7OTTYtgGrwjVcYRlG,09obJ3DFME6R9uIZYPZxhG,1.0975029695864054
4HyxYaIV98fUKeApfxHEHv,26op06vMM21RB0hej3b0lG,0.8649350908653187
4HyxYaIV98fUKeApfxHEHv,6HrYi2gwKxrwEtZX3Orype,1.04525597406576
4HyxYaIV98fUKeApfxHEHv,5dy25rHjyfAbpkHDI9yfTY,1.308515250657601
4HyxYaIV98fUKeApfxHEHv,2tUChcOi3ktjFzMYu2w5QL,1.3270439819973403
4HyxYaIV98fUKeApfxHEHv,1WDDMw1k46OS4W2IGxmLzj,1.4190653293454198
4HyxYaIV98fUKeApfxHEHv,02GGlQrUckPW2fJmYVpU8l,1.4717579697694274
4HyxYaIV98fUKeApfxHEHv,1re1CuvpyhIm5ryPzUQyXc,1.4870613652826166
4HyxYaIV98fUKeApfxHEHv,46bFZCQ2U2DMSNUKGzQUyP,1.5295827477285258
4HyxYaIV98fUKeApfxHEHv,2oya2LiaY0kG9ULocwIoaw,1.5499767061400498
4HyxYaIV98fUKeApfxHEHv,3BK7JmX1P4GSGx5mdG3aiL,1.571789180096016
2WHlwCAZB6hLFsrXffOmxx,1eK9FbqhWUoolfJdiQtKaO,1.6729542802619237
2WHlwCAZB6hLFsrXffOmxx,0zmrF4iO4zaaJKQ06Yb6GO,1.8623245134075224
2WHlwCAZB6hLFsrXffOmxx,7GCfKBpY3l2n3LAhsqjBtO,2.114824114896633
2WHlwCAZB6hLFsrXffOmxx,3AP4xOuOQe6KeAeubj3qlF,2.3810847893814535
2WHlwCAZB6hLFsrXffOmxx,5XiVCvi3bXYcFCRpRxk0p2,2.4739331056273386
2WHlwCAZB6hLFsrXffOmxx,293xyTq2gy7G5PFaMeBbmd,2.5242416641127816
2WHlwCAZB6hLFsrXffOmxx,5bBt3WYHKsMVfbGhAPuQHF,2.58071143068683
2WHlwCAZB6hLFsrXffOmxx,4rtyV2gthc3k6D0rjcQJOR,2.622923590589139
2WHlwCAZB6hLFsrXffOmxx,79uspTY5GVI0EOBsnWAjxx,2.626276051173164
2WHlwCAZB6hLFsrXffOmxx,45eEjffcfZfXgILWoY2tZw,2.6537729533210572
2UxxDidNYPuTLiMNKBHMiK,2klWfM19A7TfwlxBQLNbIZ,0.7716232876629019
2UxxDidNYPuTLiMNKBHMiK,4rrDNJIlcE03cUe4RA74Z6,1.5649665598531217
2UxxDidNYPuTLiMNKBHMiK,1nPfUuE8XYrnsaToI81yyO,1.8642776227946847
2UxxDidNYPuTLiMNKBHMiK,7kYgRZwVlq9a3lvHGHunrb,1.9514058910725618
2UxxDidNYPuTLiMNKBHMiK,718purgMpFb2Axhuz0Hbq1,2.029384234080037
2UxxDidNYPuTLiMNKBHMiK,6TRYv8brfH12SfgV8lMraP,2.0481337197902447
2UxxDidNYPuTLiMNKBHMiK,3kKb3U3a8jmUJQB9ypE1Jl,2.1491503042984164
2UxxDidNYPuTLiMNKBHMiK,4uFXfaNBVQw1MJ9K19P8QS,2.1622771359652435
2UxxDidNYPuTLiMNKBHMiK,1FlY15vdP570PJucy6JdYm,2.323481481960412
2UxxDidNYPuTLiMNKBHMiK,39hGEPjG5RmfFKgCs1oA1o,2.3517020987140285
20McUFi8KCIVdNDLrkTDuZ,0mtn3uti60qnEwTJJIQ29v,0.7473981711360033
20McUFi8KCIVdNDLrkTDuZ,2Racq7HrXkYvF8w9zXvlTp,0.7801302809011391
20McUFi8KCIVdNDLrkTDuZ,5aAjcWycNzzlnnwRB8z0zL,0.9831323488440945
20McUFi8KCIVdNDLrkTDuZ,3lMGhsGVaAO37AKy5CV8HB,1.0436109232913136
20McUFi8KCIVdNDLrkTDuZ,6qFWAs54gSDIUh0J9XY8qx,1.0607208557175896
20McUFi8KCIVdNDLrkTDuZ,4pxcboeftnVJoMuqigFL4g,1.0678919573036676
20McUFi8KCIVdNDLrkTDuZ,45FR60U6pxNbiQkA8BOhBD,1.0701061433252603
20McUFi8KCIVdNDLrkTDuZ,78cj9M7Ax1yDruYM5QeG39,1.087991268166379
20McUFi8KCIVdNDLrkTDuZ,4ocDKtGkfPHFpUlmkOfAiy,1.0963490708210046
20McUFi8KCIVdNDLrkTDuZ,6RNDeRnWsRMjPdNVgupZCs,1.1231828063619795
7oS2EnBWSHxzR2m6CxNJYA,0UIrLwFq3cvTg5vBMmlfjp,0.5937254913491308
7oS2EnBWSHxzR2m6CxNJYA,2mDYYGaGd9uXKkK2YhDA3i,0.7212738051195952
7oS2EnBWSHxzR2m6CxNJYA,5nSdJRpyM8OkYOVGa5rlsw,0.7347704089717215
7oS2EnBWSHxzR2m6CxNJYA,4hQ6UGyWQIGJmHSo0J88JW,0.8027427805527227
7oS2EnBWSHxzR2m6CxNJYA,1I2MEjnS9c4OPMnKWbIuYs,0.8393729773430385
7oS2EnBWSHxzR2m6CxNJYA,1aOxOpH4AkGAd8OMrKjyNY,0.8516654570185763
7oS2EnBWSHxzR2m6CxNJYA,4ileLT7ldd2uX8bMemWqbm,0.8836637355680204
7oS2EnBWSHxzR2m6CxNJYA,6mUHPv34FUMhYVlpytiwdp,0.9090641993440867
7oS2EnBWSHxzR2m6CxNJYA,6Q3FXpvUNVHiWHU3xVMnQR,0.920204808662816
7oS2EnBWSHxzR2m6CxNJYA,2GOVk9VRBmLVEyHSdZYPEN,0.9346231219668143
6onFDeU84yMtLmYfTlHkoI,68xC2JQSgK9L43IkW7UvNT,1.0207590594772342
6onFDeU84yMtLmYfTlHkoI,6bWSlgj7GqYXsorKurrxTJ,1.2612099321229495
6onFDeU84yMtLmYfTlHkoI,1WfaiA60QqqYIYMmd1IwLR,1.2795991180517927
6onFDeU84yMtLmYfTlHkoI,6L9MB7o26MmvG6ST9TSOYa,1.288397451763422
6onFDeU84yMtLmYfTlHkoI,0aKb5riywYeDam6ukd62RO,1.4259580657157136
6onFDeU84yMtLmYfTlHkoI,4wNIVLMwvz1P4hjWBmyKqa,1.4508671946806448
6onFDeU84yMtLmYfTlHkoI,4I0edgb5lVFVllfB7igc91,1.543093845326842
6onFDeU84yMtLmYfTlHkoI,6ibmDmnayyljaIfT8hgkVq,1.552127731468159
6onFDeU84yMtLmYfTlHkoI,2gCqYL6CgWs0ICgIoyJtkV,1.678888510988886
6onFDeU84yMtLmYfTlHkoI,4oowGH3baaetOYlEVUglhU,1.7239139240688508
2aX1zws7bVjTLbS1cYZK2W,0OwEskGUqCMgkSY7JkJS7x,0.5375253043654118
2aX1zws7bVjTLbS1cYZK2W,6d1AuFOL1YBzLcruapNbZV,0.7676867307979276
2aX1zws7bVjTLbS1cYZK2W,6Z0gK8Fp0AqS9EX8Icp4hj,0.7892091405894797
2aX1zws7bVjTLbS1cYZK2W,5XCtjnFMKtCT7ycDwV3Kdh,0.9034737716009829
2aX1zws7bVjTLbS1cYZK2W,3rXgbjVLoaHEUq82dbCP0f,0.9133534521017057
2aX1zws7bVjTLbS1cYZK2W,3g3Ht5QpT6uPLmAmDVQOjj,1.0816650473028628
2aX1zws7bVjTLbS1cYZK2W,4dk12UlAYNruc5pwHEXncR,1.115826051274674
2aX1zws7bVjTLbS1cYZK2W,71wciO7F9Ro8J4vq1lvfru,1.1406669795432627
2aX1zws7bVjTLbS1cYZK2W,4P4mcw4wHDMysBF031DDZT,1.1796285537751936
2aX1zws7bVjTLbS1cYZK2W,2jcMktZrayNaiWRnRmItnY,1.1875330693643544
5muVpPu8Fj9fXfDbbqDdrZ,66QpL8l5IJ4ND2Q79MTa3t,0.9996193596737004
5muVpPu8Fj9fXfDbbqDdrZ,5v4ikwHHJWghlUcDoaYWNW,1.0899962208841478
5muVpPu8Fj9fXfDbbqDdrZ,3nbRFWzOJrHIRh3xc53bKK,1.1111881518636757
5muVpPu8Fj9fXfDbbqDdrZ,4KC2Z9dL4jL61Ys35N6srg,1.1457194582047059
5muVpPu8Fj9fXfDbbqDdrZ,37cb7mzkQKksGm0noGDXeh,1.165800005566637
5muVpPu8Fj9fXfDbbqDdrZ,0ct6r3EGTcMLPtrXHDvVjc,1.194681683123321
5muVpPu8Fj9fXfDbbqDdrZ,6SdAztAqklk1zAmUHhU4N7,1.2733396225072489
5muVpPu8Fj9fXfDbbqDdrZ,1DqAeuDzc5uUQeAggxmZk5,1.283867757446856
5muVpPu8Fj9fXfDbbqDdrZ,2RWFncSWZEhSRRifqiDNVV,1.2886234720855043
5muVpPu8Fj9fXfDbbqDdrZ,37ZgsOy8t4vMnGtMExr6ah,1.33677521045431
5v4ikwHHJWghlUcDoaYWNW,6SdAztAqklk1zAmUHhU4N7,0.8354278025395664
5v4ikwHHJWghlUcDoaYWNW,1LrxmgC6pg5RAYGJ2FQWv0,0.881527610095222
5v4ikwHHJWghlUcDoaYWNW,0ftMOhVfFm5Wbs5sZdEtsC,0.9128784041468994
5v4ikwHHJWghlUcDoaYWNW,2MROIXHFoYn5JVGQtAXVpy,1.0041114102810218
5v4ikwHHJWghlUcDoaYWNW,0ct6r3EGTcMLPtrXHDvVjc,1.024692631663744
5v4ikwHHJWghlUcDoaYWNW,5muVpPu8Fj9fXfDbbqDdrZ,1.0899962208841478
5v4ikwHHJWghlUcDoaYWNW,2RWFncSWZEhSRRifqiDNVV,1.2240496411174946
5v4ikwHHJWghlUcDoaYWNW,6mUHPv34FUMhYVlpytiwdp,1.2458826819522228
5v4ikwHHJWghlUcDoaYWNW,1wxw8BkVBHfBEiqm69rA48,1.2467357289087573
5v4ikwHHJWghlUcDoaYWNW,2sASx6Cz5mYm0xPrKiD8gZ,1.2973296740447078
7t1UzsIKRBXXVdwJRIaDxn,1pTD59RYMnPdps8MKlMW87,0.6500585366732622
7t1UzsIKRBXXVdwJRIaDxn,6yQAwPJmFn0OBTKWOnQFfv,0.7516622142916138
7t1UzsIKRBXXVdwJRIaDxn,3ZffCQKLFLUvYM59XKLbVm,0.8147409470911783
7t1UzsIKRBXXVdwJRIaDxn,1GxXPNNkNymHPn6yTgWPxu,0.8769774672054585
7t1UzsIKRBXXVdwJRIaDxn,5ynCNwoLOOHoJU4N40m97V,0.907932535275971
7t1UzsIKRBXXVdwJRIaDxn,2QxzpDE6uQPy17dhBTQgpu,0.9220641354659906
7t1UzsIKRBXXVdwJRIaDxn,3hzxBcOpm0wmr6YDD1EPq5,0.9540170955872187
7t1UzsIKRBXXVdwJRIaDxn,2FXckoxZCBeWvg3IaFd1EW,0.9855743928141035
7t1UzsIKRBXXVdwJRIaDxn,5CPXR6lDTvngxtmMZxnWmC,0.9919942104339116
7t1UzsIKRBXXVdwJRIaDxn,4DHkzbZSWxsCsvRoEzr28A,0.9940608440565932
6pAIDhDoB7k4bOsxbQjycO,1VtPE3YY4Uc9KCaQATcVJh,0.9985267418885498
6pAIDhDoB7k4bOsxbQjycO,7C3lbQVR3vlo8WCHNiwycv,1.1796862253607336
6pAIDhDoB7k4bOsxbQjycO,1Db4Qa67eYC7MxnCqFvRQj,1.2693336001931683
6pAIDhDoB7k4bOsxbQjycO,7grNHTSADMlLZ96mH4wI85,1.3357045429029615
6pAIDhDoB7k4bOsxbQjycO,4DpgPdsES4Hxdz3eqOP3Ac,1.3464615535498603
6pAIDhDoB7k4bOsxbQjycO,3dRjPo78q6rb7vaRElKNRl,1.3563160741341072
6pAIDhDoB7k4bOsxbQjycO,5FccwnVjJbLIF2azQjCwyP,1.4143183389369127
6pAIDhDoB7k4bOsxbQjycO,1nBDeSiqD2z1ofv9hEttfi,1.5145240192201295
6pAIDhDoB7k4bOsxbQjycO,6t2gHlvw7kTK6M7M5f7S6K,1.539012955150174
6pAIDhDoB7k4bOsxbQjycO,1hOqxeZappRsi9FAmBUCpS,1.6055929690682542
3mnZxecdxSU4ZXSxK522sV,4CVOUJki8YUWol3jhLphgs,0.6934664627051175
3mnZxecdxSU4ZXSxK522sV,06Q3gof2rs8ErXzBrW1aVg,0.8623354776022493
3mnZxecdxSU4ZXSxK522sV,2FXckoxZCBeWvg3IaFd1EW,0.8848369726190701
3mnZxecdxSU4ZXSxK522sV,0liZcBeGoLuzDIat1YXRZk,1.0195190694043732
3mnZxecdxSU4ZXSxK522sV,1GxXPNNkNymHPn6yTgWPxu,1.0302747655996363
3mnZxecdxSU4ZXSxK522sV,2gEh41XUP3vI7kAjlEO92n,1.0919608760923425
3mnZxecdxSU4ZXSxK522sV,1tbjeelOKIjolYNUNnPMAD,1.1243301278905193
3mnZxecdxSU4ZXSxK522sV,3g3Ht5QpT6uPLmAmDVQOjj,1.1866758230398478
3mnZxecdxSU4ZXSxK522sV,3SeowzTaXWE7YsIvltrFgE,1.1868832775596516
3mnZxecdxSU4ZXSxK522sV,3IKUuAJghlmAkjBKbXaGjS,1.1879547584211583
6yQAwPJmFn0OBTKWOnQFfv,3hzxBcOpm0wmr6YDD1EPq5,0.6629320281445832
6yQAwPJmFn0OBTKWOnQFfv,1aOxOpH4AkGAd8OMrKjyNY,0.7202380445564209
6yQAwPJmFn0OBTKWOnQFfv,7t1UzsIKRBXXVdwJRIaDxn,0.7516622142916138
6yQAwPJmFn0OBTKWOnQFfv,3ZffCQKLFLUvYM59XKLbVm,0.7644764019466235
6yQAwPJmFn0OBTKWOnQFfv,4DHkzbZSWxsCsvRoEzr28A,0.8129508706617371
6yQAwPJmFn0OBTKWOnQFfv,2zYzyRzz6pRmhPzyfMEC8s,0.8539255773856719
6yQAwPJmFn0OBTKWOnQFfv,6IRzBP4gVoV4D2zHmocoWy,0.8550532046645263
6yQAwPJmFn0OBTKWOnQFfv,6Q3FXpvUNVHiWHU3xVMnQR,0.8680442198846058
6yQAwPJmFn0OBTKWOnQFfv,06Q3gof2rs8ErXzBrW1aVg,0.8860335791918661
6yQAwPJmFn0OBTKWOnQFfv,2QxzpDE6uQPy17dhBTQgpu,0.8952984433336958
2eI1OQTaBJFwmQEEYfy9OU,22sno2Y45Ov3ixSl6fN9i8,1.0317291609773582
2eI1OQTaBJFwmQEEYfy9OU,1XiEGQzAtcF1L1DwT7r1Pb,1.093215516592939
2eI1OQTaBJFwmQEEYfy9OU,5zzfKibxNlJPWGkkhAGlLg,1.4153138313925466
2eI1OQTaBJFwmQEEYfy9OU,0J1NpNoYYMuohXl4frq0aU,1.5245691690460152
2eI1OQTaBJFwmQEEYfy9OU,4rtyV2gthc3k6D0rjcQJOR,1.5407668588267647
2eI1OQTaBJFwmQEEYfy9OU,4nWxif1dt6FCg4GFZcPIbO,1.5582307956497274
2eI1OQTaBJFwmQEEYfy9OU,0zmrF4iO4zaaJKQ06Yb6GO,1.822081047010521
2eI1OQTaBJFwmQEEYfy9OU,47BpBh1URWXLF26ckpGT4S,1.8283354324884056
2eI1OQTaBJFwmQEEYfy9OU,0Q0Vl9fKJF5MDxfVKbD78e,1.8968942723326772
2eI1OQTaBJFwmQEEYfy9OU,1hP0hDL5VREpThmMOa1pta,1.9065860761957483
4X6kRZnZM8mZPkeMUmn8G6,2RsAajgo0g7bMCHxwH3Sk0,0.8622761995915399
4X6kRZnZM8mZPkeMUmn8G6,5ALPzPUKl3Np5BrYTFs4Pb,0.8669699189012451
4X6kRZnZM8mZPkeMUmn8G6,6T0e1wKkONiIZQ1FTjMlGZ,0.8866521186678901
4X6kRZnZM8mZPkeMUmn8G6,0j6zVHUhezcz02iLhmpy2e,0.8999748290741539
4X6kRZnZM8mZPkeMUmn8G6,02HdjmfXq1F2OsX6yPg86n,0.9090530524748217
4X6kRZnZM8mZPkeMUmn8G6,3IKUuAJghlmAkjBKbXaGjS,0.916019148206751
4X6kRZnZM8mZPkeMUmn8G6,6KMbJSTSecyfoD5NgXiQvh,0.9712901011566822
4X6kRZnZM8mZPkeMUmn8G6,4REZYGhSITpkC8xUiHAi2T,1.0347901811892932
4X6kRZnZM8mZPkeMUmn8G6,4ileLT7ldd2uX8bMemWqbm,1.0355170527068176
4X6kRZnZM8mZPkeMUmn8G6,2zYzyRzz6pRmhPzyfMEC8s,1.0444863146660004
1pBHxJzQEiO0PG1BsN096D,20DigsfRILHYKeMqbuDqtx,0.9669961583658688
1pBHxJzQEiO0PG1BsN096D,2FwKDwQyIKK1YgLAg9wjnV,0.9994389629340084
1pBHxJzQEiO0PG1BsN096D,46tzAJhfSl7teg1aXgg0fR,1.4625962576250684
1pBHxJzQEiO0PG1BsN096D,1ySelcGSPG6LJENqs8DQcb,1.5354455548470698
1pBHxJzQEiO0PG1BsN096D,7KnFT8NQPRYtWOZXhWcGGZ,1.6015554932117262
1pBHxJzQEiO0PG1BsN096D,4wNIVLMwvz1P4hjWBmyKqa,1.6382667077193476
1pBHxJzQEiO0PG1BsN096D,7h8N0QlHxIEYfnHDVps8dS,1.7194166525809869
1pBHxJzQEiO0PG1BsN096D,59eCy91JDrnpbPLF3T3L03,1.7671835713744124
1pBHxJzQEiO0PG1BsN096D,38sDn4Exgc4MBFuC90zKMh,1.9127716905305758
1pBHxJzQEiO0PG1BsN096D,3Y4rUyw7XBCK6hGHCOt6rp,1.9297391113735876
7HM1onSgR6op93vH7jNTV5,3y8doSsikONxr7FMYCt41C,0.918386599726681
7HM1onSgR6op93vH7jNTV5,4vUCHtGTRH3kok4KZMZmWh,1.2925032454573986
7HM1onSgR6op93vH7jNTV5,3jumxkobNDisdRz27CxhOF,1.3089926314437008
7HM1onSgR6op93vH7jNTV5,3Dg6BUqz0IaTOEq4ySdhhQ,1.3523244947318018
7HM1onSgR6op93vH7jNTV5,0eEXcw3JLVXcRxYrVYMy68,1.625604132132215
7HM1onSgR6op93vH7jNTV5,3cyN4BZhcTdZyTMcqaCDb3,1.6389368007495477
7HM1onSgR6op93vH7jNTV5,0pZPObivxzE2M6AnzezZWH,1.6535264608932216
7HM1onSgR6op93vH7jNTV5,07R7LVnlKmNqNI7BA4K2ld,1.7042260966434801
7HM1onSgR6op93vH7jNTV5,2esbthZf8kgJK8x8n9BYNe,1.7282938739786795
7HM1onSgR6op93vH7jNTV5,0u5mGjvZPRx3uFCwXKcXCP,1.7735800490969287
3rXgbjVLoaHEUq82dbCP0f,5XCtjnFMKtCT7ycDwV3Kdh,0.6896468001678985
3rXgbjVLoaHEUq82dbCP0f,0OwEskGUqCMgkSY7JkJS7x,0.7798210113902058
3rXgbjVLoaHEUq82dbCP0f,2aX1zws7bVjTLbS1cYZK2W,0.9133534521017057
3rXgbjVLoaHEUq82dbCP0f,6d1AuFOL1YBzLcruapNbZV,0.9214703415399413
3rXgbjVLoaHEUq82dbCP0f,2jcMktZrayNaiWRnRmItnY,1.0575641904433242
3rXgbjVLoaHEUq82dbCP0f,2YA5IfmQwAmVzHRP3SVnEd,1.078203900192136
3rXgbjVLoaHEUq82dbCP0f,3NM41PVVUr0ceootKAtkAj,1.1071422695431796
3rXgbjVLoaHEUq82dbCP0f,4grmYnfTTC5s25gdSmACiU,1.1255153315865036
3rXgbjVLoaHEUq82dbCP0f,71wciO7F9Ro8J4vq1lvfru,1.1280462489212815
3rXgbjVLoaHEUq82dbCP0f,3z8h0TU7ReDPLIbEnYhWZb,1.1475545182447653
7pagL6jtEVbRq6vVK6ua3S,02GGlQrUckPW2fJmYVpU8l,0.9427190898001431
7pagL6jtEVbRq6vVK6ua3S,3QgInVIXkrZDRVQfuKUxSm,1.0085180628464059
7pagL6jtEVbRq6vVK6ua3S,6HrYi2gwKxrwEtZX3Orype,1.0716002584225195
7pagL6jtEVbRq6vVK6ua3S,2Hbad5lRjdQBvKRahhFTsw,1.1512352402557295
7pagL6jtEVbRq6vVK6ua3S,5xde0qUR1uUmH8ZVOqoPRo,1.1757292668156802
7pagL6jtEVbRq6vVK6ua3S,6vpyvi70JNqAJa9IqNx8qy,1.2077863129606161
7pagL6jtEVbRq6vVK6ua3S,3lMGhsGVaAO37AKy5CV8HB,1.2091538250948486
7pagL6jtEVbRq6vVK6ua3S,45FR60U6pxNbiQkA8BOhBD,1.2651433895125053
7pagL6jtEVbRq6vVK6ua3S,52aj920Nd9VlhlehQVsfwS,1.2813949443667956
7pagL6jtEVbRq6vVK6ua3S,3ctDo5gZFNOiMjqa0XDBif,1.2909760314219365
69zSOewOfa2IvIRMveL1Cc,1Ip5p31SowqjJLo2ss1afJ,1.2473590583005258
69zSOewOfa2IvIRMveL1Cc,2n0U2OG5d6TuW5mKx7YrC0,1.2764029247147206
69zSOewOfa2IvIRMveL1Cc,0K9Xk9AKGtvjXn063Ok6Eg,1.2997502791320847
69zSOewOfa2IvIRMveL1Cc,32Dc90Bn6NCKMPmdfprhFq,1.3195387335966604
69zSOewOfa2IvIRMveL1Cc,0ud4VAfTH1AOb904kWOTzJ,1.4544897374598296
69zSOewOfa2IvIRMveL1Cc,5bBt3WYHKsMVfbGhAPuQHF,1.4654568226467966
69zSOewOfa2IvIRMveL1Cc,1W0voVAoKVow8VhpwWBHl5,1.4916503550560687
69zSOewOfa2IvIRMveL1Cc,4zUHDRC4EJNcLag5uluuNE,1.496979753465842
69zSOewOfa2IvIRMveL1Cc,4siZLgCKM0IKnD1ek6Bt4d,1.517152198341524
69zSOewOfa2IvIRMveL1Cc,3I9tSAQMVzAuX8QQUBG9rP,1.5436176284459968
7h8N0QlHxIEYfnHDVps8dS,2hw1sBTzjB9zghnlLpqeAj,1.0695336955476984
7h8N0QlHxIEYfnHDVps8dS,59eCy91JDrnpbPLF3T3L03,1.1209744675632118
7h8N0QlHxIEYfnHDVps8dS,20DigsfRILHYKeMqbuDqtx,1.1956800392204263
7h8N0QlHxIEYfnHDVps8dS,7g90T7PIBzqIpKZG0lzPzS,1.2778592872468362
7h8N0QlHxIEYfnHDVps8dS,4FqirD1KsDyNukowu8TWhX,1.2902412535875494
7h8N0QlHxIEYfnHDVps8dS,4SKRNfT7WI73MJho3suqYl,1.359852711089113
7h8N0QlHxIEYfnHDVps8dS,3Y4rUyw7XBCK6hGHCOt6rp,1.380306560253512
7h8N0QlHxIEYfnHDVps8dS,5yU9gNHwYeRrWmyRCTUUxv,1.4172800931335816
7h8N0QlHxIEYfnHDVps8dS,3TLgxeugc8nOXkm04LG6Gh,1.4806854307004214
7h8N0QlHxIEYfnHDVps8dS,1eGdw1BbGAYaXbgPcVIkGm,1.516961363047854
4ZXZKLCXALRAD9xWkPd5Yr,4zUHDRC4EJNcLag5uluuNE,1.1857648237823009
4ZXZKLCXALRAD9xWkPd5Yr,4grmYnfTTC5s25gdSmACiU,1.2159818834406928
4ZXZKLCXALRAD9xWkPd5Yr,4DGbBb3ngjF7RsP5f9m7kW,1.2695073097373948
4ZXZKLCXALRAD9xWkPd5Yr,75ArcxyPjMr0sleM5WXLn7,1.2700808996832487
4ZXZKLCXALRAD9xWkPd5Yr,2cTaSKEc8OZdF6Tpg2QQsS,1.3116253908145887
4ZXZKLCXALRAD9xWkPd5Yr,3NM41PVVUr0ceootKAtkAj,1.3472240616922686
4ZXZKLCXALRAD9xWkPd5Yr,7GkHIsnziYgk6j1lx2TK6H,1.3490924685726098
4ZXZKLCXALRAD9xWkPd5Yr,3rXgbjVLoaHEUq82dbCP0f,1.463784276492895
4ZXZKLCXALRAD9xWkPd5Yr,7rVw4gyhclOgTIrFCtI3ZG,1.4728573199487915
4ZXZKLCXALRAD9xWkPd5Yr,21ox43RiEnhW9T398iSgAN,1.4931605946826203
2G71B13s2bF5SkaieZTOgA,6KMbJSTSecyfoD5NgXiQvh,0.9573262124091766
2G71B13s2bF5SkaieZTOgA,4iUbMPVbCQAx51bIh1GhyP,1.2086467837469754
2G71B13s2bF5SkaieZTOgA,7AtwQRLPdttsxcLM5tPL0t,1.2524843470332916
2G71B13s2bF5SkaieZTOgA,2WnYxLsi1D4p9ZPIvRKn93,1.3713600554348189
2G71B13s2bF5SkaieZTOgA,2JiodPAAXzYPp3OV9oA1gT,1.4187985802691188
2G71B13s2bF5SkaieZTOgA,6txgVVRJkvrSfcOQJIMFbf,1.4379628629848964
2G71B13s2bF5SkaieZTOgA,00TFDHSe7s8cWm5CzDY8UP,1.476171455029007
2G71B13s2bF5SkaieZTOgA,3BOJ6BFjwbixqQM8J4hgYA,1.4975338364993436
2G71B13s2bF5SkaieZTOgA,2RsAajgo0g7bMCHxwH3Sk0,1.5335173525324246
2G71B13s2bF5SkaieZTOgA,4UF1eupXP9Zz5GpYepyOxI,1.552057880016016
5Yxof5s4AdLjkCmkIfGDSV,0CqCpm4LLQbHUX5ysizWJS,1.7603584544080342
5Yxof5s4AdLjkCmkIfGDSV,1aL399KnfueCuX3gPML2Rp,1.7741164793972983
5Yxof5s4AdLjkCmkIfGDSV,0e8aiEfAhab9fQzxAJEZH7,1.9288858150598138
5Yxof5s4AdLjkCmkIfGDSV,1wCxDPQUF3YBMgeJMJkRGH,1.9789177614985667
5Yxof5s4AdLjkCmkIfGDSV,3GWoY95OyBPD6kN3h996Yy,2.40964145068151
5Yxof5s4AdLjkCmkIfGDSV,6hu4zxEVl8vhbZwDlqNqK6,2.436810208653596
5Yxof5s4AdLjkCmkIfGDSV,6zQyEMgmMkHXaNdLEiu7fW,2.656262594026605
5Yxof5s4AdLjkCmkIfGDSV,33LleOXlYSGmHinXyHWU7g,2.6636269094312377
5Yxof5s4AdLjkCmkIfGDSV,6nsdMJW0IU4pR3pEmo0LAI,2.705311324682788
5Yxof5s4AdLjkCmkIfGDSV,2rbbJ2xZFJa2DriR5h0TBS,2.7068059439567063
75ArcxyPjMr0sleM5WXLn7,2DEHcqIwG3umK94P0tlh7X,1.1627910408965865
75ArcxyPjMr0sleM5WXLn7,3Z4ZuDrY684IFTBz2ze708,1.177753350749901
75ArcxyPjMr0sleM5WXLn7,4ZXZKLCXALRAD9xWkPd5Yr,1.2700808996832487
75ArcxyPjMr0sleM5WXLn7,4grmYnfTTC5s25gdSmACiU,1.2751556641813044
75ArcxyPjMr0sleM5WXLn7,2Oghfvs0YkMNadU5c31GpJ,1.287633981447199
75ArcxyPjMr0sleM5WXLn7,3z8h0TU7ReDPLIbEnYhWZb,1.3296547700478656
75ArcxyPjMr0sleM5WXLn7,6d1AuFOL1YBzLcruapNbZV,1.3451173373330405
75ArcxyPjMr0sleM5WXLn7,7F4jKReNs1h8ujuz02Rsji,1.350381837062126
75ArcxyPjMr0sleM5WXLn7,5tqgvcRaFZYV2Wu8xWgG3R,1.3691839362726275
75ArcxyPjMr0sleM5WXLn7,21ox43RiEnhW9T398iSgAN,1.408209907637844
5ORJq9RvKIVGf1pVWWTUB7,47fOtKyt7VeUIer3SqgNOp,0.9275462280383912
5ORJq9RvKIVGf1pVWWTUB7,0T5iIrXA4p5GsubkhuBIKV,1.2900085101448848
5ORJq9RvKIVGf1pVWWTUB7,0p4D8tKBjpTqOpFhwxIXe1,1.3732355697103356
5ORJq9RvKIVGf1pVWWTUB7,3iOcbCxe0jW1XrlFb0rvj2,1.3746858944667546
5ORJq9RvKIVGf1pVWWTUB7,0aIW3ekrhK1eh3BYCh11op,1.3784785017201835
5ORJq9RvKIVGf1pVWWTUB7,7h9VHJe3SJnNpedITpOQWO,1.4307837668368781
5ORJq9RvKIVGf1pVWWTUB7,4yNk9iz9WVJikRFle3XEvn,1.4361496739984034
5ORJq9RvKIVGf1pVWWTUB7,2QMAB7AL9WPd0LdRH4BZda,1.4577705319632799
5ORJq9RvKIVGf1pVWWTUB7,7oHDdgBGhiglCDWsJBCa1R,1.4660200884959058
5ORJq9RvKIVGf1pVWWTUB7,6YNdQ5utvFnK4CTAnBga06,1.4784579427171656
3BK7JmX1P4GSGx5mdG3aiL,5dy25rHjyfAbpkHDI9yfTY,1.2629408202039647
3BK7JmX1P4GSGx5mdG3aiL,6DiFaHCUjPpA3nTAEFmQe1,1.296598330889405
3BK7JmX1P4GSGx5mdG3aiL,0fea68AdmYNygeTGI4RC18,1.3219384246033516
3BK7JmX1P4GSGx5mdG3aiL,26op06vMM21RB0hej3b0lG,1.4946551163214499
3BK7JmX1P4GSGx5mdG3aiL,0DC7Zs2qvAbNK1owWQ4mlL,1.5208353721063794
3BK7JmX1P4GSGx5mdG3aiL,4HyxYaIV98fUKeApfxHEHv,1.571789180096016
3BK7JmX1P4GSGx5mdG3aiL,10aDiDITMu33TQNqVR35iM,1.6290528154036708
3BK7JmX1P4GSGx5mdG3aiL,4gyPGtExOjj1rsByKW33LR,1.6514320586152156
3BK7JmX1P4GSGx5mdG3aiL,46bFZCQ2U2DMSNUKGzQUyP,1.716543914879818
3BK7JmX1P4GSGx5mdG3aiL,4wOqh7UiXe4jfbotAizdTu,1.720336357495454
1kG7gfH4HDUlDht0VZYkiP,37ZgsOy8t4vMnGtMExr6ah,0.5829159749233653
1kG7gfH4HDUlDht0VZYkiP,4q6ZHerrtO7gcF67KFX0BF,0.5832498580182082
1kG7gfH4HDUlDht0VZYkiP,5ZgnlpPg7qfiopdvqdrs2M,0.6545536940065376
1kG7gfH4HDUlDht0VZYkiP,1DqAeuDzc5uUQeAggxmZk5,0.6852403986541286
1kG7gfH4HDUlDht0VZYkiP,2C6fzRAlaWOhKCOsn5a0Nk,0.7111705690927281
1kG7gfH4HDUlDht0VZYkiP,7bfocP7GYoLOutUYpTI8tx,0.7788510884799349
1kG7gfH4HDUlDht0VZYkiP,4sNG6zQBmtq7M8aeeKJRMQ,0.7826906598536901
1kG7gfH4HDUlDht0VZYkiP,2Oa4PQ6WVqng8AnB7Gbabs,0.794138518046351
1kG7gfH4HDUlDht0VZYkiP,54SQet8YMttOgTqDNGcGpe,0.8575068641483867
1kG7gfH4HDUlDht0VZYkiP,4ileLT7ldd2uX8bMemWqbm,0.9125315349338173
7EKpyfbmopbXMaMLW9QEd3,6TzYMmTsjyTIf1cSSuOcAw,0.6599487896535426
7EKpyfbmopbXMaMLW9QEd3,1Zd1Y1UeG8PB5fDSgKQaH6,0.8035295709331427
7EKpyfbmopbXMaMLW9QEd3,3xLtrBuptxKDFww9lND5Dc,1.0621175993721983
7EKpyfbmopbXMaMLW9QEd3,1yTZAe3F0X7BUpxbj8iMwH,1.0830100437549932
7EKpyfbmopbXMaMLW9QEd3,2xETIuyVWAjWXFSbqngBYq,1.1266318131741002
7EKpyfbmopbXMaMLW9QEd3,4TCMm1N1zoNmRYaLbYwB2k,1.1874747562142145
7EKpyfbmopbXMaMLW9QEd3,6XDdcBC0hQkRcQfYovxd4c,1.2333195383603113
7EKpyfbmopbXMaMLW9QEd3,4MpYL0NBKcz41y2TW3UCW8,1.2345064448656156
7EKpyfbmopbXMaMLW9QEd3,7LihoPgTF9hnxMh9lRTNkA,1.2349230872375674
7EKpyfbmopbXMaMLW9QEd3,6vuF3LYipww2DRhRJ9s7CH,1.259632381487187
0ILXYaWxMQVEXnKq2eTmjW,5bFuHlXKw66Uu2cHKn5bf8,0.6828983600902409
0ILXYaWxMQVEXnKq2eTmjW,5CPXR6lDTvngxtmMZxnWmC,0.9383594488957488
0ILXYaWxMQVEXnKq2eTmjW,3ZffCQKLFLUvYM59XKLbVm,0.938701185239397
0ILXYaWxMQVEXnKq2eTmjW,4DHkzbZSWxsCsvRoEzr28A,0.9397774660309459
0ILXYaWxMQVEXnKq2eTmjW,06Q3gof2rs8ErXzBrW1aVg,0.9496156553662632
0ILXYaWxMQVEXnKq2eTmjW,1v685OFD51NsY493VwO7FK,0.9835523138523586
0ILXYaWxMQVEXnKq2eTmjW,3O3lsUYkkrolKZEfH4pTQn,0.9947598687016763
0ILXYaWxMQVEXnKq2eTmjW,2InrK5IWeTPIVRZQPOEDIO,1.0057028326795592
0ILXYaWxMQVEXnKq2eTmjW,1GxXPNNkNymHPn6yTgWPxu,1.0091590803693893
0ILXYaWxMQVEXnKq2eTmjW,6Z0gK8Fp0AqS9EX8Icp4hj,1.0173645891188468
3eqD8kifaVLMNJS1zRk73b,4hA4vowf8u8fhA2KlxBJIa,0.0
3eqD8kifaVLMNJS1zRk73b,2NaU7cuWOBIOPA2nBJ06Hd,0.5248929238964483
3eqD8kifaVLMNJS1zRk73b,4MNXKskyfqES2LAlbrrRbV,1.0487936782737153
3eqD8kifaVLMNJS1zRk73b,1H1WA6PzEJlqx3YQ2g3dH7,1.1275512372118977
3eqD8kifaVLMNJS1zRk73b,2oErhjDmRwjiBvdWsl5WmG,1.2074341678452984
3eqD8kifaVLMNJS1zRk73b,5lfWrciYtohtIMVDVZd0Rf,1.271107308595588
3eqD8kifaVLMNJS1zRk73b,6Q4RJGUzVQym5RL5iq6627,1.385087257665108
3eqD8kifaVLMNJS1zRk73b,0vqw3BCyNr3DDVBmjD21H8,1.4005861794527514
3eqD8kifaVLMNJS1zRk73b,2sgpYwWVQAXWetqtO9Kh24,1.417636736657752
3eqD8kifaVLMNJS1zRk73b,7AeKwxmlwwLFOF8D7M3Anb,1.4196199493641921
54SQet8YMttOgTqDNGcGpe,2C6fzRAlaWOhKCOsn5a0Nk,0.5148209523647734
54SQet8YMttOgTqDNGcGpe,1c2vVx6knoiZHXbJJ9Mk8L,0.6239487028563112
54SQet8YMttOgTqDNGcGpe,0EpdLuptraYGFZ6J7HNSLc,0.7375267567120426
54SQet8YMttOgTqDNGcGpe,3z4XtoZVf8AOoR18Lnp7e1,0.7574891646107308
54SQet8YMttOgTqDNGcGpe,6vpyvi70JNqAJa9IqNx8qy,0.779289644214116
54SQet8YMttOgTqDNGcGpe,4q6ZHerrtO7gcF67KFX0BF,0.8214318917939541
54SQet8YMttOgTqDNGcGpe,7bfocP7GYoLOutUYpTI8tx,0.8404105713259887
54SQet8YMttOgTqDNGcGpe,2oya2LiaY0kG9ULocwIoaw,0.841605586925437
54SQet8YMttOgTqDNGcGpe,2sgpYwWVQAXWetqtO9Kh24,0.8514020873997589
54SQet8YMttOgTqDNGcGpe,1kG7gfH4HDUlDht0VZYkiP,0.8575068641483867
0VvlSQ6yIwlKw5MCFU0lZv,4Xn89qH8uKOumgvAGSvY3U,1.2729491904743837
0VvlSQ6yIwlKw5MCFU0lZv,5inWUDecQMC4l2eOFzaIaf,1.6603453661597178
0VvlSQ6yIwlKw5MCFU0lZv,7rMB3EFvXYfXvkw7BBLoX1,1.7186296631451226
0VvlSQ6yIwlKw5MCFU0lZv,7HM1onSgR6op93vH7jNTV5,1.8130810552106418
0VvlSQ6yIwlKw5MCFU0lZv,10aDiDITMu33TQNqVR35iM,2.056368539123764
0VvlSQ6yIwlKw5MCFU0lZv,712vBjPwBMW6Bd4i2xo5pm,2.0610791556135704
0VvlSQ6yIwlKw5MCFU0lZv,3Dg6BUqz0IaTOEq4ySdhhQ,2.0806562595272573
0VvlSQ6yIwlKw5MCFU0lZv,0obvnPQaTe8fRAQHWyOWBv,2.144772402221589
0VvlSQ6yIwlKw5MCFU0lZv,3y8doSsikONxr7FMYCt41C,2.2027706485859415
0VvlSQ6yIwlKw5MCFU0lZv,4ScVI88WynvZ1avtN2rScK,2.2282045726792896
0u5mGjvZPRx3uFCwXKcXCP,3cyN4BZhcTdZyTMcqaCDb3,1.0894207227236086
0u5mGjvZPRx3uFCwXKcXCP,2esbthZf8kgJK8x8n9BYNe,1.0991082077386143
0u5mGjvZPRx3uFCwXKcXCP,0mtn3uti60qnEwTJJIQ29v,1.102230634613249
0u5mGjvZPRx3uFCwXKcXCP,1qkVJlyVaLZbwolRZmc17i,1.1349947197129937
0u5mGjvZPRx3uFCwXKcXCP,45FR60U6pxNbiQkA8BOhBD,1.1779943969232995
0u5mGjvZPRx3uFCwXKcXCP,4pxcboeftnVJoMuqigFL4g,1.2811274895614297
0u5mGjvZPRx3uFCwXKcXCP,1VAhH6Qrtod1cKtGjHcUtB,1.3665236217632273
0u5mGjvZPRx3uFCwXKcXCP,4sKGkVi8boc00JTpw7aVB7,1.383489248185443
0u5mGjvZPRx3uFCwXKcXCP,6k3lATWmM3Z9TJvrzDHfga,1.3945339851967624
0u5mGjvZPRx3uFCwXKcXCP,3jumxkobNDisdRz27CxhOF,1.4228755614140427
3mtJfeHl9dp6Rq5fXPIErc,2Hbad5lRjdQBvKRahhFTsw,0.8757366809776927
3mtJfeHl9dp6Rq5fXPIErc,0DHoB41NjhjrpUkeTcN5z1,1.008187449321759
3mtJfeHl9dp6Rq5fXPIErc,6IlQmJorOrT6eWZFqUzzES,1.2016135804690369
3mtJfeHl9dp6Rq5fXPIErc,3HKENICtez4Mz0tnUqpFIP,1.2385338897948965
3mtJfeHl9dp6Rq5fXPIErc,52aj920Nd9VlhlehQVsfwS,1.364980904049285
3mtJfeHl9dp6Rq5fXPIErc,74w5vyOFuin2Zu4GsP8paJ,1.4482839300870036
3mtJfeHl9dp6Rq5fXPIErc,7pagL6jtEVbRq6vVK6ua3S,1.4974503665895684
3mtJfeHl9dp6Rq5fXPIErc,4ocDKtGkfPHFpUlmkOfAiy,1.4975201870213888
3mtJfeHl9dp6Rq5fXPIErc,006Bi4j0yzwOc3y69GOlYV,1.6101251190037276
3mtJfeHl9dp6Rq5fXPIErc,1VAhH6Qrtod1cKtGjHcUtB,1.632951786007996
0zuH9aSrPkctSaAn1kPN86,6TSDRzJGwbK9cajVbtqlPV,1.0129608254188194
0zuH9aSrPkctSaAn1kPN86,0BZagFWMAL33p7y6HsL3jT,1.093752925249181
0zuH9aSrPkctSaAn1kPN86,0xdYzkbBBfTevSyOJqWUSX,1.1546438350740356
0zuH9aSrPkctSaAn1kPN86,6GfqNqXkAofNOakU77MWEb,1.1549723458892711
0zuH9aSrPkctSaAn1kPN86,041Xf2o8yDouqWCDKqkGuC,1.2267437322574355
0zuH9aSrPkctSaAn1kPN86,5jvwBfP3afteHaLNrPrUCN,1.232436578988391
0zuH9aSrPkctSaAn1kPN86,4mUiW3rsg9kicTIYwjwSsG,1.232436578988391
0zuH9aSrPkctSaAn1kPN86,1I2MEjnS9c4OPMnKWbIuYs,1.2810162924679631
0zuH9aSrPkctSaAn1kPN86,5aAjcWycNzzlnnwRB8z0zL,1.284753653999424
0zuH9aSrPkctSaAn1kPN86,0RYqTScbPJ3wijhvWOgLkE,1.2924730247298615
4sNG6zQBmtq7M8aeeKJRMQ,7bfocP7GYoLOutUYpTI8tx,0.7048258234492766
4sNG6zQBmtq7M8aeeKJRMQ,1kG7gfH4HDUlDht0VZYkiP,0.7826906598536901
4sNG6zQBmtq7M8aeeKJRMQ,78cj9M7Ax1yDruYM5QeG39,0.8164075389899348
4sNG6zQBmtq7M8aeeKJRMQ,6n6zJJFmKJ1DoKq2eMCbEb,0.8461064433891531
4sNG6zQBmtq7M8aeeKJRMQ,4q6ZHerrtO7gcF67KFX0BF,0.872405688001891
4sNG6zQBmtq7M8aeeKJRMQ,52aj920Nd9VlhlehQVsfwS,0.9081116356773024
4sNG6zQBmtq7M8aeeKJRMQ,1rrPwnC71ZmXcIXuPudHYo,0.9390257668349022
4sNG6zQBmtq7M8aeeKJRMQ,54SQet8YMttOgTqDNGcGpe,0.9443256929225757
4sNG6zQBmtq7M8aeeKJRMQ,0EmYZZ8OqeALedVhijSjsg,0.9736858115706976
4sNG6zQBmtq7M8aeeKJRMQ,4sKGkVi8boc00JTpw7aVB7,0.9921340155106635
2GOVk9VRBmLVEyHSdZYPEN,5nSdJRpyM8OkYOVGa5rlsw,0.6559941207490706
2GOVk9VRBmLVEyHSdZYPEN,3bc6MVpDA0hm4DbuqD2r9C,0.7087931367310106
2GOVk9VRBmLVEyHSdZYPEN,0j6zVHUhezcz02iLhmpy2e,0.7969652080249854
2GOVk9VRBmLVEyHSdZYPEN,0UIrLwFq3cvTg5vBMmlfjp,0.827181324693892
2GOVk9VRBmLVEyHSdZYPEN,3l1LcOxoXu7YfFKFkSSBeI,0.8470789857482753
2GOVk9VRBmLVEyHSdZYPEN,6Q3FXpvUNVHiWHU3xVMnQR,0.8539391441624938
2GOVk9VRBmLVEyHSdZYPEN,5NYejXf1mwigePilCGLjdM,0.8618640041655545
2GOVk9VRBmLVEyHSdZYPEN,22tot0Y6uKuWdAZnEQyB6g,0.9166369178591426
2GOVk9VRBmLVEyHSdZYPEN,0OGw7V8wAI6OsZIQ12JkTP,0.9278750997804254
2GOVk9VRBmLVEyHSdZYPEN,7oS2EnBWSHxzR2m6CxNJYA,0.9346231219668143
2ueWCiQRtVdj5pSs87CDla,0DC7Zs2qvAbNK1owWQ4mlL,1.1607437897103359
2ueWCiQRtVdj5pSs87CDla,50etdpjrySctCaS4yw0a72,1.2519744407384659
2ueWCiQRtVdj5pSs87CDla,0vIkYCzLD9QH7w8m1dC8Mf,1.2519744407384659
2ueWCiQRtVdj5pSs87CDla,4BedjJsVJvrmSnVr8rLcSU,1.2759681349679737
2ueWCiQRtVdj5pSs87CDla,48RAUxA6ZlqIuM4pON0GVC,1.2890641678757566
2ueWCiQRtVdj5pSs87CDla,0ud4VAfTH1AOb904kWOTzJ,1.3105049662101484
2ueWCiQRtVdj5pSs87CDla,3hp6JfJIxkv3sl7E6p7DQj,1.3282240993233212
2ueWCiQRtVdj5pSs87CDla,3XKjZcgNYtvCmBpE1nX7Wn,1.3771123176339828
2ueWCiQRtVdj5pSs87CDla,6d1AuFOL1YBzLcruapNbZV,1.388755564065554
2ueWCiQRtVdj5pSs87CDla,3IWy6MPyWKPFAQ5x6YAkrc,1.4116949654579656
0qZ0m8Gq4Ug5kBxKe9BVvj,2ThdB23G9Rgf1ExndFGEEg,0.8471602258344184
0qZ0m8Gq4Ug5kBxKe9BVvj,6DBqULxLjq66GX2dim7opR,1.1496411736733918
0qZ0m8Gq4Ug5kBxKe9BVvj,2RWFncSWZEhSRRifqiDNVV,1.1731172395555236
0qZ0m8Gq4Ug5kBxKe9BVvj,50OIaK14Pr6ZwCmFfHZ0wB,1.221979366457235
0qZ0m8Gq4Ug5kBxKe9BVvj,65EReuqyiXH0WMIaeFEIlX,1.2233252395199572
0qZ0m8Gq4Ug5kBxKe9BVvj,7b1XzNeXhfwGNJWE6gHFRz,1.2778873698740714
0qZ0m8Gq4Ug5kBxKe9BVvj,0ct6r3EGTcMLPtrXHDvVjc,1.2854835362080932
0qZ0m8Gq4Ug5kBxKe9BVvj,5lzHcuhl4iBfR4PtQXBm9i,1.2943262121247345
0qZ0m8Gq4Ug5kBxKe9BVvj,2sASx6Cz5mYm0xPrKiD8gZ,1.3347847512737818
0qZ0m8Gq4Ug5kBxKe9BVvj,1c2vVx6knoiZHXbJJ9Mk8L,1.3655628064126308
2Plk8oHNWpHEmLEiK8VMq0,7kljF41HGcnuU4tBRQ8d6k,1.5506381785442336
2Plk8oHNWpHEmLEiK8VMq0,4rS66iKCLms3yumMYACKwJ,1.5643428223051323
2Plk8oHNWpHEmLEiK8VMq0,2sASx6Cz5mYm0xPrKiD8gZ,1.5677798924474207
2Plk8oHNWpHEmLEiK8VMq0,40KeMi4kkYpAlT1VmjrxDb,1.6752689242214944
2Plk8oHNWpHEmLEiK8VMq0,2aNCrdzCbgFIkxs0qul8dT,1.7652676929397777
2Plk8oHNWpHEmLEiK8VMq0,6kls8cSlUyHW2BUOkDJIZE,1.7685621332514851
2Plk8oHNWpHEmLEiK8VMq0,4RvtzkdXmDOjbggr6pu9jR,1.7905993891886127
2Plk8oHNWpHEmLEiK8VMq0,0anw2y6ifCI7QS8Cj5Ph7x,1.7970145325498166
2Plk8oHNWpHEmLEiK8VMq0,02xRKYZ1jY4B6utPa59qSf,1.8348583179739262
2Plk8oHNWpHEmLEiK8VMq0,7epvz4k2v8qrzYansbnKAd,1.8559447133734264
00TFDHSe7s8cWm5CzDY8UP,7pjj6hVH1uh9Mf6rQ6QO0O,0.8190607122252671
00TFDHSe7s8cWm5CzDY8UP,2RsAajgo0g7bMCHxwH3Sk0,0.8459273471784928
00TFDHSe7s8cWm5CzDY8UP,02HdjmfXq1F2OsX6yPg86n,0.8550296238190775
00TFDHSe7s8cWm5CzDY8UP,0qwU4qCtm3aUqcAUISMhMz,0.8615365623041561
00TFDHSe7s8cWm5CzDY8UP,4hQ6UGyWQIGJmHSo0J88JW,0.9370414618319567
00TFDHSe7s8cWm5CzDY8UP,0EmYZZ8OqeALedVhijSjsg,0.985293279427068
00TFDHSe7s8cWm5CzDY8UP,7Lqe8fvFzrxCufUatyaYod,1.0170908135892582
00TFDHSe7s8cWm5CzDY8UP,33Z21GrqIGKlxF7hrz9bLd,1.0353815225382688
00TFDHSe7s8cWm5CzDY8UP,0UIrLwFq3cvTg5vBMmlfjp,1.0371079767001408
00TFDHSe7s8cWm5CzDY8UP,1hMZDDqL6ThRyJQ5rsLiB5,1.0686591538972061
02GGlQrUckPW2fJmYVpU8l,6HrYi2gwKxrwEtZX3Orype,0.7520345618077979
02GGlQrUckPW2fJmYVpU8l,3QgInVIXkrZDRVQfuKUxSm,0.8078009929172474
02GGlQrUckPW2fJmYVpU8l,7pagL6jtEVbRq6vVK6ua3S,0.9427190898001431
02GGlQrUckPW2fJmYVpU8l,1re1CuvpyhIm5ryPzUQyXc,0.9965574315528224
02GGlQrUckPW2fJmYVpU8l,60Cohjy8lgh1jIkTpGz9S1,1.0114516263212432
02GGlQrUckPW2fJmYVpU8l,76GGgSpRWU1v0mH26n2ZQy,1.1345319722916836
02GGlQrUckPW2fJmYVpU8l,26op06vMM21RB0hej3b0lG,1.2142143447833575
02GGlQrUckPW2fJmYVpU8l,6vpyvi70JNqAJa9IqNx8qy,1.2797479340109317
02GGlQrUckPW2fJmYVpU8l,3z4XtoZVf8AOoR18Lnp7e1,1.3042308623161616
02GGlQrUckPW2fJmYVpU8l,3XKjZcgNYtvCmBpE1nX7Wn,1.3725314272371845
74w5vyOFuin2Zu4GsP8paJ,6k3lATWmM3Z9TJvrzDHfga,1.1065201364240627
74w5vyOFuin2Zu4GsP8paJ,163l4xzEe3JAfPbv0kYNQo,1.146698635784811
74w5vyOFuin2Zu4GsP8paJ,5hZctl6Xi8xaJG8LgIZWDy,1.2946988536904045
74w5vyOFuin2Zu4GsP8paJ,6IlQmJorOrT6eWZFqUzzES,1.328624620089636
74w5vyOFuin2Zu4GsP8paJ,3mtJfeHl9dp6Rq5fXPIErc,1.4482839300870036
74w5vyOFuin2Zu4GsP8paJ,52aj920Nd9VlhlehQVsfwS,1.5701793430342854
74w5vyOFuin2Zu4GsP8paJ,0DHoB41NjhjrpUkeTcN5z1,1.5789932225362133
74w5vyOFuin2Zu4GsP8paJ,3ctDo5gZFNOiMjqa0XDBif,1.638327152198122
74w5vyOFuin2Zu4GsP8paJ,1VAhH6Qrtod1cKtGjHcUtB,1.6423931433650474
74w5vyOFuin2Zu4GsP8paJ,7H4baUrCPnLkLOl6o9zkMO,1.646879161637647
60Cohjy8lgh1jIkTpGz9S1,3QgInVIXkrZDRVQfuKUxSm,0.565072006491149
60Cohjy8lgh1jIkTpGz9S1,7G8hUONVhvJnkD3Ak8mNF1,0.7888218478366266
60Cohjy8lgh1jIkTpGz9S1,76GGgSpRWU1v0mH26n2ZQy,0.8139204448791347
60Cohjy8lgh1jIkTpGz9S1,3XKjZcgNYtvCmBpE1nX7Wn,0.8810919509814744
60Cohjy8lgh1jIkTpGz9S1,4ileLT7ldd2uX8bMemWqbm,0.9921083594424551
60Cohjy8lgh1jIkTpGz9S1,3z4XtoZVf8AOoR18Lnp7e1,0.9966955459946928
60Cohjy8lgh1jIkTpGz9S1,02GGlQrUckPW2fJmYVpU8l,1.0114516263212432
60Cohjy8lgh1jIkTpGz9S1,37cb7mzkQKksGm0noGDXeh,1.0469266709730145
60Cohjy8lgh1jIkTpGz9S1,1kG7gfH4HDUlDht0VZYkiP,1.0706621758568593
60Cohjy8lgh1jIkTpGz9S1,2C6fzRAlaWOhKCOsn5a0Nk,1.0933467779898078
0anw2y6ifCI7QS8Cj5Ph7x,2sASx6Cz5mYm0xPrKiD8gZ,0.5694136743606356
0anw2y6ifCI7QS8Cj5Ph7x,6mUHPv34FUMhYVlpytiwdp,0.7687697955084692
0anw2y6ifCI7QS8Cj5Ph7x,0ct6r3EGTcMLPtrXHDvVjc,0.800021270613612
0anw2y6ifCI7QS8Cj5Ph7x,2RWFncSWZEhSRRifqiDNVV,0.8810703400745443
0anw2y6ifCI7QS8Cj5Ph7x,7kljF41HGcnuU4tBRQ8d6k,0.9618307037688344
0anw2y6ifCI7QS8Cj5Ph7x,0OGw7V8wAI6OsZIQ12JkTP,0.965525007896768
0anw2y6ifCI7QS8Cj5Ph7x,1DqAeuDzc5uUQeAggxmZk5,1.0783569928430552
0anw2y6ifCI7QS8Cj5Ph7x,0j6zVHUhezcz02iLhmpy2e,1.088267943618731
0anw2y6ifCI7QS8Cj5Ph7x,5fdr0qZcygx9NFbIhFDcaH,1.0884153665462646
0anw2y6ifCI7QS8Cj5Ph7x,0qwU4qCtm3aUqcAUISMhMz,1.0914453425382387
33Z21GrqIGKlxF7hrz9bLd,28DlaPydCnrs8NxYOnUPZ8,0.4611615445233606
33Z21GrqIGKlxF7hrz9bLd,7pjj6hVH1uh9Mf6rQ6QO0O,0.5479681407411048
33Z21GrqIGKlxF7hrz9bLd,0OGw7V8wAI6OsZIQ12JkTP,0.8309743521953616
33Z21GrqIGKlxF7hrz9bLd,0j6zVHUhezcz02iLhmpy2e,0.8894666962865394
33Z21GrqIGKlxF7hrz9bLd,5fdr0qZcygx9NFbIhFDcaH,0.8909363273716154
33Z21GrqIGKlxF7hrz9bLd,0EmYZZ8OqeALedVhijSjsg,0.9623699049664615
33Z21GrqIGKlxF7hrz9bLd,7kzKAuUzOITUauHAhoMoxA,1.0017869868146836
33Z21GrqIGKlxF7hrz9bLd,4hQ6UGyWQIGJmHSo0J88JW,1.0122432760229214
33Z21GrqIGKlxF7hrz9bLd,0UIrLwFq3cvTg5vBMmlfjp,1.02288582061821
33Z21GrqIGKlxF7hrz9bLd,2RsAajgo0g7bMCHxwH3Sk0,1.0284270293786157
5zzfKibxNlJPWGkkhAGlLg,0J1NpNoYYMuohXl4frq0aU,0.32651134577620056
5zzfKibxNlJPWGkkhAGlLg,1XiEGQzAtcF1L1DwT7r1Pb,0.9259622259105643
5zzfKibxNlJPWGkkhAGlLg,1rfPKTKzzDaz1lDjadZVqb,1.236407129072372
5zzfKibxNlJPWGkkhAGlLg,2eI1OQTaBJFwmQEEYfy9OU,1.4153138313925466
5zzfKibxNlJPWGkkhAGlLg,4rtyV2gthc3k6D0rjcQJOR,1.5674979721352962
5zzfKibxNlJPWGkkhAGlLg,4X91MJx5PaKwlYnnldv1OZ,1.625217075261284
5zzfKibxNlJPWGkkhAGlLg,1erM5eAa42t5PizveNnsbY,1.6690460191452468
5zzfKibxNlJPWGkkhAGlLg,22sno2Y45Ov3ixSl6fN9i8,1.6735558829771702
5zzfKibxNlJPWGkkhAGlLg,4nWxif1dt6FCg4GFZcPIbO,1.826646201204665
5zzfKibxNlJPWGkkhAGlLg,6a6hIUCbzYNQgxGFae2iBX,1.8537865901573203
0IgDxg8KOtsM8x3y09L9oB,2VSGzQqy9nqJefcYGJNWst,0.8137565155126983
0IgDxg8KOtsM8x3y09L9oB,5xde0qUR1uUmH8ZVOqoPRo,1.005596414539484
0IgDxg8KOtsM8x3y09L9oB,78cj9M7Ax1yDruYM5QeG39,1.0643906690258687
0IgDxg8KOtsM8x3y09L9oB,0U7SRbyBhkdXdulXr3veKQ,1.11137853629948
0IgDxg8KOtsM8x3y09L9oB,2Racq7HrXkYvF8w9zXvlTp,1.1433801971380422
0IgDxg8KOtsM8x3y09L9oB,3CRT6IQTfsEZjiXfZ49g9w,1.2060932405954146
0IgDxg8KOtsM8x3y09L9oB,5r5cp9IpziiIsR6b93vcnQ,1.2234447039076863
0IgDxg8KOtsM8x3y09L9oB,7xs1ksUAb2XswNWJjeyt7V,1.2518425239571531
0IgDxg8KOtsM8x3y09L9oB,1zSwGQRbtOaxCLLH1caBFA,1.3049664639430116
0IgDxg8KOtsM8x3y09L9oB,0kI4AfCbkK5MP2B7Xgh6kB,1.3203969706099468
65EReuqyiXH0WMIaeFEIlX,2RWFncSWZEhSRRifqiDNVV,0.8812563545755783
65EReuqyiXH0WMIaeFEIlX,52pQ8Rn1Gh7CPV4fyKVfrV,0.9217507665696583
65EReuqyiXH0WMIaeFEIlX,0ZeKQudydO2uQJpfr6gNC8,1.1451636716420808
65EReuqyiXH0WMIaeFEIlX,2pAD0PKMUMtxlMvz33tYzB,1.1489481686879652
65EReuqyiXH0WMIaeFEIlX,0ct6r3EGTcMLPtrXHDvVjc,1.1580143317116915
65EReuqyiXH0WMIaeFEIlX,5lzHcuhl4iBfR4PtQXBm9i,1.164259445119962
65EReuqyiXH0WMIaeFEIlX,7H4baUrCPnLkLOl6o9zkMO,1.1667700517267474
65EReuqyiXH0WMIaeFEIlX,50OIaK14Pr6ZwCmFfHZ0wB,1.173737634393754
65EReuqyiXH0WMIaeFEIlX,4yxjD1iYOICm8cizKrbtPg,1.1747314568009863
65EReuqyiXH0WMIaeFEIlX,7b1XzNeXhfwGNJWE6gHFRz,1.1975459981032588
0Z7nVJmfPLRjhtStJZh4hm,5WBn5fDSVP8eMrxXQRMVWL,0.6359796900337712
0Z7nVJmfPLRjhtStJZh4hm,6X75beLYymFGvrw5Ocqflq,1.1631338256209984
0Z7nVJmfPLRjhtStJZh4hm,4GRgeMNKXKSqmkKRqzoXB7,1.242438015631974
0Z7nVJmfPLRjhtStJZh4hm,1OwJLABgqyipl2dQS0UhKD,1.259124948627479
0Z7nVJmfPLRjhtStJZh4hm,1SEZDfakTMMmUcHildSzsx,1.3132359089950598
0Z7nVJmfPLRjhtStJZh4hm,5IXpJkpRvk97JoLMTitMPG,1.4501178676693156
0Z7nVJmfPLRjhtStJZh4hm,2AJL5Z7SjjilD8fAFWp8uo,1.4737899650451132
0Z7nVJmfPLRjhtStJZh4hm,0TpTOzLGB3JrMhpkpq3u9y,1.5700525914850743
0Z7nVJmfPLRjhtStJZh4hm,7IZ7SwZfnXMKKwMIGdE6o8,1.6651684082455402
0Z7nVJmfPLRjhtStJZh4hm,5BsfHrHZtp17H7pVvZqnX4,1.6679975755155092
2a9qHSjK62gyvVjg6ZnjB7,4anysyWdzzghWjZxDeXbce,1.133917637690734
2a9qHSjK62gyvVjg6ZnjB7,2lffRiAET2Xt6BNb4EmkS2,1.2966796617460008
2a9qHSjK62gyvVjg6ZnjB7,0BQNM4jGoWsJ4qN5GQpgmh,1.3270394771499114
2a9qHSjK62gyvVjg6ZnjB7,3JVeCPb470mUJ7otD7i8j4,1.4824394896181126
2a9qHSjK62gyvVjg6ZnjB7,3eBMWAbupDk0WKevWvrqa4,1.5552883271063274
2a9qHSjK62gyvVjg6ZnjB7,6ry0z6yotxEiqsxoKHpYBO,1.6536982300479903
2a9qHSjK62gyvVjg6ZnjB7,1leA0GHDe1eQBiRbOqAqIc,1.8746441991889378
2a9qHSjK62gyvVjg6ZnjB7,6ekLy1OsrYdLMbcqc0KZ8G,1.9059513394291834
2a9qHSjK62gyvVjg6ZnjB7,1P7Ik6OX9dV3BnXZi9L4cI,1.942641541680668
2a9qHSjK62gyvVjg6ZnjB7,2IkCJvsnygJFSoZV8nhQoq,2.009751392043785
60sMKR8s0Zs8tXRqKsI8VX,4avT69vtIK1qqC8SL7eqGJ,1.0226684165061821
60sMKR8s0Zs8tXRqKsI8VX,4DeoucgVChdV0zkeLzNKji,1.1791118697482301
60sMKR8s0Zs8tXRqKsI8VX,5ncofiedz9Ej6YkvvXMKVn,1.2074634386698648
60sMKR8s0Zs8tXRqKsI8VX,3NM41PVVUr0ceootKAtkAj,1.2364191971498764
60sMKR8s0Zs8tXRqKsI8VX,2AwYywTNbeiWqQcLqt8UwP,1.2417246100451422
60sMKR8s0Zs8tXRqKsI8VX,3hp6JfJIxkv3sl7E6p7DQj,1.254694284604887
60sMKR8s0Zs8tXRqKsI8VX,3z8h0TU7ReDPLIbEnYhWZb,1.28461882805443
60sMKR8s0Zs8tXRqKsI8VX,5XCtjnFMKtCT7ycDwV3Kdh,1.325914677865427
60sMKR8s0Zs8tXRqKsI8VX,4G3IXyVRxSx5lLhUvv3fu3,1.4183827539254472
60sMKR8s0Zs8tXRqKsI8VX,3rXgbjVLoaHEUq82dbCP0f,1.4409706369396298
0zmrF4iO4zaaJKQ06Yb6GO,4nWxif1dt6FCg4GFZcPIbO,1.1139289200997005
0zmrF4iO4zaaJKQ06Yb6GO,4rtyV2gthc3k6D0rjcQJOR,1.2533317434039695
0zmrF4iO4zaaJKQ06Yb6GO,7GCfKBpY3l2n3LAhsqjBtO,1.4187848668641438
0zmrF4iO4zaaJKQ06Yb6GO,1hP0hDL5VREpThmMOa1pta,1.5055778962966722
0zmrF4iO4zaaJKQ06Yb6GO,0KpTFH1SzexN8SGc0GPILC,1.6907650548306974
0zmrF4iO4zaaJKQ06Yb6GO,2SoHnESLR60erIgFi8zFFi,1.7190964608826653
0zmrF4iO4zaaJKQ06Yb6GO,2eI1OQTaBJFwmQEEYfy9OU,1.822081047010521
0zmrF4iO4zaaJKQ06Yb6GO,2WHlwCAZB6hLFsrXffOmxx,1.8623245134075224
0zmrF4iO4zaaJKQ06Yb6GO,3TeGnh9c51Du7BHtRkOeS6,1.8744120195561669
0zmrF4iO4zaaJKQ06Yb6GO,79uspTY5GVI0EOBsnWAjxx,1.8886157484498705
42rRYDeMFkYfUGOIhDPlF9,23XdaKxpbB9D4mPCgoOgou,0.9013643805919967
42rRYDeMFkYfUGOIhDPlF9,6pT0lZ3QhOWzjXWqO7aqVq,0.938531955745503
42rRYDeMFkYfUGOIhDPlF9,6DXazvidTcZ7Nx78cm5hZE,1.035160602761031
42rRYDeMFkYfUGOIhDPlF9,5D6d1DFXMkjUZYoEUf9BAt,1.0745897152950983
42rRYDeMFkYfUGOIhDPlF9,6SbLvxG1S5LKhbE3yaNSKi,1.2409278837356343
42rRYDeMFkYfUGOIhDPlF9,2G5EuwNgAYXKT5xJQ9KoOC,1.3275588583098734
42rRYDeMFkYfUGOIhDPlF9,4lD40vyG33AcLiftmxQSC8,1.3833413394572989
42rRYDeMFkYfUGOIhDPlF9,2EuRnXkQ1X97VNY3NfSqay,1.4219549273027954
42rRYDeMFkYfUGOIhDPlF9,4nl4KMmBskw45osLZhlhk1,1.4610705632665555
42rRYDeMFkYfUGOIhDPlF9,7oHDdgBGhiglCDWsJBCa1R,1.4801037912353616
1nvbESS1keAEEVL7SJjSH4,5j8cflZIx0GwvlkzPImbtK,0.6614143428228841
1nvbESS1keAEEVL7SJjSH4,1zSwGQRbtOaxCLLH1caBFA,1.205249972173777
1nvbESS1keAEEVL7SJjSH4,5WTMon2o3bL3LvIxVQm9xk,1.2658789207540866
1nvbESS1keAEEVL7SJjSH4,4fhLBWSTK9UeGiDQST7bxP,1.2698824841042144
1nvbESS1keAEEVL7SJjSH4,00nQri79W2dxFkWmXISlLh,1.3528597891195517
1nvbESS1keAEEVL7SJjSH4,5a8O0CAraAuR4iLZXg0s46,1.3879108297041767
1nvbESS1keAEEVL7SJjSH4,1tBjTyIWZpAXKOahFNrpMK,1.423652852038141
1nvbESS1keAEEVL7SJjSH4,361wxJRa6M2sH1Epy2MAC1,1.506814103167269
1nvbESS1keAEEVL7SJjSH4,0kI4AfCbkK5MP2B7Xgh6kB,1.51178244997648
1nvbESS1keAEEVL7SJjSH4,3NtC3kB57EmY8FXziu8KOn,1.5276777971125395
3QgInVIXkrZDRVQfuKUxSm,60Cohjy8lgh1jIkTpGz9S1,0.565072006491149
3QgInVIXkrZDRVQfuKUxSm,02GGlQrUckPW2fJmYVpU8l,0.8078009929172474
3QgInVIXkrZDRVQfuKUxSm,76GGgSpRWU1v0mH26n2ZQy,0.9491755412296514
3QgInVIXkrZDRVQfuKUxSm,7G8hUONVhvJnkD3Ak8mNF1,0.9603319431378559
3QgInVIXkrZDRVQfuKUxSm,6HrYi2gwKxrwEtZX3Orype,0.9944397149301368
3QgInVIXkrZDRVQfuKUxSm,7pagL6jtEVbRq6vVK6ua3S,1.0085180628464059
3QgInVIXkrZDRVQfuKUxSm,1kG7gfH4HDUlDht0VZYkiP,1.0226929989355575
3QgInVIXkrZDRVQfuKUxSm,37cb7mzkQKksGm0noGDXeh,1.0339197556243245
3QgInVIXkrZDRVQfuKUxSm,3z4XtoZVf8AOoR18Lnp7e1,1.0394712087671778
3QgInVIXkrZDRVQfuKUxSm,3XKjZcgNYtvCmBpE1nX7Wn,1.07192249565703
6vuF3LYipww2DRhRJ9s7CH,0nqOcrAskzhTDBvGpOxNrD,1.018905764089428
6vuF3LYipww2DRhRJ9s7CH,1lCSVEqFldH6cTMnm28M8k,1.0419434521116067
6vuF3LYipww2DRhRJ9s7CH,7EKpyfbmopbXMaMLW9QEd3,1.259632381487187
6vuF3LYipww2DRhRJ9s7CH,4MpYL0NBKcz41y2TW3UCW8,1.3270287114395762
6vuF3LYipww2DRhRJ9s7CH,6Y6py4pHq2Toh3xEvBn233,1.3880259803850108
6vuF3LYipww2DRhRJ9s7CH,7LihoPgTF9hnxMh9lRTNkA,1.4041230981960482
6vuF3LYipww2DRhRJ9s7CH,7xxgqdJBcLG33vo6KXqV6S,1.447219220263609
6vuF3LYipww2DRhRJ9s7CH,6KaEnhXKR6vSqqWzQOyqxE,1.4941275026999352
6vuF3LYipww2DRhRJ9s7CH,3nX1nZJoLqfNSBq19RPGS4,1.5080195893793105
6vuF3LYipww2DRhRJ9s7CH,2j93jQX5C9wRnSzT3qthRt,1.5107304719816632
15dNGPxvzuCvTBzFGmveZi,4rtyV2gthc3k6D0rjcQJOR,2.1921911179932803
15dNGPxvzuCvTBzFGmveZi,0zmrF4iO4zaaJKQ06Yb6GO,2.2460032572095603
15dNGPxvzuCvTBzFGmveZi,1XiEGQzAtcF1L1DwT7r1Pb,2.4927892496707353
15dNGPxvzuCvTBzFGmveZi,4nWxif1dt6FCg4GFZcPIbO,2.4964538106362673
15dNGPxvzuCvTBzFGmveZi,4X91MJx5PaKwlYnnldv1OZ,2.582279298132987
15dNGPxvzuCvTBzFGmveZi,0J1NpNoYYMuohXl4frq0aU,2.5944113136517384
15dNGPxvzuCvTBzFGmveZi,5zzfKibxNlJPWGkkhAGlLg,2.6133581712736826
15dNGPxvzuCvTBzFGmveZi,7GCfKBpY3l2n3LAhsqjBtO,2.620430927007713
15dNGPxvzuCvTBzFGmveZi,4H8mRRUB3uJYxsWnV84dLn,2.644860791111386
15dNGPxvzuCvTBzFGmveZi,5Dj4dtQ0HXxvKRdzqELup0,2.7074068248497065
3cyN4BZhcTdZyTMcqaCDb3,3jumxkobNDisdRz27CxhOF,0.778573203640434
3cyN4BZhcTdZyTMcqaCDb3,6k3lATWmM3Z9TJvrzDHfga,0.8690920605964383
3cyN4BZhcTdZyTMcqaCDb3,1YmavNGmgWmsLe6OZX6sJC,1.0735312874205512
3cyN4BZhcTdZyTMcqaCDb3,0u5mGjvZPRx3uFCwXKcXCP,1.0894207227236086
3cyN4BZhcTdZyTMcqaCDb3,041Xf2o8yDouqWCDKqkGuC,1.1389902568205283
3cyN4BZhcTdZyTMcqaCDb3,5yHfBb0WQaED1bdLugCuha,1.170798142636713
3cyN4BZhcTdZyTMcqaCDb3,45FR60U6pxNbiQkA8BOhBD,1.1899670484795164
3cyN4BZhcTdZyTMcqaCDb3,0pZPObivxzE2M6AnzezZWH,1.1949269180447584
3cyN4BZhcTdZyTMcqaCDb3,0SRPuTnr5QOKRoIxMvvlgK,1.2589804404822058
3cyN4BZhcTdZyTMcqaCDb3,4mUiW3rsg9kicTIYwjwSsG,1.2865768921576
6Y6py4pHq2Toh3xEvBn233,6KaEnhXKR6vSqqWzQOyqxE,0.7502214248368603
6Y6py4pHq2Toh3xEvBn233,3JVeCPb470mUJ7otD7i8j4,0.9565461037833859
6Y6py4pHq2Toh3xEvBn233,0nqOcrAskzhTDBvGpOxNrD,0.9935934257758806
6Y6py4pHq2Toh3xEvBn233,3nX1nZJoLqfNSBq19RPGS4,1.0343293202812025
6Y6py4pHq2Toh3xEvBn233,7xxgqdJBcLG33vo6KXqV6S,1.0472943454959887
6Y6py4pHq2Toh3xEvBn233,3g8DqSjSZyY1o30Y4xnWqs,1.1442710068787207
6Y6py4pHq2Toh3xEvBn233,6TzYMmTsjyTIf1cSSuOcAw,1.2170810450052714
6Y6py4pHq2Toh3xEvBn233,0ILXYaWxMQVEXnKq2eTmjW,1.2492816374137312
6Y6py4pHq2Toh3xEvBn233,7LihoPgTF9hnxMh9lRTNkA,1.27314976551406
6Y6py4pHq2Toh3xEvBn233,3SeowzTaXWE7YsIvltrFgE,1.3036696170454094
7lvobfYGCBe0okzSwMtvRK,2bXI4Rbw1D7aVeHWLjn1Lb,0.8369613141895328
7lvobfYGCBe0okzSwMtvRK,0IFMbLUK5ttPmXyK16qUQu,1.3523382523973566
7lvobfYGCBe0okzSwMtvRK,1I2OwO2Z6tMdahxDcH3p1H,1.5431913489809885
7lvobfYGCBe0okzSwMtvRK,6PHfwvVXuWlwChal3a22NX,1.6591974756272492
7lvobfYGCBe0okzSwMtvRK,2esbthZf8kgJK8x8n9BYNe,1.711682183862459
7lvobfYGCBe0okzSwMtvRK,1AdUK37moo4ba9vRJJ7zVp,1.7723879525057773
7lvobfYGCBe0okzSwMtvRK,5yHfBb0WQaED1bdLugCuha,1.7845284941976134
7lvobfYGCBe0okzSwMtvRK,0v3C05tIF1WZWFlcj326YZ,1.8346821060052385
7lvobfYGCBe0okzSwMtvRK,0u5mGjvZPRx3uFCwXKcXCP,1.8433182618379929
7lvobfYGCBe0okzSwMtvRK,0mtn3uti60qnEwTJJIQ29v,1.856270191889448
1KO29IUHcexH583hBewKof,4f4NAym3a1cwDslRX39WAj,1.2893998878320456
1KO29IUHcexH583hBewKof,0jsXpJsdXhnwnwnCLKjYLF,1.6453581709060714
1KO29IUHcexH583hBewKof,0dpjuJLetnheYPSzLiQR62,1.797836278841526
1KO29IUHcexH583hBewKof,0uI5SsM7gMEDD2emqmCsKA,1.8090260968946503
1KO29IUHcexH583hBewKof,3zwL0EG6j9gJkPBtJY3VQu,1.9320477161973333
1KO29IUHcexH583hBewKof,0Fzt24jmCa6G0ED7pW3IM1,1.9617530704733637
1KO29IUHcexH583hBewKof,2LXtyj95dK56ENS1QLt4IB,2.141207532806027
1KO29IUHcexH583hBewKof,4GAhAw0RCzNVP976NRMOqO,2.153506027163628
1KO29IUHcexH583hBewKof,6CBr1ll9YnZJSPueJwtYrp,2.187077573136633
1KO29IUHcexH583hBewKof,2KZXF3p2o5oNl4dYme5zhH,2.215242216994958
3VpVwKT10A5a4eqN4Pyad1,2pAD0PKMUMtxlMvz33tYzB,1.0394637271465843
3VpVwKT10A5a4eqN4Pyad1,1HZQUXcbIXCNzNrVQabWal,1.0648155300713589
3VpVwKT10A5a4eqN4Pyad1,0BumkbMOjaGROaVCR2I4An,1.112286530641558
3VpVwKT10A5a4eqN4Pyad1,2UkdH2WwhNlHu4MpMUzFIF,1.127325806135707
3VpVwKT10A5a4eqN4Pyad1,3ctDo5gZFNOiMjqa0XDBif,1.1351434564285572
3VpVwKT10A5a4eqN4Pyad1,52pQ8Rn1Gh7CPV4fyKVfrV,1.172333349358988
3VpVwKT10A5a4eqN4Pyad1,2dHCfHPFdccesaPhiisAed,1.17620445330967
3VpVwKT10A5a4eqN4Pyad1,5lfWrciYtohtIMVDVZd0Rf,1.270019677731859
3VpVwKT10A5a4eqN4Pyad1,65EReuqyiXH0WMIaeFEIlX,1.2873606898482424
3VpVwKT10A5a4eqN4Pyad1,163l4xzEe3JAfPbv0kYNQo,1.3084345334884877
6T1t7fOMfVuVpWSe2Z4Pp9,5CIuhTu5H6req55w8yBejp,0.42462035691935646
6T1t7fOMfVuVpWSe2Z4Pp9,36nYdygI2cwOtjBqGxhHzY,0.6144129761788071
6T1t7fOMfVuVpWSe2Z4Pp9,4oowGH3baaetOYlEVUglhU,0.7132313166644634
6T1t7fOMfVuVpWSe2Z4Pp9,1jt4hk4d51pZ8DZl8yMMmG,0.8672799562181381
6T1t7fOMfVuVpWSe2Z4Pp9,0aKb5riywYeDam6ukd62RO,0.9547200358426944
6T1t7fOMfVuVpWSe2Z4Pp9,4I0edgb5lVFVllfB7igc91,1.041957179873085
6T1t7fOMfVuVpWSe2Z4Pp9,1vViUoB7DpXUX10isPj7YL,1.1261801130037745
6T1t7fOMfVuVpWSe2Z4Pp9,6ibmDmnayyljaIfT8hgkVq,1.306530077078419
6T1t7fOMfVuVpWSe2Z4Pp9,7zO8xgWtAGQpAKEG9n48Yb,1.475503506952711
6T1t7fOMfVuVpWSe2Z4Pp9,6bWSlgj7GqYXsorKurrxTJ,1.5751635043536913
6mSDD3nBMVP0ZwJoLakFYo,02xRKYZ1jY4B6utPa59qSf,1.3597702975135633
6mSDD3nBMVP0ZwJoLakFYo,3mZQAM3IZdrzs61VoRe5wa,1.4145619785983232
6mSDD3nBMVP0ZwJoLakFYo,0jNRJBmHgJDOmiIvk10J9C,1.484176615046137
6mSDD3nBMVP0ZwJoLakFYo,0OxDGZakSMFjEHSoQHEjfy,1.503769967440796
6mSDD3nBMVP0ZwJoLakFYo,3joSo5cx7WLe18uEEdu3Oj,1.5404652623965644
6mSDD3nBMVP0ZwJoLakFYo,1WsPeKmEE0NSgq6F3y2Ot6,1.5754569953621285
6mSDD3nBMVP0ZwJoLakFYo,2aNCrdzCbgFIkxs0qul8dT,1.5961844999176444
6mSDD3nBMVP0ZwJoLakFYo,7xuu4ByQkm8qhnwJQk994r,1.6005757567893009
6mSDD3nBMVP0ZwJoLakFYo,0zuH9aSrPkctSaAn1kPN86,1.6250323346715778
6mSDD3nBMVP0ZwJoLakFYo,7pIizKkImgo7jAZnbpFF2R,1.6886881754303393
1rfPKTKzzDaz1lDjadZVqb,1erM5eAa42t5PizveNnsbY,1.2108587698942006
1rfPKTKzzDaz1lDjadZVqb,5zzfKibxNlJPWGkkhAGlLg,1.236407129072372
1rfPKTKzzDaz1lDjadZVqb,0J1NpNoYYMuohXl4frq0aU,1.3625224026890248
1rfPKTKzzDaz1lDjadZVqb,6a6hIUCbzYNQgxGFae2iBX,1.410551655163456
1rfPKTKzzDaz1lDjadZVqb,1XiEGQzAtcF1L1DwT7r1Pb,1.7190233445719372
1rfPKTKzzDaz1lDjadZVqb,51QsdN4xBmkLhtqNi0J40l,1.7247697958997164
1rfPKTKzzDaz1lDjadZVqb,2VAP7blVVE9odqmMyM6HFf,1.8666101899967975
1rfPKTKzzDaz1lDjadZVqb,4YLv4bDhfubAu142fY8QN1,1.878887440102958
1rfPKTKzzDaz1lDjadZVqb,4X91MJx5PaKwlYnnldv1OZ,1.9123272125228024
1rfPKTKzzDaz1lDjadZVqb,4nWxif1dt6FCg4GFZcPIbO,2.0003508663380694
00nQri79W2dxFkWmXISlLh,3I9tSAQMVzAuX8QQUBG9rP,0.8835092348682905
00nQri79W2dxFkWmXISlLh,4pY65PI8PkbRumQpEoxElV,0.9169091495520385
00nQri79W2dxFkWmXISlLh,3YLBzcPdr3obwR4tqOJEyv,1.1379925421309107
00nQri79W2dxFkWmXISlLh,3NtC3kB57EmY8FXziu8KOn,1.1490876522616298
00nQri79W2dxFkWmXISlLh,67cR7hkzHhFAdg1UzPM3Xz,1.1950652762231386
00nQri79W2dxFkWmXISlLh,7eEL9KyVPyH1lqqgoEIvxZ,1.2357664410630493
00nQri79W2dxFkWmXISlLh,32Dc90Bn6NCKMPmdfprhFq,1.3344825739298396
00nQri79W2dxFkWmXISlLh,1nvbESS1keAEEVL7SJjSH4,1.3528597891195517
00nQri79W2dxFkWmXISlLh,0IgDxg8KOtsM8x3y09L9oB,1.3927658937229896
00nQri79W2dxFkWmXISlLh,7qrvxjTqvXvaiGhnUfCOAB,1.4163945804336515
1wb6pRSvhekFyXO5j3fXol,6XTKYGyydndSUV3OHHDwZU,1.561256986972627
1wb6pRSvhekFyXO5j3fXol,2sf4TXYzqSRdxfwu5auS6r,1.5825209486633904
1wb6pRSvhekFyXO5j3fXol,31leo5SqxFz5BndXp3HKqw,1.9753639227165516
1wb6pRSvhekFyXO5j3fXol,7dH53Egj3FVEcAZqD9f481,2.0236617552352643
1wb6pRSvhekFyXO5j3fXol,3Dk2StRqlP3JmXIY4aWyvA,2.2969804719876157
1wb6pRSvhekFyXO5j3fXol,3DnYVJJH3H6P7Svy4x2DYT,2.4390848354839765
1wb6pRSvhekFyXO5j3fXol,0yxEJfni0yeoBgtPeiox24,2.513070190136145
1wb6pRSvhekFyXO5j3fXol,7zO8xgWtAGQpAKEG9n48Yb,2.6195714311786764
1wb6pRSvhekFyXO5j3fXol,2WD2AtCQVUacSSMDUFA2GS,2.730971775879879
1wb6pRSvhekFyXO5j3fXol,5wellG7pgco2QlMjVuvSsf,2.7408878895764417
2FsrKLHO91CaT8vvY85DD6,6SP4AXgL3VCUTmdm7axe9C,0.516544358032538
2FsrKLHO91CaT8vvY85DD6,0z5EJolHD3zV6W17tigtP7,0.7506111697599842
2FsrKLHO91CaT8vvY85DD6,6tvlaXBPNl1bu7NZsbbn9R,0.9035693808676922
2FsrKLHO91CaT8vvY85DD6,2RfncplwWMhuFY7nv2Dwwa,0.9113794172496813
2FsrKLHO91CaT8vvY85DD6,4qk8TRTKURbYICrtfAfDYr,0.9490232548778404
2FsrKLHO91CaT8vvY85DD6,0ecW7IqLKhzKTPeqLSNc0V,0.9879182995655065
2FsrKLHO91CaT8vvY85DD6,5wpyfg3L9LKs64kJF6XiHF,0.9887107830028862
2FsrKLHO91CaT8vvY85DD6,3I9tSAQMVzAuX8QQUBG9rP,0.9984849252580905
2FsrKLHO91CaT8vvY85DD6,1JnHZagDFvrT2lx4QovSOo,1.0047632524386387
2FsrKLHO91CaT8vvY85DD6,1W0voVAoKVow8VhpwWBHl5,1.0065894135569629
4WCywozuuSXGl3CscRHVD5,4v5aGcoGfj22PEr53NJOHN,0.8519368959554687
4WCywozuuSXGl3CscRHVD5,53mYqKfg39Sq3IpS2ywGfM,1.1034508219405177
4WCywozuuSXGl3CscRHVD5,3BOJ6BFjwbixqQM8J4hgYA,1.2705461801443256
4WCywozuuSXGl3CscRHVD5,5JvVChAko7GrMH290fetnq,1.3532925946928671
4WCywozuuSXGl3CscRHVD5,3jl1I9gvCXo5V9hu4hYGLY,1.5143148124059387
4WCywozuuSXGl3CscRHVD5,6IVXCSCTZOqUDDuGA5vUwH,1.5201729251046618
4WCywozuuSXGl3CscRHVD5,34nDmYlzfXjBoiWl9XoCUU,1.5216208193217666
4WCywozuuSXGl3CscRHVD5,4W5HbjNHMU7uw27oZwLaVK,1.5489205407500473
4WCywozuuSXGl3CscRHVD5,2RSTIsdhq5vqqr2GcTFdGM,1.5591878799849497
4WCywozuuSXGl3CscRHVD5,0OwEskGUqCMgkSY7JkJS7x,1.5622472242319312
5XCtjnFMKtCT7ycDwV3Kdh,3rXgbjVLoaHEUq82dbCP0f,0.6896468001678985
5XCtjnFMKtCT7ycDwV3Kdh,71wciO7F9Ro8J4vq1lvfru,0.774179558665089
5XCtjnFMKtCT7ycDwV3Kdh,2YA5IfmQwAmVzHRP3SVnEd,0.8894825065009837
5XCtjnFMKtCT7ycDwV3Kdh,2aX1zws7bVjTLbS1cYZK2W,0.9034737716009829
5XCtjnFMKtCT7ycDwV3Kdh,0OwEskGUqCMgkSY7JkJS7x,0.9255789487579649
5XCtjnFMKtCT7ycDwV3Kdh,48RAUxA6ZlqIuM4pON0GVC,1.0110341122892168
5XCtjnFMKtCT7ycDwV3Kdh,6d1AuFOL1YBzLcruapNbZV,1.0357128440295422
5XCtjnFMKtCT7ycDwV3Kdh,3NM41PVVUr0ceootKAtkAj,1.036815717333709
5XCtjnFMKtCT7ycDwV3Kdh,4dk12UlAYNruc5pwHEXncR,1.0552692235431584
5XCtjnFMKtCT7ycDwV3Kdh,3z8h0TU7ReDPLIbEnYhWZb,1.1313462613012906
46tzAJhfSl7teg1aXgg0fR,20DigsfRILHYKeMqbuDqtx,1.3392863645329351
46tzAJhfSl7teg1aXgg0fR,1pBHxJzQEiO0PG1BsN096D,1.4625962576250684
46tzAJhfSl7teg1aXgg0fR,2FwKDwQyIKK1YgLAg9wjnV,1.6761183054766962
46tzAJhfSl7teg1aXgg0fR,1ySelcGSPG6LJENqs8DQcb,1.7372804723472437
46tzAJhfSl7teg1aXgg0fR,7hlsLyn6X1kAuu25nEWqWS,1.7472864340772798
46tzAJhfSl7teg1aXgg0fR,0yxEJfni0yeoBgtPeiox24,1.8120280760017695
46tzAJhfSl7teg1aXgg0fR,3yuCAw61jqfyv2KzMoVdXA,1.8724650611993505
46tzAJhfSl7teg1aXgg0fR,1GG85UhrPWoftARxxYRcpn,1.895108368697656
46tzAJhfSl7teg1aXgg0fR,7KnFT8NQPRYtWOZXhWcGGZ,1.9743568420510105
46tzAJhfSl7teg1aXgg0fR,59eCy91JDrnpbPLF3T3L03,1.9935122804608438
5uCidx258qlEgnaj895hbm,4zLtcR5Hfm80fSqogapUEc,1.2853372459289987
5uCidx258qlEgnaj895hbm,2wo4Pc7bsWb5rJpG3pESt3,1.3852289285928785
5uCidx258qlEgnaj895hbm,52pQ8Rn1Gh7CPV4fyKVfrV,1.4559496785639778
5uCidx258qlEgnaj895hbm,1nYo1XPxlNiVNClaD1emxe,1.5942128011632863
5uCidx258qlEgnaj895hbm,40KeMi4kkYpAlT1VmjrxDb,1.6008397308064046
5uCidx258qlEgnaj895hbm,1HZQUXcbIXCNzNrVQabWal,1.6066044877579393
5uCidx258qlEgnaj895hbm,5lfWrciYtohtIMVDVZd0Rf,1.6359128182364235
5uCidx258qlEgnaj895hbm,6ecXZdsvfOQjjQcVNs4WkN,1.6575399756856621
5uCidx258qlEgnaj895hbm,4RvtzkdXmDOjbggr6pu9jR,1.6632455032894884
5uCidx258qlEgnaj895hbm,0BumkbMOjaGROaVCR2I4An,1.6658911621411931
3jumxkobNDisdRz27CxhOF,3cyN4BZhcTdZyTMcqaCDb3,0.778573203640434
3jumxkobNDisdRz27CxhOF,6k3lATWmM3Z9TJvrzDHfga,1.0121707217567797
3jumxkobNDisdRz27CxhOF,0pZPObivxzE2M6AnzezZWH,1.0153924251344675
3jumxkobNDisdRz27CxhOF,0eEXcw3JLVXcRxYrVYMy68,1.1102235605444875
3jumxkobNDisdRz27CxhOF,1YmavNGmgWmsLe6OZX6sJC,1.2299135558339465
3jumxkobNDisdRz27CxhOF,4vUCHtGTRH3kok4KZMZmWh,1.2534225366807294
3jumxkobNDisdRz27CxhOF,7HM1onSgR6op93vH7jNTV5,1.3089926314437008
3jumxkobNDisdRz27CxhOF,5yHfBb0WQaED1bdLugCuha,1.3621235971488455
3jumxkobNDisdRz27CxhOF,041Xf2o8yDouqWCDKqkGuC,1.370654864686493
3jumxkobNDisdRz27CxhOF,0u5mGjvZPRx3uFCwXKcXCP,1.4228755614140427
0bIgZAoXlENJVhVCt838Az,3lMGhsGVaAO37AKy5CV8HB,0.802595281697428
0bIgZAoXlENJVhVCt838Az,6MnzjGoeZyEzSml6Ohi0at,0.9843301488210495
0bIgZAoXlENJVhVCt838Az,19EZKr7Kf0XWCcspyWL8Rp,0.9922778601246592
0bIgZAoXlENJVhVCt838Az,3Z4ZuDrY684IFTBz2ze708,1.0589139613972887
0bIgZAoXlENJVhVCt838Az,249e2fS064cOwvWXm4JU28,1.0923611874701888
0bIgZAoXlENJVhVCt838Az,7bfocP7GYoLOutUYpTI8tx,1.0927471720582147
0bIgZAoXlENJVhVCt838Az,6Vb1LGvWPpP3aeuRcp098D,1.1509577929540293
0bIgZAoXlENJVhVCt838Az,7H4baUrCPnLkLOl6o9zkMO,1.1616274952267884
0bIgZAoXlENJVhVCt838Az,3XmIlmYem8DGp7aorcpBay,1.188040293855153
0bIgZAoXlENJVhVCt838Az,3bCp61o3h46Yvr0vgMJlaL,1.2151072711412898
0CxXdYtBAWzE58Inc2Zius,5Cpk0Hg5KSUmm0BdyIkVVW,0.8265640546555995
0CxXdYtBAWzE58Inc2Zius,1lZzyOyH9LSAWFjHKz9TT2,0.9456411261288644
0CxXdYtBAWzE58Inc2Zius,0Q5OUoMBRrbQIYb3TZnzQe,1.0843923734729146
0CxXdYtBAWzE58Inc2Zius,7sJbCv83nl2S94j8ZJz2WP,1.1263417675257585
0CxXdYtBAWzE58Inc2Zius,0uukw2CgEIApv4IWAjXrBC,1.1325202443061295
0CxXdYtBAWzE58Inc2Zius,43ueXmQ6KjITk0hKKOPOLA,1.1464897718857001
0CxXdYtBAWzE58Inc2Zius,2wqiV4aIMOosmQMqnLxXbA,1.1799608275325262
0CxXdYtBAWzE58Inc2Zius,2gEh41XUP3vI7kAjlEO92n,1.1978183098996311
0CxXdYtBAWzE58Inc2Zius,68JioFRhzBZrpbON6KI6Zq,1.3212737396817809
0CxXdYtBAWzE58Inc2Zius,10t0BfHUkq9iKZzOj4LY3c,1.3305600796425798
6YVryeURxyAG4Bb588lTmR,4cF6Pk7YaRtv91mSZa4nVi,1.4249993377417547
6YVryeURxyAG4Bb588lTmR,1EsgUWQsxGBwnu3NATDjiU,1.506260159411717
6YVryeURxyAG4Bb588lTmR,4CuXyFGGXns7BvvYYCaWA0,1.5228578896401679
6YVryeURxyAG4Bb588lTmR,4x9l3fDzgvzg9t7Csbufrn,1.6824500330763592
6YVryeURxyAG4Bb588lTmR,4pXyK9GW7fuT645U0DLYYF,1.6894703270466964
6YVryeURxyAG4Bb588lTmR,4uFXfaNBVQw1MJ9K19P8QS,1.7195690126033059
6YVryeURxyAG4Bb588lTmR,1mRgy0qWyAc8EpFeeRNnRK,1.7873766850267934
6YVryeURxyAG4Bb588lTmR,39AXhTryJQRkwdqAFbajmp,1.8196137103429744
6YVryeURxyAG4Bb588lTmR,1nPfUuE8XYrnsaToI81yyO,1.8776532091115337
6YVryeURxyAG4Bb588lTmR,4fPBB44eDH71YohayI4eKV,1.8980675130701161
5T2iobXGYEI9TdrJ4Du6QN,4yDFEglGw2yP0jvrqCTgfM,1.2107297608986427
5T2iobXGYEI9TdrJ4Du6QN,1VtPE3YY4Uc9KCaQATcVJh,1.248870811645437
5T2iobXGYEI9TdrJ4Du6QN,5FccwnVjJbLIF2azQjCwyP,1.2542054106168086
5T2iobXGYEI9TdrJ4Du6QN,6ekLy1OsrYdLMbcqc0KZ8G,1.268118087202937
5T2iobXGYEI9TdrJ4Du6QN,6ZRwn9JqdtRQyrHT0tKIgy,1.336670649343673
5T2iobXGYEI9TdrJ4Du6QN,6ry0z6yotxEiqsxoKHpYBO,1.3461520222957077
5T2iobXGYEI9TdrJ4Du6QN,4uFXfaNBVQw1MJ9K19P8QS,1.3704187511619692
5T2iobXGYEI9TdrJ4Du6QN,7LihoPgTF9hnxMh9lRTNkA,1.3851445287380098
5T2iobXGYEI9TdrJ4Du6QN,1VEO3XUn4W2dCCB0mCA5DG,1.4059159096095573
5T2iobXGYEI9TdrJ4Du6QN,3J5rWdL10nRlpP0TVXjhea,1.4197745384117653
0ecW7IqLKhzKTPeqLSNc0V,5wpyfg3L9LKs64kJF6XiHF,0.7582790653290399
0ecW7IqLKhzKTPeqLSNc0V,6tvlaXBPNl1bu7NZsbbn9R,0.8029763110483997
0ecW7IqLKhzKTPeqLSNc0V,0z5EJolHD3zV6W17tigtP7,0.9561552922517296
0ecW7IqLKhzKTPeqLSNc0V,2FsrKLHO91CaT8vvY85DD6,0.9879182995655065
0ecW7IqLKhzKTPeqLSNc0V,6SP4AXgL3VCUTmdm7axe9C,0.9902438596071194
0ecW7IqLKhzKTPeqLSNc0V,1JnHZagDFvrT2lx4QovSOo,1.0080257559056482
0ecW7IqLKhzKTPeqLSNc0V,12SNxpytVKahQ25nOTpbFX,1.2045173181024178
0ecW7IqLKhzKTPeqLSNc0V,0m4jVVZrsv0bLkAr1uM6UG,1.2053229587121255
0ecW7IqLKhzKTPeqLSNc0V,4nl4KMmBskw45osLZhlhk1,1.2149036222631004
0ecW7IqLKhzKTPeqLSNc0V,4lD40vyG33AcLiftmxQSC8,1.2279836994911046
3PDf2Xk2fHt3EexYRrVS0j,1tJPPxQ18pJL0MnfS4nQZn,0.68488283895492
3PDf2Xk2fHt3EexYRrVS0j,2YIzmw4FfKEL0LF6EtJCxW,0.7453885786248825
3PDf2Xk2fHt3EexYRrVS0j,7epvz4k2v8qrzYansbnKAd,0.9229434690716558
3PDf2Xk2fHt3EexYRrVS0j,17x6eyS7sD6uqWfc8yn1EY,1.0154876762978307
3PDf2Xk2fHt3EexYRrVS0j,3BpAJmSlThgkxBmzKzJHX0,1.021999842366902
3PDf2Xk2fHt3EexYRrVS0j,0SRPuTnr5QOKRoIxMvvlgK,1.0387989624743599
3PDf2Xk2fHt3EexYRrVS0j,3FX9rMHZqWTpv5ZTR7TkpB,1.0682855825165247
3PDf2Xk2fHt3EexYRrVS0j,6mVD1SfTvlFAPVi7txFL5H,1.0883201483256024
3PDf2Xk2fHt3EexYRrVS0j,6kls8cSlUyHW2BUOkDJIZE,1.1260763827461084
3PDf2Xk2fHt3EexYRrVS0j,57WO3RacxniSNSeHwcrkVZ,1.1472376893163339
6KaEnhXKR6vSqqWzQOyqxE,6Y6py4pHq2Toh3xEvBn233,0.7502214248368603
6KaEnhXKR6vSqqWzQOyqxE,3nX1nZJoLqfNSBq19RPGS4,0.815792191665352
6KaEnhXKR6vSqqWzQOyqxE,3g8DqSjSZyY1o30Y4xnWqs,0.8398451274386153
6KaEnhXKR6vSqqWzQOyqxE,3JVeCPb470mUJ7otD7i8j4,1.2133745026241491
6KaEnhXKR6vSqqWzQOyqxE,0nqOcrAskzhTDBvGpOxNrD,1.2303595898292679
6KaEnhXKR6vSqqWzQOyqxE,1WheyFsHUcBWQ33WNHcZdI,1.2384895877561932
6KaEnhXKR6vSqqWzQOyqxE,6TzYMmTsjyTIf1cSSuOcAw,1.2392631187317025
6KaEnhXKR6vSqqWzQOyqxE,7xxgqdJBcLG33vo6KXqV6S,1.2401243641773774
6KaEnhXKR6vSqqWzQOyqxE,0m3X8i1ggDvQOjtEL5CdV4,1.3080779908316966
6KaEnhXKR6vSqqWzQOyqxE,2xETIuyVWAjWXFSbqngBYq,1.3768333340489505
6S1BoAiJeJ96A09tHIwJuy,3J1BQ2acB1OHTQKeI1cWkR,0.5634185825475899
6S1BoAiJeJ96A09tHIwJuy,3O3lsUYkkrolKZEfH4pTQn,0.5928250495243531
6S1BoAiJeJ96A09tHIwJuy,3iTgKW7MWI0M0acyEoQXds,0.6479854460545239
6S1BoAiJeJ96A09tHIwJuy,2fyIS6GXMgUcSv4oejx63f,0.7073680240502899
6S1BoAiJeJ96A09tHIwJuy,2L1KDMlUbzuaXce1VvWV57,0.7910682813929981
6S1BoAiJeJ96A09tHIwJuy,0elH6ukMGLyCHJavHutEza,0.8407777954340978
6S1BoAiJeJ96A09tHIwJuy,5x4vgABKiGp4Vg7ZyFRxhn,0.8454705847723855
6S1BoAiJeJ96A09tHIwJuy,1aOxOpH4AkGAd8OMrKjyNY,0.8780053580831437
6S1BoAiJeJ96A09tHIwJuy,1I2MEjnS9c4OPMnKWbIuYs,0.9036505662874464
6S1BoAiJeJ96A09tHIwJuy,3lMGhsGVaAO37AKy5CV8HB,0.9156815285221708
3DY5GOnDQXNKP0fNXcnW2U,5m4FuvMmLOnq7Gpt0ckAcf,0.9982755508569124
3DY5GOnDQXNKP0fNXcnW2U,2n0U2OG5d6TuW5mKx7YrC0,1.4595245790333096
3DY5GOnDQXNKP0fNXcnW2U,68McOe4uvV9uJlQVu65duX,1.4620587800262153
3DY5GOnDQXNKP0fNXcnW2U,0ud4VAfTH1AOb904kWOTzJ,1.481736693192962
3DY5GOnDQXNKP0fNXcnW2U,5ncofiedz9Ej6YkvvXMKVn,1.6430386709647353
3DY5GOnDQXNKP0fNXcnW2U,3hp6JfJIxkv3sl7E6p7DQj,1.6641832714279352
3DY5GOnDQXNKP0fNXcnW2U,2oEXzg6PzHXQ3Mt6Ar4fYt,1.6741447354216774
3DY5GOnDQXNKP0fNXcnW2U,2kx5sQgmjYug0GiDh1a4sU,1.7506221888492273
3DY5GOnDQXNKP0fNXcnW2U,2ueWCiQRtVdj5pSs87CDla,1.812226688438824
3DY5GOnDQXNKP0fNXcnW2U,1zx6GSqLYI2ynzAHnPRKBR,1.8640889245225938
6bWSlgj7GqYXsorKurrxTJ,68xC2JQSgK9L43IkW7UvNT,1.0963380749874057
6bWSlgj7GqYXsorKurrxTJ,4oowGH3baaetOYlEVUglhU,1.13803637319926
6bWSlgj7GqYXsorKurrxTJ,1D6sRVegPTdQQj9ScxngtR,1.1592351332787516
6bWSlgj7GqYXsorKurrxTJ,0aKb5riywYeDam6ukd62RO,1.1706000650080928
6bWSlgj7GqYXsorKurrxTJ,4I0edgb5lVFVllfB7igc91,1.197032755353114
6bWSlgj7GqYXsorKurrxTJ,1WfaiA60QqqYIYMmd1IwLR,1.21660050896257
6bWSlgj7GqYXsorKurrxTJ,6onFDeU84yMtLmYfTlHkoI,1.2612099321229495
6bWSlgj7GqYXsorKurrxTJ,1jt4hk4d51pZ8DZl8yMMmG,1.2737067604088537
6bWSlgj7GqYXsorKurrxTJ,1WqKCdqgzthIO1MpBq76Bv,1.3284952093089657
6bWSlgj7GqYXsorKurrxTJ,36nYdygI2cwOtjBqGxhHzY,1.3425933010861884
19EZKr7Kf0XWCcspyWL8Rp,3QqImhDBzvbGF5Ckj5VnT2,0.8741929893533654
19EZKr7Kf0XWCcspyWL8Rp,09obJ3DFME6R9uIZYPZxhG,0.9566878039648176
19EZKr7Kf0XWCcspyWL8Rp,0bIgZAoXlENJVhVCt838Az,0.9922778601246592
19EZKr7Kf0XWCcspyWL8Rp,5QvW5lK6mkfTegpAK9JOO7,1.0701997557202956
19EZKr7Kf0XWCcspyWL8Rp,6vpyvi70JNqAJa9IqNx8qy,1.1329248073282503
19EZKr7Kf0XWCcspyWL8Rp,50OIaK14Pr6ZwCmFfHZ0wB,1.1610818583668345
19EZKr7Kf0XWCcspyWL8Rp,3bCp61o3h46Yvr0vgMJlaL,1.18562516555966
19EZKr7Kf0XWCcspyWL8Rp,6Q4RJGUzVQym5RL5iq6627,1.1866445566498398
19EZKr7Kf0XWCcspyWL8Rp,1c2vVx6knoiZHXbJJ9Mk8L,1.230719184266839
19EZKr7Kf0XWCcspyWL8Rp,0ZeKQudydO2uQJpfr6gNC8,1.252635631000973
20Laa9YU8RVHZ9iGKMeM7w,6k3lATWmM3Z9TJvrzDHfga,1.3172818313772023
20Laa9YU8RVHZ9iGKMeM7w,3IgXAJImaSIZ8pBF1z1Ucv,1.3846513719984248
20Laa9YU8RVHZ9iGKMeM7w,4vUCHtGTRH3kok4KZMZmWh,1.4072533695387888
20Laa9YU8RVHZ9iGKMeM7w,3jumxkobNDisdRz27CxhOF,1.445733329627563
20Laa9YU8RVHZ9iGKMeM7w,19EZKr7Kf0XWCcspyWL8Rp,1.5779438762657476
20Laa9YU8RVHZ9iGKMeM7w,2sKchp54KqDz6jPofHZ66t,1.610437654085565
20Laa9YU8RVHZ9iGKMeM7w,3cyN4BZhcTdZyTMcqaCDb3,1.626004603115011
20Laa9YU8RVHZ9iGKMeM7w,0u5mGjvZPRx3uFCwXKcXCP,1.6292501631770793
20Laa9YU8RVHZ9iGKMeM7w,45FR60U6pxNbiQkA8BOhBD,1.6304155749511176
20Laa9YU8RVHZ9iGKMeM7w,74w5vyOFuin2Zu4GsP8paJ,1.660127765885663
4lD40vyG33AcLiftmxQSC8,0z5EJolHD3zV6W17tigtP7,0.6932966789228793
4lD40vyG33AcLiftmxQSC8,2SLwPaJTN6B6zwcIwsuQAK,0.7395151928455208
4lD40vyG33AcLiftmxQSC8,4nl4KMmBskw45osLZhlhk1,0.8577660402442069
4lD40vyG33AcLiftmxQSC8,5wpyfg3L9LKs64kJF6XiHF,0.9252822763505895
4lD40vyG33AcLiftmxQSC8,6pT0lZ3QhOWzjXWqO7aqVq,1.0487384878998125
4lD40vyG33AcLiftmxQSC8,0T5iIrXA4p5GsubkhuBIKV,1.179551048260561
4lD40vyG33AcLiftmxQSC8,6DXazvidTcZ7Nx78cm5hZE,1.208221337694529
4lD40vyG33AcLiftmxQSC8,0ecW7IqLKhzKTPeqLSNc0V,1.2279836994911046
4lD40vyG33AcLiftmxQSC8,12SNxpytVKahQ25nOTpbFX,1.2305869264230933
4lD40vyG33AcLiftmxQSC8,2FsrKLHO91CaT8vvY85DD6,1.2444108458084748
6XTKYGyydndSUV3OHHDwZU,1vViUoB7DpXUX10isPj7YL,1.4836863981057216
6XTKYGyydndSUV3OHHDwZU,1wb6pRSvhekFyXO5j3fXol,1.561256986972627
6XTKYGyydndSUV3OHHDwZU,5wellG7pgco2QlMjVuvSsf,1.5620909907645741
6XTKYGyydndSUV3OHHDwZU,7zxpdh3EqMq2JCkOI0EqcG,1.6933290795210763
6XTKYGyydndSUV3OHHDwZU,36nYdygI2cwOtjBqGxhHzY,1.822420212214099
6XTKYGyydndSUV3OHHDwZU,6T1t7fOMfVuVpWSe2Z4Pp9,1.861269056372818
6XTKYGyydndSUV3OHHDwZU,7zO8xgWtAGQpAKEG9n48Yb,1.8643491690557716
6XTKYGyydndSUV3OHHDwZU,2o4brM0aHognKkRI8QtLEg,1.8812369173603323
6XTKYGyydndSUV3OHHDwZU,5CIuhTu5H6req55w8yBejp,1.9138915387285926
6XTKYGyydndSUV3OHHDwZU,4oowGH3baaetOYlEVUglhU,2.1111850503427734
21ox43RiEnhW9T398iSgAN,4zUHDRC4EJNcLag5uluuNE,1.0326910923313979
21ox43RiEnhW9T398iSgAN,1zx6GSqLYI2ynzAHnPRKBR,1.2255978943199997
21ox43RiEnhW9T398iSgAN,7GkHIsnziYgk6j1lx2TK6H,1.2534450069342096
21ox43RiEnhW9T398iSgAN,2KZXF3p2o5oNl4dYme5zhH,1.371361834901596
21ox43RiEnhW9T398iSgAN,2n0U2OG5d6TuW5mKx7YrC0,1.386140459562173
21ox43RiEnhW9T398iSgAN,75ArcxyPjMr0sleM5WXLn7,1.408209907637844
21ox43RiEnhW9T398iSgAN,3fnL2JDgy4QD04araOl0eY,1.4450281541388266
21ox43RiEnhW9T398iSgAN,7lu6YLrlB1MU7HW8DJSuPa,1.4681355590481024
21ox43RiEnhW9T398iSgAN,42OUnOczRtCTyPTqvBsHzW,1.4846713499028819
21ox43RiEnhW9T398iSgAN,4ZXZKLCXALRAD9xWkPd5Yr,1.4931605946826203
2QxzpDE6uQPy17dhBTQgpu,3IKUuAJghlmAkjBKbXaGjS,0.6257907777523704
2QxzpDE6uQPy17dhBTQgpu,1GxXPNNkNymHPn6yTgWPxu,0.7442322112999264
2QxzpDE6uQPy17dhBTQgpu,4CVOUJki8YUWol3jhLphgs,0.7532323428939918
2QxzpDE6uQPy17dhBTQgpu,2FXckoxZCBeWvg3IaFd1EW,0.7886935942405876
2QxzpDE6uQPy17dhBTQgpu,5ynCNwoLOOHoJU4N40m97V,0.8553921232432018
2QxzpDE6uQPy17dhBTQgpu,37SgiDGQSiUTQXZo2Ml888,0.8701092083695852
2QxzpDE6uQPy17dhBTQgpu,6yQAwPJmFn0OBTKWOnQFfv,0.8952984433336958
2QxzpDE6uQPy17dhBTQgpu,7t1UzsIKRBXXVdwJRIaDxn,0.9220641354659906
2QxzpDE6uQPy17dhBTQgpu,3hzxBcOpm0wmr6YDD1EPq5,0.9424825674655151
2QxzpDE6uQPy17dhBTQgpu,2zYzyRzz6pRmhPzyfMEC8s,0.9862693638725395
4MpYL0NBKcz41y2TW3UCW8,1yTZAe3F0X7BUpxbj8iMwH,0.5391452392795175
4MpYL0NBKcz41y2TW3UCW8,7LihoPgTF9hnxMh9lRTNkA,1.0206027846477894
4MpYL0NBKcz41y2TW3UCW8,37nppJzOgypngu1szTRD06,1.170425953137396
4MpYL0NBKcz41y2TW3UCW8,5H9S7RaxxSAgY77Mb0CSPz,1.1971033190468143
4MpYL0NBKcz41y2TW3UCW8,6ZRwn9JqdtRQyrHT0tKIgy,1.2091926855091861
4MpYL0NBKcz41y2TW3UCW8,7EKpyfbmopbXMaMLW9QEd3,1.2345064448656156
4MpYL0NBKcz41y2TW3UCW8,1XLe4yeCt8cFemyxnICcZN,1.2911178111213821
4MpYL0NBKcz41y2TW3UCW8,1P7Ik6OX9dV3BnXZi9L4cI,1.303077879106162
4MpYL0NBKcz41y2TW3UCW8,6vuF3LYipww2DRhRJ9s7CH,1.3270287114395762
4MpYL0NBKcz41y2TW3UCW8,6TzYMmTsjyTIf1cSSuOcAw,1.374289759617801
2awoFGsXQwiU935BUlM6Wf,2BZe9fLjce5JlnrVmwYzWl,3.0822409187461846
2awoFGsXQwiU935BUlM6Wf,31tqdc6hO91Byv18aRLhNE,3.283697305101443
2awoFGsXQwiU935BUlM6Wf,6ohXK9Y4ioab0VjQp20rYa,3.3773562248615807
2awoFGsXQwiU935BUlM6Wf,6cxmYx2CDHRkaTZHVgsykX,3.5262920545749266
2awoFGsXQwiU935BUlM6Wf,15dNGPxvzuCvTBzFGmveZi,3.6049061484890395
2awoFGsXQwiU935BUlM6Wf,2jL3urmIC1PepoT93Mskmm,3.727162096641067
2awoFGsXQwiU935BUlM6Wf,3ujWh42s95AIqhM6GXoVjn,3.779285062488326
2awoFGsXQwiU935BUlM6Wf,16V5thzOT3WBnbmwkRe8jB,3.7899372727637113
2awoFGsXQwiU935BUlM6Wf,626KJ8oTkNs9znR1nDqq1k,3.852974069244509
2awoFGsXQwiU935BUlM6Wf,5xo01RlIlMgQMMI19rY8Xb,3.8701983476214323
5Dj4dtQ0HXxvKRdzqELup0,2aYW6K8f6ESAqPINJHfmGn,1.2686291627505464
5Dj4dtQ0HXxvKRdzqELup0,626KJ8oTkNs9znR1nDqq1k,1.3605714921957912
5Dj4dtQ0HXxvKRdzqELup0,2wo4Pc7bsWb5rJpG3pESt3,1.4312750799886833
5Dj4dtQ0HXxvKRdzqELup0,3TeGnh9c51Du7BHtRkOeS6,1.4383090837658195
5Dj4dtQ0HXxvKRdzqELup0,59D6U4erIjSUoUrXM82edy,1.4747556542549192
5Dj4dtQ0HXxvKRdzqELup0,7lozyelzonSChypzS5dPPb,1.6590698418488428
5Dj4dtQ0HXxvKRdzqELup0,1HrKC8HlC5gTsLVYYbVVop,1.6727955974759514
5Dj4dtQ0HXxvKRdzqELup0,3joSo5cx7WLe18uEEdu3Oj,1.8628189083137532
5Dj4dtQ0HXxvKRdzqELup0,3pmYp7wfaDfr5OwHoxAR9K,1.8900302421810689
5Dj4dtQ0HXxvKRdzqELup0,42r0LZ9g8gq4afWztSw54k,2.0419695067938055
163l4xzEe3JAfPbv0kYNQo,52aj920Nd9VlhlehQVsfwS,0.9352605778791876
163l4xzEe3JAfPbv0kYNQo,6IlQmJorOrT6eWZFqUzzES,0.9416115490976117
163l4xzEe3JAfPbv0kYNQo,6RNDeRnWsRMjPdNVgupZCs,0.9761463278982568
163l4xzEe3JAfPbv0kYNQo,5hZctl6Xi8xaJG8LgIZWDy,1.0684230484486108
163l4xzEe3JAfPbv0kYNQo,74w5vyOFuin2Zu4GsP8paJ,1.146698635784811
163l4xzEe3JAfPbv0kYNQo,1VAhH6Qrtod1cKtGjHcUtB,1.1628935335214081
163l4xzEe3JAfPbv0kYNQo,6k3lATWmM3Z9TJvrzDHfga,1.165865682777073
163l4xzEe3JAfPbv0kYNQo,6cARFkZxx2JR3JlvDzeLZc,1.2034401106082335
163l4xzEe3JAfPbv0kYNQo,3ctDo5gZFNOiMjqa0XDBif,1.2182678717340039
163l4xzEe3JAfPbv0kYNQo,006Bi4j0yzwOc3y69GOlYV,1.2439294622624817
2SoHnESLR60erIgFi8zFFi,79uspTY5GVI0EOBsnWAjxx,1.025981432130569
2SoHnESLR60erIgFi8zFFi,3ujzd7pcdAhILCnS3oGbaU,1.3446876781549992
2SoHnESLR60erIgFi8zFFi,0KpTFH1SzexN8SGc0GPILC,1.5056106461394014
2SoHnESLR60erIgFi8zFFi,45eEjffcfZfXgILWoY2tZw,1.54603823704591
2SoHnESLR60erIgFi8zFFi,0zmrF4iO4zaaJKQ06Yb6GO,1.7190964608826653
2SoHnESLR60erIgFi8zFFi,5XiVCvi3bXYcFCRpRxk0p2,1.8050301208656838
2SoHnESLR60erIgFi8zFFi,78rEtQ4KFBidvcEEiFomDT,1.8067464648609608
2SoHnESLR60erIgFi8zFFi,1hP0hDL5VREpThmMOa1pta,1.847229566289852
2SoHnESLR60erIgFi8zFFi,22sno2Y45Ov3ixSl6fN9i8,1.9436152892783007
2SoHnESLR60erIgFi8zFFi,2Oghfvs0YkMNadU5c31GpJ,2.0067141613304016
2rbbJ2xZFJa2DriR5h0TBS,7f9I5WdyXm5q1XqnSYgQZb,1.538207066448075
2rbbJ2xZFJa2DriR5h0TBS,6hu4zxEVl8vhbZwDlqNqK6,1.5986936814082573
2rbbJ2xZFJa2DriR5h0TBS,2W6MQ9T5sIIN7b6i0IIjfu,1.737669964659961
2rbbJ2xZFJa2DriR5h0TBS,6nsdMJW0IU4pR3pEmo0LAI,1.8329828468910467
2rbbJ2xZFJa2DriR5h0TBS,3BK7JmX1P4GSGx5mdG3aiL,1.8980508946110177
2rbbJ2xZFJa2DriR5h0TBS,6zQyEMgmMkHXaNdLEiu7fW,1.9071513545567078
2rbbJ2xZFJa2DriR5h0TBS,33LleOXlYSGmHinXyHWU7g,1.9117614333336992
2rbbJ2xZFJa2DriR5h0TBS,7s4XK58jwdioXsBdXianI8,1.925883458655188
2rbbJ2xZFJa2DriR5h0TBS,4wOqh7UiXe4jfbotAizdTu,1.930269161510106
2rbbJ2xZFJa2DriR5h0TBS,10aDiDITMu33TQNqVR35iM,2.1908605055887227
4rS66iKCLms3yumMYACKwJ,0jwIgZRcbW2VjYuCbhKnX5,0.8456419325611797
4rS66iKCLms3yumMYACKwJ,7b1XzNeXhfwGNJWE6gHFRz,1.0036156977431663
4rS66iKCLms3yumMYACKwJ,2aNCrdzCbgFIkxs0qul8dT,1.0133739501280272
4rS66iKCLms3yumMYACKwJ,2sASx6Cz5mYm0xPrKiD8gZ,1.0912166810276573
4rS66iKCLms3yumMYACKwJ,02xRKYZ1jY4B6utPa59qSf,1.0930026973342806
4rS66iKCLms3yumMYACKwJ,6ecXZdsvfOQjjQcVNs4WkN,1.10933886758058
4rS66iKCLms3yumMYACKwJ,4zLtcR5Hfm80fSqogapUEc,1.1277588771926736
4rS66iKCLms3yumMYACKwJ,3XmIlmYem8DGp7aorcpBay,1.254678482174989
4rS66iKCLms3yumMYACKwJ,2AGvjBQyW8RMHIlUQ30ifd,1.2852493086006371
4rS66iKCLms3yumMYACKwJ,50OIaK14Pr6ZwCmFfHZ0wB,1.3081321496221985
2auS62fIl7yMkBkfQy0N2F,3XKjZcgNYtvCmBpE1nX7Wn,1.1904342268189936
2auS62fIl7yMkBkfQy0N2F,0vIkYCzLD9QH7w8m1dC8Mf,1.3236223083239993
2auS62fIl7yMkBkfQy0N2F,50etdpjrySctCaS4yw0a72,1.3236223083239993
2auS62fIl7yMkBkfQy0N2F,513qzL4sJwVPpzdc7AXZvH,1.331883660365345
2auS62fIl7yMkBkfQy0N2F,4P4mcw4wHDMysBF031DDZT,1.511773134017732
2auS62fIl7yMkBkfQy0N2F,0DC7Zs2qvAbNK1owWQ4mlL,1.5475689676582758
2auS62fIl7yMkBkfQy0N2F,5ncofiedz9Ej6YkvvXMKVn,1.598836061727822
2auS62fIl7yMkBkfQy0N2F,3v8CoiN19zAzkTG0E7TBTN,1.6195362253476375
2auS62fIl7yMkBkfQy0N2F,3jl1I9gvCXo5V9hu4hYGLY,1.6230403742991446
2auS62fIl7yMkBkfQy0N2F,2ueWCiQRtVdj5pSs87CDla,1.627925903925706
6XDdcBC0hQkRcQfYovxd4c,1mRgy0qWyAc8EpFeeRNnRK,0.6147692984689731
6XDdcBC0hQkRcQfYovxd4c,2aLXJJ2zOsBJlGTxiG0yMi,0.9061674461845953
6XDdcBC0hQkRcQfYovxd4c,3xLtrBuptxKDFww9lND5Dc,0.9262850238517447
6XDdcBC0hQkRcQfYovxd4c,1Zd1Y1UeG8PB5fDSgKQaH6,0.9666608911086856
6XDdcBC0hQkRcQfYovxd4c,4x9l3fDzgvzg9t7Csbufrn,1.0595729644565883
6XDdcBC0hQkRcQfYovxd4c,2xETIuyVWAjWXFSbqngBYq,1.1327618066692693
6XDdcBC0hQkRcQfYovxd4c,4TCMm1N1zoNmRYaLbYwB2k,1.1886366984188041
6XDdcBC0hQkRcQfYovxd4c,6TzYMmTsjyTIf1cSSuOcAw,1.2124131904762177
6XDdcBC0hQkRcQfYovxd4c,1nBDeSiqD2z1ofv9hEttfi,1.2166864998770577
6XDdcBC0hQkRcQfYovxd4c,7EKpyfbmopbXMaMLW9QEd3,1.2333195383603113
5H9S7RaxxSAgY77Mb0CSPz,7LihoPgTF9hnxMh9lRTNkA,0.8681764513189151
5H9S7RaxxSAgY77Mb0CSPz,1P7Ik6OX9dV3BnXZi9L4cI,1.0719935762588806
5H9S7RaxxSAgY77Mb0CSPz,4j6P3mLiZRfNPGFIQlq9vX,1.1847971754318407
5H9S7RaxxSAgY77Mb0CSPz,4MpYL0NBKcz41y2TW3UCW8,1.1971033190468143
5H9S7RaxxSAgY77Mb0CSPz,1yTZAe3F0X7BUpxbj8iMwH,1.2874102768928912
5H9S7RaxxSAgY77Mb0CSPz,3eBMWAbupDk0WKevWvrqa4,1.2918484053737385
5H9S7RaxxSAgY77Mb0CSPz,6Y6py4pHq2Toh3xEvBn233,1.4531888544543528
5H9S7RaxxSAgY77Mb0CSPz,6ekLy1OsrYdLMbcqc0KZ8G,1.533716537973133
5H9S7RaxxSAgY77Mb0CSPz,3nX1nZJoLqfNSBq19RPGS4,1.5504456278846015
5H9S7RaxxSAgY77Mb0CSPz,6ZRwn9JqdtRQyrHT0tKIgy,1.5535833696980006
37nppJzOgypngu1szTRD06,6ZRwn9JqdtRQyrHT0tKIgy,0.5922437632952137
37nppJzOgypngu1szTRD06,1XLe4yeCt8cFemyxnICcZN,0.6748414710352829
37nppJzOgypngu1szTRD06,3dRjPo78q6rb7vaRElKNRl,0.9519327439517935
37nppJzOgypngu1szTRD06,1VEO3XUn4W2dCCB0mCA5DG,1.004230665092544
37nppJzOgypngu1szTRD06,1yTZAe3F0X7BUpxbj8iMwH,1.1122480299052646
37nppJzOgypngu1szTRD06,6ekLy1OsrYdLMbcqc0KZ8G,1.1180920944818407
37nppJzOgypngu1szTRD06,4MpYL0NBKcz41y2TW3UCW8,1.170425953137396
37nppJzOgypngu1szTRD06,1nBDeSiqD2z1ofv9hEttfi,1.1881451963484828
37nppJzOgypngu1szTRD06,7LihoPgTF9hnxMh9lRTNkA,1.3543543511175402
37nppJzOgypngu1szTRD06,5T2iobXGYEI9TdrJ4Du6QN,1.4930252259009253
0apq2ENNMlYg9Os1osfJ3Y,6cARFkZxx2JR3JlvDzeLZc,1.0635732262991635
0apq2ENNMlYg9Os1osfJ3Y,0DHoB41NjhjrpUkeTcN5z1,1.195095843930392
0apq2ENNMlYg9Os1osfJ3Y,3SSp8LMvyCmm0rlwpxD4LQ,1.2188568063102294
0apq2ENNMlYg9Os1osfJ3Y,2dHCfHPFdccesaPhiisAed,1.2394056565253748
0apq2ENNMlYg9Os1osfJ3Y,3HKENICtez4Mz0tnUqpFIP,1.2482650872734244
0apq2ENNMlYg9Os1osfJ3Y,4fhLBWSTK9UeGiDQST7bxP,1.272969543363154
0apq2ENNMlYg9Os1osfJ3Y,7m0ZqFw6SHoAvtEccpMOs3,1.2751719074179693
0apq2ENNMlYg9Os1osfJ3Y,006Bi4j0yzwOc3y69GOlYV,1.3219318756762994
0apq2ENNMlYg9Os1osfJ3Y,163l4xzEe3JAfPbv0kYNQo,1.3220192028007858
0apq2ENNMlYg9Os1osfJ3Y,52aj920Nd9VlhlehQVsfwS,1.3383675014326069
0lxxm52IjT7k182jL1JdK9,4TCMm1N1zoNmRYaLbYwB2k,1.2782524241708102
0lxxm52IjT7k182jL1JdK9,7EKpyfbmopbXMaMLW9QEd3,1.318036467065407
0lxxm52IjT7k182jL1JdK9,6P05Vvy9h2eFyWSu98BGWk,1.3629536953379373
0lxxm52IjT7k182jL1JdK9,1P7Ik6OX9dV3BnXZi9L4cI,1.401780425035157
0lxxm52IjT7k182jL1JdK9,6TzYMmTsjyTIf1cSSuOcAw,1.4353318693929304
0lxxm52IjT7k182jL1JdK9,1Zd1Y1UeG8PB5fDSgKQaH6,1.4807998839797671
0lxxm52IjT7k182jL1JdK9,1yTZAe3F0X7BUpxbj8iMwH,1.5647609621641791
0lxxm52IjT7k182jL1JdK9,6XDdcBC0hQkRcQfYovxd4c,1.5793365060415079
0lxxm52IjT7k182jL1JdK9,6DBqULxLjq66GX2dim7opR,1.6024953832379627
0lxxm52IjT7k182jL1JdK9,2ifYUfvMNbXQDPJEyk68rP,1.6578592480232723
2oya2LiaY0kG9ULocwIoaw,54SQet8YMttOgTqDNGcGpe,0.841605586925437
2oya2LiaY0kG9ULocwIoaw,3l1LcOxoXu7YfFKFkSSBeI,0.8518484221125021
2oya2LiaY0kG9ULocwIoaw,2C6fzRAlaWOhKCOsn5a0Nk,0.8804460319367197
2oya2LiaY0kG9ULocwIoaw,2tUChcOi3ktjFzMYu2w5QL,0.88612722141383
2oya2LiaY0kG9ULocwIoaw,3z4XtoZVf8AOoR18Lnp7e1,0.8994167151068789
2oya2LiaY0kG9ULocwIoaw,6vpyvi70JNqAJa9IqNx8qy,0.9280046552154207
2oya2LiaY0kG9ULocwIoaw,2sKchp54KqDz6jPofHZ66t,0.9480879520903353
2oya2LiaY0kG9ULocwIoaw,7AeKwxmlwwLFOF8D7M3Anb,0.9773797851014195
2oya2LiaY0kG9ULocwIoaw,0jve8lleettzqGktJTB9e2,0.9835279674658439
2oya2LiaY0kG9ULocwIoaw,36EVGjdLX0x5SlM1GaL6f0,0.9852545705022008
2tUChcOi3ktjFzMYu2w5QL,2oya2LiaY0kG9ULocwIoaw,0.88612722141383
2tUChcOi3ktjFzMYu2w5QL,6HrYi2gwKxrwEtZX3Orype,1.1489980127418011
2tUChcOi3ktjFzMYu2w5QL,6vpyvi70JNqAJa9IqNx8qy,1.2165801498220592
2tUChcOi3ktjFzMYu2w5QL,2sKchp54KqDz6jPofHZ66t,1.277520023632815
2tUChcOi3ktjFzMYu2w5QL,5A7HJmgaZU0buq4hpuqZ4Q,1.31680784068923
2tUChcOi3ktjFzMYu2w5QL,5xde0qUR1uUmH8ZVOqoPRo,1.3182256635567613
2tUChcOi3ktjFzMYu2w5QL,4HyxYaIV98fUKeApfxHEHv,1.3270439819973403
2tUChcOi3ktjFzMYu2w5QL,0nfQH9hmgwtQ4EK0945Zdy,1.3549633268928223
2tUChcOi3ktjFzMYu2w5QL,3z4XtoZVf8AOoR18Lnp7e1,1.3706833309814597
2tUChcOi3ktjFzMYu2w5QL,26op06vMM21RB0hej3b0lG,1.3707644668601746
09obJ3DFME6R9uIZYPZxhG,0ICnFVjsMEQDIXKVKV9KZF,0.6515652690188469
09obJ3DFME6R9uIZYPZxhG,0ZeKQudydO2uQJpfr6gNC8,0.7991463805445469
09obJ3DFME6R9uIZYPZxhG,50OIaK14Pr6ZwCmFfHZ0wB,0.8507539591784531
09obJ3DFME6R9uIZYPZxhG,0gKuF5cAyTLUflACTah7yC,0.9287238339354932
09obJ3DFME6R9uIZYPZxhG,19EZKr7Kf0XWCcspyWL8Rp,0.9566878039648176
09obJ3DFME6R9uIZYPZxhG,3bCp61o3h46Yvr0vgMJlaL,0.9813677525067318
09obJ3DFME6R9uIZYPZxhG,1mhhgEfuEGW0EwB6kNuzkk,1.038422861244889
09obJ3DFME6R9uIZYPZxhG,5QvW5lK6mkfTegpAK9JOO7,1.0487540706094771
09obJ3DFME6R9uIZYPZxhG,1c2vVx6knoiZHXbJJ9Mk8L,1.0933793626557071
09obJ3DFME6R9uIZYPZxhG,2Uxnz7OTTYtgGrwjVcYRlG,1.0975029695864054
018vKll25kQiBjJ9FVOhSV,04tv9ewp0KMC5ijweE1GmS,1.4176626995210557
018vKll25kQiBjJ9FVOhSV,5wellG7pgco2QlMjVuvSsf,1.467174230127726
018vKll25kQiBjJ9FVOhSV,4FqirD1KsDyNukowu8TWhX,1.4850689540098412
018vKll25kQiBjJ9FVOhSV,7KnFT8NQPRYtWOZXhWcGGZ,1.485919625030064
018vKll25kQiBjJ9FVOhSV,1eGdw1BbGAYaXbgPcVIkGm,1.539695098141099
018vKll25kQiBjJ9FVOhSV,2RJireEKZhGveSCh1cDZjN,1.6241748955948188
018vKll25kQiBjJ9FVOhSV,59eCy91JDrnpbPLF3T3L03,1.6383065438647906
018vKll25kQiBjJ9FVOhSV,7g90T7PIBzqIpKZG0lzPzS,1.6748479919479649
018vKll25kQiBjJ9FVOhSV,1D6sRVegPTdQQj9ScxngtR,1.6823896842943737
018vKll25kQiBjJ9FVOhSV,2hw1sBTzjB9zghnlLpqeAj,1.68303303992746
6t2gHlvw7kTK6M7M5f7S6K,0bAuzGnpoaZFpfbAhEWjqO,0.8637013526963561
6t2gHlvw7kTK6M7M5f7S6K,5FccwnVjJbLIF2azQjCwyP,1.0436488415207148
6t2gHlvw7kTK6M7M5f7S6K,5wevFONYz7ox3Z5rrDJbkp,1.2747626861814654
6t2gHlvw7kTK6M7M5f7S6K,1Db4Qa67eYC7MxnCqFvRQj,1.4304350033134121
6t2gHlvw7kTK6M7M5f7S6K,1VtPE3YY4Uc9KCaQATcVJh,1.510409460196006
6t2gHlvw7kTK6M7M5f7S6K,7hQAxslFR1rqimWs7f2sKl,1.5180315819667847
6t2gHlvw7kTK6M7M5f7S6K,6pAIDhDoB7k4bOsxbQjycO,1.539012955150174
6t2gHlvw7kTK6M7M5f7S6K,3TLgxeugc8nOXkm04LG6Gh,1.5469888969396628
6t2gHlvw7kTK6M7M5f7S6K,5T2iobXGYEI9TdrJ4Du6QN,1.646544616362593
6t2gHlvw7kTK6M7M5f7S6K,7h8N0QlHxIEYfnHDVps8dS,1.7066502853117216
6TzYMmTsjyTIf1cSSuOcAw,2xETIuyVWAjWXFSbqngBYq,0.652327813070189
6TzYMmTsjyTIf1cSSuOcAw,7EKpyfbmopbXMaMLW9QEd3,0.6599487896535426
6TzYMmTsjyTIf1cSSuOcAw,4TCMm1N1zoNmRYaLbYwB2k,0.7542452711736228
6TzYMmTsjyTIf1cSSuOcAw,1Zd1Y1UeG8PB5fDSgKQaH6,1.0076438520786737
6TzYMmTsjyTIf1cSSuOcAw,4x9l3fDzgvzg9t7Csbufrn,1.0271592665505225
6TzYMmTsjyTIf1cSSuOcAw,7LihoPgTF9hnxMh9lRTNkA,1.091391301421597
6TzYMmTsjyTIf1cSSuOcAw,1yTZAe3F0X7BUpxbj8iMwH,1.1345513583461317
6TzYMmTsjyTIf1cSSuOcAw,6XDdcBC0hQkRcQfYovxd4c,1.2124131904762177
6TzYMmTsjyTIf1cSSuOcAw,6Y6py4pHq2Toh3xEvBn233,1.2170810450052714
6TzYMmTsjyTIf1cSSuOcAw,7xxgqdJBcLG33vo6KXqV6S,1.2233645056341766
3OtpZhuI28h9yDjDbOkqSb,3q5Ze7QksOVd2ES9YzdfsE,0.9973865843594714
3OtpZhuI28h9yDjDbOkqSb,4iUbMPVbCQAx51bIh1GhyP,1.0064315229953467
3OtpZhuI28h9yDjDbOkqSb,4OMgqSsMbVhPCFnivcNAqh,1.0309794002158015
3OtpZhuI28h9yDjDbOkqSb,00TFDHSe7s8cWm5CzDY8UP,1.1893706187377682
3OtpZhuI28h9yDjDbOkqSb,0qwU4qCtm3aUqcAUISMhMz,1.1986123817354197
3OtpZhuI28h9yDjDbOkqSb,4jVu0QPK9BVeNgAmfvkocn,1.2073169393874217
3OtpZhuI28h9yDjDbOkqSb,3fak0qjHByUubKQY2JM3ux,1.2105634400221585
3OtpZhuI28h9yDjDbOkqSb,4E93IPDPbaNJUDTpur3V63,1.288111872316128
3OtpZhuI28h9yDjDbOkqSb,2Tv4NhYavSni05V7IIT17w,1.3448224060056428
3OtpZhuI28h9yDjDbOkqSb,3kUYO8UMNxuOCPuERmQYKa,1.3732467669089856
68xC2JQSgK9L43IkW7UvNT,0aKb5riywYeDam6ukd62RO,0.90840692496109
68xC2JQSgK9L43IkW7UvNT,1WfaiA60QqqYIYMmd1IwLR,1.013719091526033
68xC2JQSgK9L43IkW7UvNT,6onFDeU84yMtLmYfTlHkoI,1.0207590594772342
68xC2JQSgK9L43IkW7UvNT,1WqKCdqgzthIO1MpBq76Bv,1.0590594493080012
68xC2JQSgK9L43IkW7UvNT,6bWSlgj7GqYXsorKurrxTJ,1.0963380749874057
68xC2JQSgK9L43IkW7UvNT,6L9MB7o26MmvG6ST9TSOYa,1.1143952874225942
68xC2JQSgK9L43IkW7UvNT,36nYdygI2cwOtjBqGxhHzY,1.2265097869420616
68xC2JQSgK9L43IkW7UvNT,1D6sRVegPTdQQj9ScxngtR,1.3569231068887027
68xC2JQSgK9L43IkW7UvNT,1jt4hk4d51pZ8DZl8yMMmG,1.4030765699511518
68xC2JQSgK9L43IkW7UvNT,2gCqYL6CgWs0ICgIoyJtkV,1.4518656628676914
37SgiDGQSiUTQXZo2Ml888,1GxXPNNkNymHPn6yTgWPxu,0.7274815674846529
37SgiDGQSiUTQXZo2Ml888,2QxzpDE6uQPy17dhBTQgpu,0.8701092083695852
37SgiDGQSiUTQXZo2Ml888,3IKUuAJghlmAkjBKbXaGjS,0.8920108594640712
37SgiDGQSiUTQXZo2Ml888,4CVOUJki8YUWol3jhLphgs,1.0179562980794659
37SgiDGQSiUTQXZo2Ml888,06Q3gof2rs8ErXzBrW1aVg,1.0181606002103532
37SgiDGQSiUTQXZo2Ml888,6yQAwPJmFn0OBTKWOnQFfv,1.0613313038673229
37SgiDGQSiUTQXZo2Ml888,5NYejXf1mwigePilCGLjdM,1.122826306574847
37SgiDGQSiUTQXZo2Ml888,0ILXYaWxMQVEXnKq2eTmjW,1.1310822946431809
37SgiDGQSiUTQXZo2Ml888,2zYzyRzz6pRmhPzyfMEC8s,1.132147311109583
37SgiDGQSiUTQXZo2Ml888,1v685OFD51NsY493VwO7FK,1.1552233020216565
4anysyWdzzghWjZxDeXbce,2a9qHSjK62gyvVjg6ZnjB7,1.133917637690734
4anysyWdzzghWjZxDeXbce,3eBMWAbupDk0WKevWvrqa4,2.0197572745829975
4anysyWdzzghWjZxDeXbce,2lffRiAET2Xt6BNb4EmkS2,2.0358613238477616
4anysyWdzzghWjZxDeXbce,0BQNM4jGoWsJ4qN5GQpgmh,2.0520018240209605
4anysyWdzzghWjZxDeXbce,1Db4Qa67eYC7MxnCqFvRQj,2.191690671913849
4anysyWdzzghWjZxDeXbce,6ry0z6yotxEiqsxoKHpYBO,2.26182040730237
4anysyWdzzghWjZxDeXbce,7hQAxslFR1rqimWs7f2sKl,2.3233384834289392
4anysyWdzzghWjZxDeXbce,2IkCJvsnygJFSoZV8nhQoq,2.398312025862453
4anysyWdzzghWjZxDeXbce,3JVeCPb470mUJ7otD7i8j4,2.455092881601385
4anysyWdzzghWjZxDeXbce,6ekLy1OsrYdLMbcqc0KZ8G,2.4837120335808014
3S2XrrnhWLbz1IjpLIUDVU,5RKw6NA1kH7ZZpeuYDpK8M,0.8734293153214052
3S2XrrnhWLbz1IjpLIUDVU,6iodrB17WJr9E5JKvmOgDH,2.827138661432619
3S2XrrnhWLbz1IjpLIUDVU,08gufysa763YtyeVUmPAQT,3.6460124784862957
3S2XrrnhWLbz1IjpLIUDVU,4y1KB0U6LsuWLKiZgtq5ky,3.783121885331864
3S2XrrnhWLbz1IjpLIUDVU,3Qnz0h9QoUcqr1webXWbYM,3.8123231646184226
3S2XrrnhWLbz1IjpLIUDVU,5auwSKx96QcROy6CTGnHIl,4.125856353116443
3S2XrrnhWLbz1IjpLIUDVU,5IXpJkpRvk97JoLMTitMPG,4.141292126902874
3S2XrrnhWLbz1IjpLIUDVU,19MCvHdBjEheiweLyjiQWX,4.143575120687521
3S2XrrnhWLbz1IjpLIUDVU,3JQ1ZBbqD3JSeTLw6NV4Z6,4.195511501644281
3S2XrrnhWLbz1IjpLIUDVU,4asON1CkiW73QaQSRrumH4,4.25515485714405
2AGvjBQyW8RMHIlUQ30ifd,3XmIlmYem8DGp7aorcpBay,0.9775577230173492
2AGvjBQyW8RMHIlUQ30ifd,03eIq0bpMhwR41b8ddQyQS,1.029516310338539
2AGvjBQyW8RMHIlUQ30ifd,0ICnFVjsMEQDIXKVKV9KZF,1.1982933779845775
2AGvjBQyW8RMHIlUQ30ifd,4rS66iKCLms3yumMYACKwJ,1.2852493086006371
2AGvjBQyW8RMHIlUQ30ifd,7b1XzNeXhfwGNJWE6gHFRz,1.2936826714548595
2AGvjBQyW8RMHIlUQ30ifd,50OIaK14Pr6ZwCmFfHZ0wB,1.3681816902833566
2AGvjBQyW8RMHIlUQ30ifd,09obJ3DFME6R9uIZYPZxhG,1.421674986028956
2AGvjBQyW8RMHIlUQ30ifd,4MNXKskyfqES2LAlbrrRbV,1.4293028318550718
2AGvjBQyW8RMHIlUQ30ifd,6ecXZdsvfOQjjQcVNs4WkN,1.4629097491587941
2AGvjBQyW8RMHIlUQ30ifd,1c2vVx6knoiZHXbJJ9Mk8L,1.470903395663416
4MNXKskyfqES2LAlbrrRbV,7xs1ksUAb2XswNWJjeyt7V,0.9628205105221633
4MNXKskyfqES2LAlbrrRbV,0U7SRbyBhkdXdulXr3veKQ,0.989281727402527
4MNXKskyfqES2LAlbrrRbV,6Q4RJGUzVQym5RL5iq6627,1.0027742039672685
4MNXKskyfqES2LAlbrrRbV,3G4GIs0jGwIbLFGBL3ZSNc,1.0146555606985708
4MNXKskyfqES2LAlbrrRbV,4hA4vowf8u8fhA2KlxBJIa,1.0487936782737153
4MNXKskyfqES2LAlbrrRbV,3eqD8kifaVLMNJS1zRk73b,1.0487936782737153
4MNXKskyfqES2LAlbrrRbV,2NaU7cuWOBIOPA2nBJ06Hd,1.115517392883133
4MNXKskyfqES2LAlbrrRbV,7rVw4gyhclOgTIrFCtI3ZG,1.1416461015227533
4MNXKskyfqES2LAlbrrRbV,2VSGzQqy9nqJefcYGJNWst,1.1873984346021371
4MNXKskyfqES2LAlbrrRbV,70HNt0eoBVqr4ss68U8x3B,1.2415058243589356
47BpBh1URWXLF26ckpGT4S,22sno2Y45Ov3ixSl6fN9i8,1.274288570077205
47BpBh1URWXLF26ckpGT4S,78rEtQ4KFBidvcEEiFomDT,1.422958411755498
47BpBh1URWXLF26ckpGT4S,2eI1OQTaBJFwmQEEYfy9OU,1.8283354324884056
47BpBh1URWXLF26ckpGT4S,1XiEGQzAtcF1L1DwT7r1Pb,1.8334194949095621
47BpBh1URWXLF26ckpGT4S,1Suc8pkaJJpHJmgGwH6xaD,1.9548734698785828
47BpBh1URWXLF26ckpGT4S,4rtyV2gthc3k6D0rjcQJOR,1.986158333515562
47BpBh1URWXLF26ckpGT4S,0J1NpNoYYMuohXl4frq0aU,2.0020817100103256
47BpBh1URWXLF26ckpGT4S,5zzfKibxNlJPWGkkhAGlLg,2.0273384504051846
47BpBh1URWXLF26ckpGT4S,2SoHnESLR60erIgFi8zFFi,2.0935770061706767
47BpBh1URWXLF26ckpGT4S,0zmrF4iO4zaaJKQ06Yb6GO,2.281559249797485
2aLXJJ2zOsBJlGTxiG0yMi,6XDdcBC0hQkRcQfYovxd4c,0.9061674461845953
2aLXJJ2zOsBJlGTxiG0yMi,1mRgy0qWyAc8EpFeeRNnRK,1.070800452138427
2aLXJJ2zOsBJlGTxiG0yMi,1nBDeSiqD2z1ofv9hEttfi,1.4037952707923902
2aLXJJ2zOsBJlGTxiG0yMi,2xETIuyVWAjWXFSbqngBYq,1.5290731686776355
2aLXJJ2zOsBJlGTxiG0yMi,4x9l3fDzgvzg9t7Csbufrn,1.580318610943175
2aLXJJ2zOsBJlGTxiG0yMi,6ekLy1OsrYdLMbcqc0KZ8G,1.6056067663283728
2aLXJJ2zOsBJlGTxiG0yMi,4TCMm1N1zoNmRYaLbYwB2k,1.623328493568121
2aLXJJ2zOsBJlGTxiG0yMi,3xLtrBuptxKDFww9lND5Dc,1.627769250594565
2aLXJJ2zOsBJlGTxiG0yMi,4cF6Pk7YaRtv91mSZa4nVi,1.7049953736913024
2aLXJJ2zOsBJlGTxiG0yMi,1Zd1Y1UeG8PB5fDSgKQaH6,1.7748814645700286
3joSo5cx7WLe18uEEdu3Oj,626KJ8oTkNs9znR1nDqq1k,1.4390549010372207
3joSo5cx7WLe18uEEdu3Oj,59D6U4erIjSUoUrXM82edy,1.5321460989319042
3joSo5cx7WLe18uEEdu3Oj,6mSDD3nBMVP0ZwJoLakFYo,1.5404652623965644
3joSo5cx7WLe18uEEdu3Oj,2aYW6K8f6ESAqPINJHfmGn,1.5627799707659256
3joSo5cx7WLe18uEEdu3Oj,1WsPeKmEE0NSgq6F3y2Ot6,1.5691628326802305
3joSo5cx7WLe18uEEdu3Oj,5Dj4dtQ0HXxvKRdzqELup0,1.8628189083137532
3joSo5cx7WLe18uEEdu3Oj,1HrKC8HlC5gTsLVYYbVVop,1.8811911332573334
3joSo5cx7WLe18uEEdu3Oj,2aNCrdzCbgFIkxs0qul8dT,1.8824632385593432
3joSo5cx7WLe18uEEdu3Oj,42r0LZ9g8gq4afWztSw54k,1.916668555812781
3joSo5cx7WLe18uEEdu3Oj,1fGKZqyPR0fHLpXOlMLFvp,1.939274308239377
48RAUxA6ZlqIuM4pON0GVC,0D3J5hfXcaQLeMmZVxD4S7,0.8064590746318264
48RAUxA6ZlqIuM4pON0GVC,4dk12UlAYNruc5pwHEXncR,0.8431593136506053
48RAUxA6ZlqIuM4pON0GVC,6d1AuFOL1YBzLcruapNbZV,0.8495816884872048
48RAUxA6ZlqIuM4pON0GVC,6YNdQ5utvFnK4CTAnBga06,0.8639550853832231
48RAUxA6ZlqIuM4pON0GVC,71wciO7F9Ro8J4vq1lvfru,0.8911482978319696
48RAUxA6ZlqIuM4pON0GVC,3iOcbCxe0jW1XrlFb0rvj2,0.9329622543489319
48RAUxA6ZlqIuM4pON0GVC,5XCtjnFMKtCT7ycDwV3Kdh,1.0110341122892168
48RAUxA6ZlqIuM4pON0GVC,2YA5IfmQwAmVzHRP3SVnEd,1.0147727189867208
48RAUxA6ZlqIuM4pON0GVC,2cTaSKEc8OZdF6Tpg2QQsS,1.0537939327567045
48RAUxA6ZlqIuM4pON0GVC,2O2oWOUJM14dWhQNpkcSbD,1.0718950971986891
3nX1nZJoLqfNSBq19RPGS4,6KaEnhXKR6vSqqWzQOyqxE,0.815792191665352
3nX1nZJoLqfNSBq19RPGS4,6Y6py4pHq2Toh3xEvBn233,1.0343293202812025
3nX1nZJoLqfNSBq19RPGS4,0nqOcrAskzhTDBvGpOxNrD,1.1700419981190051
3nX1nZJoLqfNSBq19RPGS4,6P05Vvy9h2eFyWSu98BGWk,1.244326554955044
3nX1nZJoLqfNSBq19RPGS4,3rTk7Ll8NRrd2jspBFtimV,1.2662009036267343
3nX1nZJoLqfNSBq19RPGS4,2dDE3WCSj2cELFYO1IfECD,1.301669786405527
3nX1nZJoLqfNSBq19RPGS4,1P7Ik6OX9dV3BnXZi9L4cI,1.3055628437382907
3nX1nZJoLqfNSBq19RPGS4,6TzYMmTsjyTIf1cSSuOcAw,1.3547936266743077
3nX1nZJoLqfNSBq19RPGS4,58zM8eyUWtoX4V3qpJ7pxC,1.3661048141221135
3nX1nZJoLqfNSBq19RPGS4,67al4eD0HtTYVqw1BLcF2d,1.3933396226918509
0K9Xk9AKGtvjXn063Ok6Eg,3G4GIs0jGwIbLFGBL3ZSNc,0.9659616339769901
0K9Xk9AKGtvjXn063Ok6Eg,69zSOewOfa2IvIRMveL1Cc,1.2997502791320847
0K9Xk9AKGtvjXn063Ok6Eg,2gy6A01eKUii3HCns5nHwW,1.4019023232576056
0K9Xk9AKGtvjXn063Ok6Eg,361wxJRa6M2sH1Epy2MAC1,1.4346803290430874
0K9Xk9AKGtvjXn063Ok6Eg,70HNt0eoBVqr4ss68U8x3B,1.4425053794449023
0K9Xk9AKGtvjXn063Ok6Eg,4MNXKskyfqES2LAlbrrRbV,1.4837783495719992
0K9Xk9AKGtvjXn063Ok6Eg,4YXKKnIZuk7UtXH5oC0ffa,1.5075170652402559
0K9Xk9AKGtvjXn063Ok6Eg,1Ip5p31SowqjJLo2ss1afJ,1.5190393147565517
0K9Xk9AKGtvjXn063Ok6Eg,2rbkwvwtdWpDwthWnTpJMj,1.543380477805965
0K9Xk9AKGtvjXn063Ok6Eg,5a8O0CAraAuR4iLZXg0s46,1.559820397372702
2RfncplwWMhuFY7nv2Dwwa,1W0voVAoKVow8VhpwWBHl5,0.7017404620489274
2RfncplwWMhuFY7nv2Dwwa,2FsrKLHO91CaT8vvY85DD6,0.9113794172496813
2RfncplwWMhuFY7nv2Dwwa,6SP4AXgL3VCUTmdm7axe9C,1.0011757377442965
2RfncplwWMhuFY7nv2Dwwa,3I9tSAQMVzAuX8QQUBG9rP,1.0054575763412492
2RfncplwWMhuFY7nv2Dwwa,4qk8TRTKURbYICrtfAfDYr,1.0114511376118898
2RfncplwWMhuFY7nv2Dwwa,7qrvxjTqvXvaiGhnUfCOAB,1.0152248311276304
2RfncplwWMhuFY7nv2Dwwa,0ZgMBZeFQC8Jja48NuDaSC,1.0774248477274897
2RfncplwWMhuFY7nv2Dwwa,32Dc90Bn6NCKMPmdfprhFq,1.087368209848269
2RfncplwWMhuFY7nv2Dwwa,7lu6YLrlB1MU7HW8DJSuPa,1.0909098438889728
2RfncplwWMhuFY7nv2Dwwa,0z5EJolHD3zV6W17tigtP7,1.2248056880361753
5l7GTyzBQ3gj8jljoCnQjQ,1re1CuvpyhIm5ryPzUQyXc,1.144777152437592
5l7GTyzBQ3gj8jljoCnQjQ,0ud4VAfTH1AOb904kWOTzJ,1.2166409081661052
5l7GTyzBQ3gj8jljoCnQjQ,1WAafipEtn2pAtHYBkBnk6,1.2635785017186998
5l7GTyzBQ3gj8jljoCnQjQ,76GGgSpRWU1v0mH26n2ZQy,1.3169080586800401
5l7GTyzBQ3gj8jljoCnQjQ,1WDDMw1k46OS4W2IGxmLzj,1.364042752819411
5l7GTyzBQ3gj8jljoCnQjQ,3yuxU2iHhz7tocZG9ohT1A,1.4119376212317545
5l7GTyzBQ3gj8jljoCnQjQ,1lnEWFVBzbjQqBUEMC1i6P,1.4210538463384024
5l7GTyzBQ3gj8jljoCnQjQ,2ueWCiQRtVdj5pSs87CDla,1.421617649168746
5l7GTyzBQ3gj8jljoCnQjQ,3XKjZcgNYtvCmBpE1nX7Wn,1.5123659801746978
5l7GTyzBQ3gj8jljoCnQjQ,3QgInVIXkrZDRVQfuKUxSm,1.5953279606744066
2zYzyRzz6pRmhPzyfMEC8s,6yQAwPJmFn0OBTKWOnQFfv,0.8539255773856719
2zYzyRzz6pRmhPzyfMEC8s,3IKUuAJghlmAkjBKbXaGjS,0.9335941825687187
2zYzyRzz6pRmhPzyfMEC8s,10t0BfHUkq9iKZzOj4LY3c,0.985081644696675
2zYzyRzz6pRmhPzyfMEC8s,02HdjmfXq1F2OsX6yPg86n,0.9853069059236936
2zYzyRzz6pRmhPzyfMEC8s,2QxzpDE6uQPy17dhBTQgpu,0.9862693638725395
2zYzyRzz6pRmhPzyfMEC8s,5ynCNwoLOOHoJU4N40m97V,1.0172114411946769
2zYzyRzz6pRmhPzyfMEC8s,0OGw7V8wAI6OsZIQ12JkTP,1.0280261805655033
2zYzyRzz6pRmhPzyfMEC8s,4X6kRZnZM8mZPkeMUmn8G6,1.0444863146660004
2zYzyRzz6pRmhPzyfMEC8s,5NYejXf1mwigePilCGLjdM,1.0518093013952243
2zYzyRzz6pRmhPzyfMEC8s,6Q3FXpvUNVHiWHU3xVMnQR,1.0654286632047676
45eEjffcfZfXgILWoY2tZw,79uspTY5GVI0EOBsnWAjxx,1.1944892859037508
45eEjffcfZfXgILWoY2tZw,2SoHnESLR60erIgFi8zFFi,1.54603823704591
45eEjffcfZfXgILWoY2tZw,4rtyV2gthc3k6D0rjcQJOR,1.9346079722970044
45eEjffcfZfXgILWoY2tZw,293xyTq2gy7G5PFaMeBbmd,1.9431479925767507
45eEjffcfZfXgILWoY2tZw,0zmrF4iO4zaaJKQ06Yb6GO,2.0421031558507687
45eEjffcfZfXgILWoY2tZw,4YLv4bDhfubAu142fY8QN1,2.0531778909401326
45eEjffcfZfXgILWoY2tZw,7GCfKBpY3l2n3LAhsqjBtO,2.0661638190859137
45eEjffcfZfXgILWoY2tZw,0KpTFH1SzexN8SGc0GPILC,2.2558125730089187
45eEjffcfZfXgILWoY2tZw,78rEtQ4KFBidvcEEiFomDT,2.337004591720503
45eEjffcfZfXgILWoY2tZw,5XiVCvi3bXYcFCRpRxk0p2,2.3975761841421654
6tBt0o5KS4xYaC7aKd7RY0,0kI4AfCbkK5MP2B7Xgh6kB,0.5225998612147774
6tBt0o5KS4xYaC7aKd7RY0,37LMtqQkT9aEVZEedBJfw5,0.9864784435267739
6tBt0o5KS4xYaC7aKd7RY0,3Fqq8l8ToyiC9ZyHyxMxFo,0.9982452663979864
6tBt0o5KS4xYaC7aKd7RY0,6GfqNqXkAofNOakU77MWEb,1.0575171952401334
6tBt0o5KS4xYaC7aKd7RY0,67cR7hkzHhFAdg1UzPM3Xz,1.1656369891461698
6tBt0o5KS4xYaC7aKd7RY0,2rbkwvwtdWpDwthWnTpJMj,1.167746959170123
6tBt0o5KS4xYaC7aKd7RY0,25xhL1egtULWxHD5YDJ9XY,1.1710487861439025
6tBt0o5KS4xYaC7aKd7RY0,0m4jVVZrsv0bLkAr1uM6UG,1.1760074401378116
6tBt0o5KS4xYaC7aKd7RY0,2aNCrdzCbgFIkxs0qul8dT,1.288280471171086
6tBt0o5KS4xYaC7aKd7RY0,2SLwPaJTN6B6zwcIwsuQAK,1.2917135055622264
7s4XK58jwdioXsBdXianI8,3pQ0zUFOi4e1KZ8yQkeD42,0.8768584616071707
7s4XK58jwdioXsBdXianI8,34CkAgBoiRuElQEKoi1zVF,0.9189582649160591
7s4XK58jwdioXsBdXianI8,3znPiywA0q1VK2jgAZFDoI,0.9425288605131398
7s4XK58jwdioXsBdXianI8,2nT4y8qTzu2IBYuw7j8TPi,0.9841647915469339
7s4XK58jwdioXsBdXianI8,33LleOXlYSGmHinXyHWU7g,1.0071869357728584
7s4XK58jwdioXsBdXianI8,56ejQ1pr7fZVhU5Gfx9YQ5,1.0244715737248824
7s4XK58jwdioXsBdXianI8,6nsdMJW0IU4pR3pEmo0LAI,1.041678822943608
7s4XK58jwdioXsBdXianI8,2w2MXZEONSMh1HzOUpuqIx,1.1050729303314772
7s4XK58jwdioXsBdXianI8,4f3g4NIJMywPIeTY74wh9b,1.1434948540880514
7s4XK58jwdioXsBdXianI8,7f9I5WdyXm5q1XqnSYgQZb,1.170339960446338
0j6zVHUhezcz02iLhmpy2e,2RsAajgo0g7bMCHxwH3Sk0,0.5370216355159345
0j6zVHUhezcz02iLhmpy2e,5fdr0qZcygx9NFbIhFDcaH,0.6326555181557588
0j6zVHUhezcz02iLhmpy2e,6mUHPv34FUMhYVlpytiwdp,0.7334163926203566
0j6zVHUhezcz02iLhmpy2e,02HdjmfXq1F2OsX6yPg86n,0.7374437118866987
0j6zVHUhezcz02iLhmpy2e,0UIrLwFq3cvTg5vBMmlfjp,0.7581614711621742
0j6zVHUhezcz02iLhmpy2e,1DqAeuDzc5uUQeAggxmZk5,0.7759617164448044
0j6zVHUhezcz02iLhmpy2e,2GOVk9VRBmLVEyHSdZYPEN,0.7969652080249854
0j6zVHUhezcz02iLhmpy2e,0EmYZZ8OqeALedVhijSjsg,0.8272537640692816
0j6zVHUhezcz02iLhmpy2e,0ct6r3EGTcMLPtrXHDvVjc,0.8426553565564373
0j6zVHUhezcz02iLhmpy2e,0OGw7V8wAI6OsZIQ12JkTP,0.8440187696846275
5NYejXf1mwigePilCGLjdM,0liZcBeGoLuzDIat1YXRZk,0.8146450889310082
5NYejXf1mwigePilCGLjdM,2GOVk9VRBmLVEyHSdZYPEN,0.8618640041655545
5NYejXf1mwigePilCGLjdM,06Q3gof2rs8ErXzBrW1aVg,0.9202579440311404
5NYejXf1mwigePilCGLjdM,7oS2EnBWSHxzR2m6CxNJYA,0.9361496758983932
5NYejXf1mwigePilCGLjdM,2wqiV4aIMOosmQMqnLxXbA,0.9554504777625882
5NYejXf1mwigePilCGLjdM,6yQAwPJmFn0OBTKWOnQFfv,0.9958323879723531
5NYejXf1mwigePilCGLjdM,6oP3qa2MyQjxW8YQQdPBq9,1.0093992359533672
5NYejXf1mwigePilCGLjdM,21kVD9H40rRQkGmcMi01Fl,1.0405169772116876
5NYejXf1mwigePilCGLjdM,3IKUuAJghlmAkjBKbXaGjS,1.0481308232467725
5NYejXf1mwigePilCGLjdM,2zYzyRzz6pRmhPzyfMEC8s,1.0518093013952243
7fK3FuYZP6fqlavub180ij,7rhVGmZnwvqg2z2JJedkMX,0.7149532874194228
7fK3FuYZP6fqlavub180ij,4n3mp3DC7JrdXYJCDdwKhd,1.1986926840589647
7fK3FuYZP6fqlavub180ij,4E93IPDPbaNJUDTpur3V63,1.2002931118594644
7fK3FuYZP6fqlavub180ij,7GwYyLNFyAsSsmt2aa0z6u,1.4564948298224933
7fK3FuYZP6fqlavub180ij,5L0uUsxrDhl1wtuTTogDY1,1.490756743867812
7fK3FuYZP6fqlavub180ij,5BUq9bdtsm3LWw5laJeJ4R,1.4973123724961903
7fK3FuYZP6fqlavub180ij,3fak0qjHByUubKQY2JM3ux,1.4985606052190523
7fK3FuYZP6fqlavub180ij,10nyNJ6zNy2YVYLrcwLccB,1.5596251637118406
7fK3FuYZP6fqlavub180ij,3fnL2JDgy4QD04araOl0eY,1.5874407686072343
7fK3FuYZP6fqlavub180ij,6DXazvidTcZ7Nx78cm5hZE,1.6002826880517425
0ct6r3EGTcMLPtrXHDvVjc,6mUHPv34FUMhYVlpytiwdp,0.37607139095480396
0ct6r3EGTcMLPtrXHDvVjc,2RWFncSWZEhSRRifqiDNVV,0.3834679558627195
0ct6r3EGTcMLPtrXHDvVjc,1DqAeuDzc5uUQeAggxmZk5,0.79659562056008
0ct6r3EGTcMLPtrXHDvVjc,0anw2y6ifCI7QS8Cj5Ph7x,0.800021270613612
0ct6r3EGTcMLPtrXHDvVjc,0j6zVHUhezcz02iLhmpy2e,0.8426553565564373
0ct6r3EGTcMLPtrXHDvVjc,2Uxnz7OTTYtgGrwjVcYRlG,0.8492059800300122
0ct6r3EGTcMLPtrXHDvVjc,2sASx6Cz5mYm0xPrKiD8gZ,0.9566112381033155
0ct6r3EGTcMLPtrXHDvVjc,2RsAajgo0g7bMCHxwH3Sk0,0.9733873451263269
0ct6r3EGTcMLPtrXHDvVjc,6rSNgGImNmGPcosJiPLgzs,0.9878660225059119
0ct6r3EGTcMLPtrXHDvVjc,5v4ikwHHJWghlUcDoaYWNW,1.024692631663744
7h9VHJe3SJnNpedITpOQWO,0p4D8tKBjpTqOpFhwxIXe1,0.9417903162899984
7h9VHJe3SJnNpedITpOQWO,0T5iIrXA4p5GsubkhuBIKV,1.0585126330416132
7h9VHJe3SJnNpedITpOQWO,3nImoHhXBOqYcdTN8gt9eE,1.1976464566046061
7h9VHJe3SJnNpedITpOQWO,72zHuDxFQTjbL51qJQSA7j,1.2163461803617581
7h9VHJe3SJnNpedITpOQWO,3uUuGVFu1V7jTQL60S1r8z,1.231428692401683
7h9VHJe3SJnNpedITpOQWO,6SP4AXgL3VCUTmdm7axe9C,1.2487973372698946
7h9VHJe3SJnNpedITpOQWO,5Gox2FHWcB882eGsRIkdrt,1.2712605126956158
7h9VHJe3SJnNpedITpOQWO,5aAjcWycNzzlnnwRB8z0zL,1.276249295701689
7h9VHJe3SJnNpedITpOQWO,3i0J9e00YhlrKO7AqgdO8Z,1.331658094022068
7h9VHJe3SJnNpedITpOQWO,0aIW3ekrhK1eh3BYCh11op,1.3470765921690897
2ueSOewe2bXPIpE8y8TTj1,3QSzbe5jUceSc0IyAFJ4LD,1.5160659560910341
2ueSOewe2bXPIpE8y8TTj1,7ijnomlrX6iGZ5ih4xTehA,1.7675299853707136
2ueSOewe2bXPIpE8y8TTj1,4UhPKerkCNyzN6oPouXCRp,1.8352185614619256
2ueSOewe2bXPIpE8y8TTj1,6YVryeURxyAG4Bb588lTmR,1.9376783121316095
2ueSOewe2bXPIpE8y8TTj1,3ynNOKWGmuFQiMksRibJyF,1.9464589772253122
2ueSOewe2bXPIpE8y8TTj1,2xETIuyVWAjWXFSbqngBYq,2.0016307592943945
2ueSOewe2bXPIpE8y8TTj1,1EsgUWQsxGBwnu3NATDjiU,2.043138573353266
2ueSOewe2bXPIpE8y8TTj1,4x9l3fDzgvzg9t7Csbufrn,2.085294818014709
2ueSOewe2bXPIpE8y8TTj1,1WheyFsHUcBWQ33WNHcZdI,2.112986067187183
2ueSOewe2bXPIpE8y8TTj1,1mRgy0qWyAc8EpFeeRNnRK,2.1699750408061185
7Lqe8fvFzrxCufUatyaYod,00TFDHSe7s8cWm5CzDY8UP,1.0170908135892582
7Lqe8fvFzrxCufUatyaYod,02HdjmfXq1F2OsX6yPg86n,1.0890754196557286
7Lqe8fvFzrxCufUatyaYod,1v685OFD51NsY493VwO7FK,1.1295635260781507
7Lqe8fvFzrxCufUatyaYod,2RsAajgo0g7bMCHxwH3Sk0,1.2062270112055864
7Lqe8fvFzrxCufUatyaYod,5CPXR6lDTvngxtmMZxnWmC,1.2470210860013975
7Lqe8fvFzrxCufUatyaYod,2Oa4PQ6WVqng8AnB7Gbabs,1.2690126486703446
7Lqe8fvFzrxCufUatyaYod,66QpL8l5IJ4ND2Q79MTa3t,1.2867474981886524
7Lqe8fvFzrxCufUatyaYod,0ILXYaWxMQVEXnKq2eTmjW,1.335418869521994
7Lqe8fvFzrxCufUatyaYod,37cb7mzkQKksGm0noGDXeh,1.39408966589402
7Lqe8fvFzrxCufUatyaYod,3nbRFWzOJrHIRh3xc53bKK,1.4031585718723076
0fea68AdmYNygeTGI4RC18,5dy25rHjyfAbpkHDI9yfTY,0.9290036459036158
0fea68AdmYNygeTGI4RC18,10aDiDITMu33TQNqVR35iM,1.0731119756367316
0fea68AdmYNygeTGI4RC18,3BK7JmX1P4GSGx5mdG3aiL,1.3219384246033516
0fea68AdmYNygeTGI4RC18,4jWXXlguqZ8zhRvxOxmp9j,1.4529278753112793
0fea68AdmYNygeTGI4RC18,5inWUDecQMC4l2eOFzaIaf,1.493204317974047
0fea68AdmYNygeTGI4RC18,5qBhUQLFCdIut4QZrIh7XI,1.529556538164308
0fea68AdmYNygeTGI4RC18,4ScVI88WynvZ1avtN2rScK,1.713955171602087
0fea68AdmYNygeTGI4RC18,0DC7Zs2qvAbNK1owWQ4mlL,1.7647934864157626
0fea68AdmYNygeTGI4RC18,6DiFaHCUjPpA3nTAEFmQe1,1.7931824607697218
0fea68AdmYNygeTGI4RC18,6VZ4iuA1y0utK4YR9dMfhu,1.805346307532962
3EtsTQGKkUXaGDmMi7GRfD,6AvpoXv2KL0rGYIcZ3v3QI,0.991621252721136
3EtsTQGKkUXaGDmMi7GRfD,041Xf2o8yDouqWCDKqkGuC,1.0929562623872426
3EtsTQGKkUXaGDmMi7GRfD,50OIaK14Pr6ZwCmFfHZ0wB,1.1085559321075855
3EtsTQGKkUXaGDmMi7GRfD,1c2vVx6knoiZHXbJJ9Mk8L,1.1256291686439774
3EtsTQGKkUXaGDmMi7GRfD,2sKchp54KqDz6jPofHZ66t,1.2585287404442997
3EtsTQGKkUXaGDmMi7GRfD,2YG0kV3M9JNde63YtelgUt,1.2924229671604557
3EtsTQGKkUXaGDmMi7GRfD,7epvz4k2v8qrzYansbnKAd,1.3131694862584469
3EtsTQGKkUXaGDmMi7GRfD,4RvtzkdXmDOjbggr6pu9jR,1.3191412827563345
3EtsTQGKkUXaGDmMi7GRfD,57WO3RacxniSNSeHwcrkVZ,1.3356032266472393
3EtsTQGKkUXaGDmMi7GRfD,0SRPuTnr5QOKRoIxMvvlgK,1.3378570883520666
4FqirD1KsDyNukowu8TWhX,7g90T7PIBzqIpKZG0lzPzS,0.830351990281026
4FqirD1KsDyNukowu8TWhX,04tv9ewp0KMC5ijweE1GmS,0.9054714470973497
4FqirD1KsDyNukowu8TWhX,4G9X7CZFiwfG2P99sIaaK2,1.1391562868033671
4FqirD1KsDyNukowu8TWhX,3Y4rUyw7XBCK6hGHCOt6rp,1.141874514420361
4FqirD1KsDyNukowu8TWhX,0H9T97wS2k3bk1JcyOlrrN,1.1609879189398875
4FqirD1KsDyNukowu8TWhX,1eGdw1BbGAYaXbgPcVIkGm,1.2258284624810516
4FqirD1KsDyNukowu8TWhX,2RJireEKZhGveSCh1cDZjN,1.2344510734899756
4FqirD1KsDyNukowu8TWhX,2hw1sBTzjB9zghnlLpqeAj,1.2359539856489636
4FqirD1KsDyNukowu8TWhX,1D6sRVegPTdQQj9ScxngtR,1.2841577729761882
4FqirD1KsDyNukowu8TWhX,7h8N0QlHxIEYfnHDVps8dS,1.2902412535875494
2sf4TXYzqSRdxfwu5auS6r,1wb6pRSvhekFyXO5j3fXol,1.5825209486633904
2sf4TXYzqSRdxfwu5auS6r,3Dk2StRqlP3JmXIY4aWyvA,1.9251247751816198
2sf4TXYzqSRdxfwu5auS6r,31leo5SqxFz5BndXp3HKqw,2.0586191870731447
2sf4TXYzqSRdxfwu5auS6r,3DnYVJJH3H6P7Svy4x2DYT,2.0971235157442267
2sf4TXYzqSRdxfwu5auS6r,6XTKYGyydndSUV3OHHDwZU,2.216493939165024
2sf4TXYzqSRdxfwu5auS6r,0yxEJfni0yeoBgtPeiox24,2.3214519513545735
2sf4TXYzqSRdxfwu5auS6r,7dH53Egj3FVEcAZqD9f481,2.4285847319128773
2sf4TXYzqSRdxfwu5auS6r,7zO8xgWtAGQpAKEG9n48Yb,2.6035939580820293
2sf4TXYzqSRdxfwu5auS6r,6ibmDmnayyljaIfT8hgkVq,2.674991998900157
2sf4TXYzqSRdxfwu5auS6r,0dpjuJLetnheYPSzLiQR62,2.774845022817847
7hbI6QqjMZ5vlcE7A9DcVF,4G9X7CZFiwfG2P99sIaaK2,1.378831227079389
7hbI6QqjMZ5vlcE7A9DcVF,0H9T97wS2k3bk1JcyOlrrN,1.6500951345718533
7hbI6QqjMZ5vlcE7A9DcVF,2CuUB5MbfRShtunR8g5hjR,1.9479200163191952
7hbI6QqjMZ5vlcE7A9DcVF,3Y4rUyw7XBCK6hGHCOt6rp,1.9839826998320576
7hbI6QqjMZ5vlcE7A9DcVF,4FqirD1KsDyNukowu8TWhX,2.0313172822847325
7hbI6QqjMZ5vlcE7A9DcVF,6EHw6eo7BwCiBDUro7YNdp,2.033829336604989
7hbI6QqjMZ5vlcE7A9DcVF,4rrDNJIlcE03cUe4RA74Z6,2.0895594234151647
7hbI6QqjMZ5vlcE7A9DcVF,7g90T7PIBzqIpKZG0lzPzS,2.102790915597584
7hbI6QqjMZ5vlcE7A9DcVF,7h8N0QlHxIEYfnHDVps8dS,2.167542780910775
7hbI6QqjMZ5vlcE7A9DcVF,2RJireEKZhGveSCh1cDZjN,2.1747867422497915
0gKuF5cAyTLUflACTah7yC,4k2iYdpCZYH3eQX2bVKOku,0.7566440292169576
0gKuF5cAyTLUflACTah7yC,09obJ3DFME6R9uIZYPZxhG,0.9287238339354932
0gKuF5cAyTLUflACTah7yC,4yqRW7Ovd47DcgfuWXzEGR,1.0663322677516507
0gKuF5cAyTLUflACTah7yC,5QvW5lK6mkfTegpAK9JOO7,1.0899609048911394
0gKuF5cAyTLUflACTah7yC,3bCp61o3h46Yvr0vgMJlaL,1.092954041473453
0gKuF5cAyTLUflACTah7yC,7vrLphPq4yjaX7jiDdd2Nc,1.177525265173847
0gKuF5cAyTLUflACTah7yC,5NYejXf1mwigePilCGLjdM,1.237253507291982
0gKuF5cAyTLUflACTah7yC,3Hg1OJWwiNeKWX7suTNJ1Y,1.2456899812010058
0gKuF5cAyTLUflACTah7yC,2wqiV4aIMOosmQMqnLxXbA,1.2557949938132895
0gKuF5cAyTLUflACTah7yC,0ZeKQudydO2uQJpfr6gNC8,1.2605121056851116
4f3g4NIJMywPIeTY74wh9b,2w2MXZEONSMh1HzOUpuqIx,0.836487366612245
4f3g4NIJMywPIeTY74wh9b,56ejQ1pr7fZVhU5Gfx9YQ5,0.9611844517440243
4f3g4NIJMywPIeTY74wh9b,34CkAgBoiRuElQEKoi1zVF,0.9726270418388083
4f3g4NIJMywPIeTY74wh9b,2nT4y8qTzu2IBYuw7j8TPi,1.048846580593576
4f3g4NIJMywPIeTY74wh9b,33LleOXlYSGmHinXyHWU7g,1.0671746519738672
4f3g4NIJMywPIeTY74wh9b,3pQ0zUFOi4e1KZ8yQkeD42,1.0698267831773747
4f3g4NIJMywPIeTY74wh9b,7s4XK58jwdioXsBdXianI8,1.1434948540880514
4f3g4NIJMywPIeTY74wh9b,63HkkLxSefpYzy1kPrcAOy,1.1823731570371345
4f3g4NIJMywPIeTY74wh9b,3RoHAivw8gRyzlWDsvbFTB,1.268590260661357
4f3g4NIJMywPIeTY74wh9b,3znPiywA0q1VK2jgAZFDoI,1.3892478361994949
0DC7Zs2qvAbNK1owWQ4mlL,2ueWCiQRtVdj5pSs87CDla,1.1607437897103359
0DC7Zs2qvAbNK1owWQ4mlL,46bFZCQ2U2DMSNUKGzQUyP,1.238159752981695
0DC7Zs2qvAbNK1owWQ4mlL,3XKjZcgNYtvCmBpE1nX7Wn,1.3382102657322301
0DC7Zs2qvAbNK1owWQ4mlL,1re1CuvpyhIm5ryPzUQyXc,1.4083474190150553
0DC7Zs2qvAbNK1owWQ4mlL,4BedjJsVJvrmSnVr8rLcSU,1.4251952247535418
0DC7Zs2qvAbNK1owWQ4mlL,1WDDMw1k46OS4W2IGxmLzj,1.4787409333119925
0DC7Zs2qvAbNK1owWQ4mlL,3BK7JmX1P4GSGx5mdG3aiL,1.5208353721063794
0DC7Zs2qvAbNK1owWQ4mlL,2auS62fIl7yMkBkfQy0N2F,1.5475689676582758
0DC7Zs2qvAbNK1owWQ4mlL,50etdpjrySctCaS4yw0a72,1.562160019860727
0DC7Zs2qvAbNK1owWQ4mlL,0vIkYCzLD9QH7w8m1dC8Mf,1.562160019860727
2gfHZWYVhzCQg3dvlmS421,7nBeVCe5XQ6sn6dzqFvglv,1.4369396743161305
2gfHZWYVhzCQg3dvlmS421,57Xjny5yNzAcsxnusKmAfA,1.5322299877472083
2gfHZWYVhzCQg3dvlmS421,1EsgUWQsxGBwnu3NATDjiU,1.8541573860661615
2gfHZWYVhzCQg3dvlmS421,3QSzbe5jUceSc0IyAFJ4LD,1.9093560123993425
2gfHZWYVhzCQg3dvlmS421,26op06vMM21RB0hej3b0lG,1.950618733444756
2gfHZWYVhzCQg3dvlmS421,7ijnomlrX6iGZ5ih4xTehA,2.00197761472584
2gfHZWYVhzCQg3dvlmS421,3yuxU2iHhz7tocZG9ohT1A,2.0143627297098687
2gfHZWYVhzCQg3dvlmS421,1re1CuvpyhIm5ryPzUQyXc,2.0179210404681522
2gfHZWYVhzCQg3dvlmS421,6d0sSZ2bfKUWeICsNRPyCt,2.0318644530890397
2gfHZWYVhzCQg3dvlmS421,2tUChcOi3ktjFzMYu2w5QL,2.0366642455244985
7nMBN3eKuRfcQGEnzDeNKP,3mZQAM3IZdrzs61VoRe5wa,0.6959080117697066
7nMBN3eKuRfcQGEnzDeNKP,3Ye0P7D5bGfuDmTCKJuWxy,0.8645446568649521
7nMBN3eKuRfcQGEnzDeNKP,0wUxh6XMc698xPCfgBaPRV,1.0147110429863395
7nMBN3eKuRfcQGEnzDeNKP,7pIizKkImgo7jAZnbpFF2R,1.0167940688939574
7nMBN3eKuRfcQGEnzDeNKP,6YNdQ5utvFnK4CTAnBga06,1.229434660765362
7nMBN3eKuRfcQGEnzDeNKP,4DHkzbZSWxsCsvRoEzr28A,1.2489345533630056
7nMBN3eKuRfcQGEnzDeNKP,2fyIS6GXMgUcSv4oejx63f,1.3361709396808097
7nMBN3eKuRfcQGEnzDeNKP,0elH6ukMGLyCHJavHutEza,1.352359417689172
7nMBN3eKuRfcQGEnzDeNKP,3ZffCQKLFLUvYM59XKLbVm,1.3552276959661842
7nMBN3eKuRfcQGEnzDeNKP,4dk12UlAYNruc5pwHEXncR,1.3620954960266374
5lfWrciYtohtIMVDVZd0Rf,3fPgIknlkDWXs1l2noKZbp,0.9123633536785959
5lfWrciYtohtIMVDVZd0Rf,2sgpYwWVQAXWetqtO9Kh24,0.9305929779658383
5lfWrciYtohtIMVDVZd0Rf,3ctDo5gZFNOiMjqa0XDBif,0.9652661819258088
5lfWrciYtohtIMVDVZd0Rf,10ifawoZHnRZjwiQjcoY1S,1.0487400724095621
5lfWrciYtohtIMVDVZd0Rf,3ZcLmonVVD1MTQtmQb8yf3,1.1033224915546231
5lfWrciYtohtIMVDVZd0Rf,4RvtzkdXmDOjbggr6pu9jR,1.1196342538304629
5lfWrciYtohtIMVDVZd0Rf,5ulKQUbgBp6fDd9KvRVHaA,1.2344035712476682
5lfWrciYtohtIMVDVZd0Rf,3BpAJmSlThgkxBmzKzJHX0,1.2376002322619317
5lfWrciYtohtIMVDVZd0Rf,1byfhRPkrLvnQ4ib1SWNxQ,1.2555286850360445
5lfWrciYtohtIMVDVZd0Rf,3VpVwKT10A5a4eqN4Pyad1,1.270019677731859
7xxgqdJBcLG33vo6KXqV6S,6Y6py4pHq2Toh3xEvBn233,1.0472943454959887
7xxgqdJBcLG33vo6KXqV6S,6TzYMmTsjyTIf1cSSuOcAw,1.2233645056341766
7xxgqdJBcLG33vo6KXqV6S,3JVeCPb470mUJ7otD7i8j4,1.2288958931379241
7xxgqdJBcLG33vo6KXqV6S,6KaEnhXKR6vSqqWzQOyqxE,1.2401243641773774
7xxgqdJBcLG33vo6KXqV6S,3g8DqSjSZyY1o30Y4xnWqs,1.3294665853746583
7xxgqdJBcLG33vo6KXqV6S,1WheyFsHUcBWQ33WNHcZdI,1.3368405992922916
7xxgqdJBcLG33vo6KXqV6S,7EKpyfbmopbXMaMLW9QEd3,1.4026976880587516
7xxgqdJBcLG33vo6KXqV6S,6vuF3LYipww2DRhRJ9s7CH,1.447219220263609
7xxgqdJBcLG33vo6KXqV6S,7cmghYOaklEOiHB3mzjkjY,1.4826923459144599
7xxgqdJBcLG33vo6KXqV6S,1Zd1Y1UeG8PB5fDSgKQaH6,1.4868005026941764
5Cpk0Hg5KSUmm0BdyIkVVW,7sJbCv83nl2S94j8ZJz2WP,0.8240435666089454
5Cpk0Hg5KSUmm0BdyIkVVW,0CxXdYtBAWzE58Inc2Zius,0.8265640546555995
5Cpk0Hg5KSUmm0BdyIkVVW,0Q5OUoMBRrbQIYb3TZnzQe,0.8325578449218257
5Cpk0Hg5KSUmm0BdyIkVVW,2gEh41XUP3vI7kAjlEO92n,0.8927899772340628
5Cpk0Hg5KSUmm0BdyIkVVW,0uukw2CgEIApv4IWAjXrBC,0.915308102464644
5Cpk0Hg5KSUmm0BdyIkVVW,1lZzyOyH9LSAWFjHKz9TT2,0.954254646032271
5Cpk0Hg5KSUmm0BdyIkVVW,2wqiV4aIMOosmQMqnLxXbA,1.0912486731950894
5Cpk0Hg5KSUmm0BdyIkVVW,58pYOqfeO87Uk8zPHuOGBu,1.1172801942091146
5Cpk0Hg5KSUmm0BdyIkVVW,43ueXmQ6KjITk0hKKOPOLA,1.1651093933015346
5Cpk0Hg5KSUmm0BdyIkVVW,0KOAra08PQ11mhmUCX5pJf,1.1923037745917822
3ujWh42s95AIqhM6GXoVjn,6cxmYx2CDHRkaTZHVgsykX,1.9233258185818516
3ujWh42s95AIqhM6GXoVjn,6ohXK9Y4ioab0VjQp20rYa,2.0751992252007145
3ujWh42s95AIqhM6GXoVjn,2BZe9fLjce5JlnrVmwYzWl,2.2715338598418695
3ujWh42s95AIqhM6GXoVjn,7jc524Kcj1FRHUh7y5x9uv,2.872509753606159
3ujWh42s95AIqhM6GXoVjn,0sO53kgvUZFEu8Tqne6T7N,3.056295936531977
3ujWh42s95AIqhM6GXoVjn,5xo01RlIlMgQMMI19rY8Xb,3.150633530706795
3ujWh42s95AIqhM6GXoVjn,2awoFGsXQwiU935BUlM6Wf,3.779285062488326
3ujWh42s95AIqhM6GXoVjn,1h4K8ijEaWX9Z2KGXrfz8T,3.8569741449812183
3ujWh42s95AIqhM6GXoVjn,7ErnTS7HiYqwBTNrtdqxK9,3.928255722695355
3ujWh42s95AIqhM6GXoVjn,2cBGY25X6oG1fLwQyOZvJ1,4.15405809868189
4ngv7whSPSAwD8ZP3zMHsd,2G5EuwNgAYXKT5xJQ9KoOC,1.0554276224715071
4ngv7whSPSAwD8ZP3zMHsd,2QMAB7AL9WPd0LdRH4BZda,1.2545101626019888
4ngv7whSPSAwD8ZP3zMHsd,4lD40vyG33AcLiftmxQSC8,1.3188435771012021
4ngv7whSPSAwD8ZP3zMHsd,5bphWpcTM84wiP9u0em7Za,1.3246853197946453
4ngv7whSPSAwD8ZP3zMHsd,23XdaKxpbB9D4mPCgoOgou,1.3293063576789508
4ngv7whSPSAwD8ZP3zMHsd,0T5iIrXA4p5GsubkhuBIKV,1.329321165188701
4ngv7whSPSAwD8ZP3zMHsd,4yNk9iz9WVJikRFle3XEvn,1.3375896873388788
4ngv7whSPSAwD8ZP3zMHsd,2SLwPaJTN6B6zwcIwsuQAK,1.4359707626615266
4ngv7whSPSAwD8ZP3zMHsd,4Fs8Ae2PYNKQJnZmqSsKuw,1.465655097638541
4ngv7whSPSAwD8ZP3zMHsd,5wpyfg3L9LKs64kJF6XiHF,1.4881592491286506
5ALPzPUKl3Np5BrYTFs4Pb,1f9jv3jIHqwZhVW7NMAgYN,0.6595747678693611
5ALPzPUKl3Np5BrYTFs4Pb,3v8CoiN19zAzkTG0E7TBTN,0.7188251050402286
5ALPzPUKl3Np5BrYTFs4Pb,0A4z93tJeaBRgZV6L5WP9h,0.7736236546814312
5ALPzPUKl3Np5BrYTFs4Pb,5HuCuxK1MdKafyUHl6X54r,0.7788720093867219
5ALPzPUKl3Np5BrYTFs4Pb,4X6kRZnZM8mZPkeMUmn8G6,0.8669699189012451
5ALPzPUKl3Np5BrYTFs4Pb,4REZYGhSITpkC8xUiHAi2T,0.9940289689919053
5ALPzPUKl3Np5BrYTFs4Pb,4UF1eupXP9Zz5GpYepyOxI,1.0274440949398986
5ALPzPUKl3Np5BrYTFs4Pb,7G8hUONVhvJnkD3Ak8mNF1,1.0919944587735366
5ALPzPUKl3Np5BrYTFs4Pb,1tbjeelOKIjolYNUNnPMAD,1.1252587487555434
5ALPzPUKl3Np5BrYTFs4Pb,46cEIa1iQPSQLnPVP2hmVm,1.1694327256181758
6FMonOQySdWYdgNshk6zSs,2TJyrrGYcxSDod3MGKcwJj,1.061761623470249
6FMonOQySdWYdgNshk6zSs,4sakBPqSpuj6FJti1rPme7,1.1420351750978044
6FMonOQySdWYdgNshk6zSs,2KZXF3p2o5oNl4dYme5zhH,1.37082774488578
6FMonOQySdWYdgNshk6zSs,5m4FuvMmLOnq7Gpt0ckAcf,1.4547634868269614
6FMonOQySdWYdgNshk6zSs,3hp6JfJIxkv3sl7E6p7DQj,1.5433148575616211
6FMonOQySdWYdgNshk6zSs,2AwYywTNbeiWqQcLqt8UwP,1.6055483642478736
6FMonOQySdWYdgNshk6zSs,40eZosWnfFnCPyk94awG7a,1.621086411805191
6FMonOQySdWYdgNshk6zSs,3z8h0TU7ReDPLIbEnYhWZb,1.7355723534900145
6FMonOQySdWYdgNshk6zSs,1xvADDTyr4ZCu5NPPkOJzU,1.8437813980425077
6FMonOQySdWYdgNshk6zSs,5Z4ZRi6fMaqM4gW3VrTxfk,1.8782180421506884
4sKGkVi8boc00JTpw7aVB7,45FR60U6pxNbiQkA8BOhBD,0.47291276448373637
4sKGkVi8boc00JTpw7aVB7,3FX9rMHZqWTpv5ZTR7TkpB,0.7613187047174499
4sKGkVi8boc00JTpw7aVB7,1VAhH6Qrtod1cKtGjHcUtB,0.8634134559542246
4sKGkVi8boc00JTpw7aVB7,2YG0kV3M9JNde63YtelgUt,0.9192478533217556
4sKGkVi8boc00JTpw7aVB7,7bfocP7GYoLOutUYpTI8tx,0.9384963571212233
4sKGkVi8boc00JTpw7aVB7,5r5cp9IpziiIsR6b93vcnQ,0.9629128693275358
4sKGkVi8boc00JTpw7aVB7,4DFPLQ1A5VX3XJ2EdX4RzU,0.9894734979284164
4sKGkVi8boc00JTpw7aVB7,4sNG6zQBmtq7M8aeeKJRMQ,0.9921340155106635
4sKGkVi8boc00JTpw7aVB7,1OyOTy8cZ5TGbMaHpfrQpY,1.0059088305423953
4sKGkVi8boc00JTpw7aVB7,52aj920Nd9VlhlehQVsfwS,1.0254252095331018
6ibmDmnayyljaIfT8hgkVq,4oowGH3baaetOYlEVUglhU,1.0344604229397603
6ibmDmnayyljaIfT8hgkVq,0aKb5riywYeDam6ukd62RO,1.2847302655605495
6ibmDmnayyljaIfT8hgkVq,6T1t7fOMfVuVpWSe2Z4Pp9,1.306530077078419
6ibmDmnayyljaIfT8hgkVq,5CIuhTu5H6req55w8yBejp,1.3291913755346518
6ibmDmnayyljaIfT8hgkVq,36nYdygI2cwOtjBqGxhHzY,1.3419612250539814
6ibmDmnayyljaIfT8hgkVq,4I0edgb5lVFVllfB7igc91,1.388365232182791
6ibmDmnayyljaIfT8hgkVq,7zO8xgWtAGQpAKEG9n48Yb,1.5224200620765702
6ibmDmnayyljaIfT8hgkVq,6onFDeU84yMtLmYfTlHkoI,1.552127731468159
6ibmDmnayyljaIfT8hgkVq,6bWSlgj7GqYXsorKurrxTJ,1.6411784006162808
6ibmDmnayyljaIfT8hgkVq,1jt4hk4d51pZ8DZl8yMMmG,1.683444204977415
3TgDMAVLGG3jM15i810cbu,4k2iYdpCZYH3eQX2bVKOku,1.4774395382884424
3TgDMAVLGG3jM15i810cbu,0gKuF5cAyTLUflACTah7yC,1.4853750784557007
3TgDMAVLGG3jM15i810cbu,19EZKr7Kf0XWCcspyWL8Rp,1.5182581558497055
3TgDMAVLGG3jM15i810cbu,5QvW5lK6mkfTegpAK9JOO7,1.693488730132497
3TgDMAVLGG3jM15i810cbu,3QqImhDBzvbGF5Ckj5VnT2,1.7226514385123786
3TgDMAVLGG3jM15i810cbu,09obJ3DFME6R9uIZYPZxhG,1.7271552732258042
3TgDMAVLGG3jM15i810cbu,1UR0RbyH4bKoovDNnGd53G,1.8042887364285145
3TgDMAVLGG3jM15i810cbu,2sKchp54KqDz6jPofHZ66t,1.8091190949678722
3TgDMAVLGG3jM15i810cbu,3EtsTQGKkUXaGDmMi7GRfD,1.8266721585499819
3TgDMAVLGG3jM15i810cbu,6hu4zxEVl8vhbZwDlqNqK6,1.839986859653598
6d3jo3AUpEsOrMsbtyeW7y,6V4k01Xr3HsVrfqUyQSIqt,1.1953096424241567
6d3jo3AUpEsOrMsbtyeW7y,43ueXmQ6KjITk0hKKOPOLA,1.3443736132866975
6d3jo3AUpEsOrMsbtyeW7y,2ifYUfvMNbXQDPJEyk68rP,1.3590826293144236
6d3jo3AUpEsOrMsbtyeW7y,6DBqULxLjq66GX2dim7opR,1.386056296362095
6d3jo3AUpEsOrMsbtyeW7y,0HkYWF3O2mW56RU67gEqyG,1.4164958906547274
6d3jo3AUpEsOrMsbtyeW7y,2wqiV4aIMOosmQMqnLxXbA,1.4220251389662724
6d3jo3AUpEsOrMsbtyeW7y,4yqRW7Ovd47DcgfuWXzEGR,1.457011527819853
6d3jo3AUpEsOrMsbtyeW7y,2gEh41XUP3vI7kAjlEO92n,1.4716953405416895
6d3jo3AUpEsOrMsbtyeW7y,0gKuF5cAyTLUflACTah7yC,1.4744198652937452
6d3jo3AUpEsOrMsbtyeW7y,0CxXdYtBAWzE58Inc2Zius,1.4870619715865223
68c8qaChNLXdBvFPCSQz4d,5p66ip2k92QBjuYYw2X0qa,0.6567893069738737
68c8qaChNLXdBvFPCSQz4d,5bFuHlXKw66Uu2cHKn5bf8,0.7595320830620288
68c8qaChNLXdBvFPCSQz4d,3iTgKW7MWI0M0acyEoQXds,0.8192042105456039
68c8qaChNLXdBvFPCSQz4d,3O3lsUYkkrolKZEfH4pTQn,0.820791252587185
68c8qaChNLXdBvFPCSQz4d,2L1KDMlUbzuaXce1VvWV57,0.8583922940900411
68c8qaChNLXdBvFPCSQz4d,26VPU8yYHcZs2II1PD0G9g,0.8761829274959427
68c8qaChNLXdBvFPCSQz4d,6S1BoAiJeJ96A09tHIwJuy,0.9273967569179243
68c8qaChNLXdBvFPCSQz4d,5x4vgABKiGp4Vg7ZyFRxhn,0.9539233162129982
68c8qaChNLXdBvFPCSQz4d,0TXwOYYmyZBOmi75DPVQd8,0.9702503041154121
68c8qaChNLXdBvFPCSQz4d,0elH6ukMGLyCHJavHutEza,0.9903244620414727
07R7LVnlKmNqNI7BA4K2ld,77Jbr7aQyYsH20luHDn7iv,0.8721585717334523
07R7LVnlKmNqNI7BA4K2ld,3y8doSsikONxr7FMYCt41C,1.0629731242473819
07R7LVnlKmNqNI7BA4K2ld,6DJKQqo9uQlSsQyITjDImC,1.135082985896375
07R7LVnlKmNqNI7BA4K2ld,3Dg6BUqz0IaTOEq4ySdhhQ,1.2107508875872275
07R7LVnlKmNqNI7BA4K2ld,0pZPObivxzE2M6AnzezZWH,1.2492142612881147
07R7LVnlKmNqNI7BA4K2ld,1UR0RbyH4bKoovDNnGd53G,1.4875858992758628
07R7LVnlKmNqNI7BA4K2ld,7qmQ9XrTcARzZIE8A0n2Te,1.6197393885769082
07R7LVnlKmNqNI7BA4K2ld,7KFV09JUeoWlKei8kpy530,1.7033541276132174
07R7LVnlKmNqNI7BA4K2ld,7HM1onSgR6op93vH7jNTV5,1.7042260966434801
07R7LVnlKmNqNI7BA4K2ld,0xdYzkbBBfTevSyOJqWUSX,1.7164162220146826
0cJPLFrlV7TTCyPLupHzcH,3g8DqSjSZyY1o30Y4xnWqs,1.0989827293551848
0cJPLFrlV7TTCyPLupHzcH,0TXwOYYmyZBOmi75DPVQd8,1.3071673108677582
0cJPLFrlV7TTCyPLupHzcH,68c8qaChNLXdBvFPCSQz4d,1.368580359751387
0cJPLFrlV7TTCyPLupHzcH,0ILXYaWxMQVEXnKq2eTmjW,1.3860760906955252
0cJPLFrlV7TTCyPLupHzcH,26VPU8yYHcZs2II1PD0G9g,1.3943195018087964
0cJPLFrlV7TTCyPLupHzcH,2O2oWOUJM14dWhQNpkcSbD,1.416605516948407
0cJPLFrlV7TTCyPLupHzcH,0nqOcrAskzhTDBvGpOxNrD,1.4274715811178307
0cJPLFrlV7TTCyPLupHzcH,5bFuHlXKw66Uu2cHKn5bf8,1.4760240163612004
0cJPLFrlV7TTCyPLupHzcH,6KaEnhXKR6vSqqWzQOyqxE,1.485516114364586
0cJPLFrlV7TTCyPLupHzcH,5p66ip2k92QBjuYYw2X0qa,1.4934170346467288
2dHCfHPFdccesaPhiisAed,3KAn1EEsOVjep0Y15UNtTr,0.8041561487521568
2dHCfHPFdccesaPhiisAed,57v7M9jKRFP9NCP3J2ms9M,0.8241692927458836
2dHCfHPFdccesaPhiisAed,006Bi4j0yzwOc3y69GOlYV,0.9688598559589616
2dHCfHPFdccesaPhiisAed,4q6ZHerrtO7gcF67KFX0BF,0.9794353053550449
2dHCfHPFdccesaPhiisAed,1byfhRPkrLvnQ4ib1SWNxQ,0.9885509246445998
2dHCfHPFdccesaPhiisAed,3ctDo5gZFNOiMjqa0XDBif,1.0058453413426935
2dHCfHPFdccesaPhiisAed,6n6zJJFmKJ1DoKq2eMCbEb,1.0795093380713228
2dHCfHPFdccesaPhiisAed,7m0ZqFw6SHoAvtEccpMOs3,1.115416690412147
2dHCfHPFdccesaPhiisAed,7bfocP7GYoLOutUYpTI8tx,1.1424965227198927
2dHCfHPFdccesaPhiisAed,3VpVwKT10A5a4eqN4Pyad1,1.17620445330967
3Pxapn7Bs6jmvPYZl2DDcc,4MNXKskyfqES2LAlbrrRbV,1.2973064148142077
3Pxapn7Bs6jmvPYZl2DDcc,4siZLgCKM0IKnD1ek6Bt4d,1.3411169573447363
3Pxapn7Bs6jmvPYZl2DDcc,1Ip5p31SowqjJLo2ss1afJ,1.3428379268126382
3Pxapn7Bs6jmvPYZl2DDcc,3I9tSAQMVzAuX8QQUBG9rP,1.3823734630202626
3Pxapn7Bs6jmvPYZl2DDcc,361wxJRa6M2sH1Epy2MAC1,1.4723744871050741
3Pxapn7Bs6jmvPYZl2DDcc,00nQri79W2dxFkWmXISlLh,1.4893313194807642
3Pxapn7Bs6jmvPYZl2DDcc,0IgDxg8KOtsM8x3y09L9oB,1.4896835353808497
3Pxapn7Bs6jmvPYZl2DDcc,3G4GIs0jGwIbLFGBL3ZSNc,1.5070238861995366
3Pxapn7Bs6jmvPYZl2DDcc,4pY65PI8PkbRumQpEoxElV,1.532047221400404
3Pxapn7Bs6jmvPYZl2DDcc,0U7SRbyBhkdXdulXr3veKQ,1.5405029633022866
3ZVLP49KrKZakJz9w55ef7,4SVIMu13Nii6XS8Ph7IJjH,2.6913928539428844
3ZVLP49KrKZakJz9w55ef7,2SoHnESLR60erIgFi8zFFi,3.1603518471685805
3ZVLP49KrKZakJz9w55ef7,15dNGPxvzuCvTBzFGmveZi,3.1695377435882928
3ZVLP49KrKZakJz9w55ef7,0zmrF4iO4zaaJKQ06Yb6GO,3.2391632085877573
3ZVLP49KrKZakJz9w55ef7,6Yu1OL8I0D4vjOzYdsXYGK,3.266147585845128
3ZVLP49KrKZakJz9w55ef7,5ApWy8SWLq7q7wgKcOxEQ9,3.299541261781634
3ZVLP49KrKZakJz9w55ef7,1Db4Qa67eYC7MxnCqFvRQj,3.350353310199102
3ZVLP49KrKZakJz9w55ef7,45eEjffcfZfXgILWoY2tZw,3.4052580808057527
3ZVLP49KrKZakJz9w55ef7,79uspTY5GVI0EOBsnWAjxx,3.451470608191036
3ZVLP49KrKZakJz9w55ef7,4rtyV2gthc3k6D0rjcQJOR,3.476432890313009
1xvADDTyr4ZCu5NPPkOJzU,3uliGwmB52ZA7brgpZMzyH,1.220823337770355
1xvADDTyr4ZCu5NPPkOJzU,5Z4ZRi6fMaqM4gW3VrTxfk,1.4852630450552045
1xvADDTyr4ZCu5NPPkOJzU,4dz4lrmcFATwpvpCyfC20b,1.6047623120807522
1xvADDTyr4ZCu5NPPkOJzU,3ApLFFuaXsKBnDhspuQrWj,1.654172142214453
1xvADDTyr4ZCu5NPPkOJzU,2KZXF3p2o5oNl4dYme5zhH,1.6561186661859841
1xvADDTyr4ZCu5NPPkOJzU,3TXF9mdeWd18WEW1alIGOT,1.7229910944682374
1xvADDTyr4ZCu5NPPkOJzU,1zx6GSqLYI2ynzAHnPRKBR,1.7721244954627375
1xvADDTyr4ZCu5NPPkOJzU,6hVLkc1612BQeD6EQFKECm,1.8351082856363805
1xvADDTyr4ZCu5NPPkOJzU,6FMonOQySdWYdgNshk6zSs,1.8437813980425077
1xvADDTyr4ZCu5NPPkOJzU,5BUq9bdtsm3LWw5laJeJ4R,1.8825754034222648
513qzL4sJwVPpzdc7AXZvH,3jl1I9gvCXo5V9hu4hYGLY,0.7350755739265924
513qzL4sJwVPpzdc7AXZvH,2Oghfvs0YkMNadU5c31GpJ,0.8763942999642628
513qzL4sJwVPpzdc7AXZvH,50etdpjrySctCaS4yw0a72,1.2181423908965252
513qzL4sJwVPpzdc7AXZvH,0vIkYCzLD9QH7w8m1dC8Mf,1.2181423908965252
513qzL4sJwVPpzdc7AXZvH,3pHpV3pa96s4vuBP7sQq0V,1.2958513143896806
513qzL4sJwVPpzdc7AXZvH,3v8CoiN19zAzkTG0E7TBTN,1.315792941872062
513qzL4sJwVPpzdc7AXZvH,2aX1zws7bVjTLbS1cYZK2W,1.316810483156541
513qzL4sJwVPpzdc7AXZvH,2auS62fIl7yMkBkfQy0N2F,1.331883660365345
513qzL4sJwVPpzdc7AXZvH,3PF8RXSKjme6Pi58ajTIvo,1.3932692168648677
513qzL4sJwVPpzdc7AXZvH,55N8cxpE1QDoeaaNqUnoZ2,1.393496422410782
5HuCuxK1MdKafyUHl6X54r,5ALPzPUKl3Np5BrYTFs4Pb,0.7788720093867219
5HuCuxK1MdKafyUHl6X54r,0A4z93tJeaBRgZV6L5WP9h,0.8231052609070065
5HuCuxK1MdKafyUHl6X54r,4KC2Z9dL4jL61Ys35N6srg,0.8953702018442369
5HuCuxK1MdKafyUHl6X54r,7wClHQJlSp23OJ4TEi10Dn,0.9536312904481716
5HuCuxK1MdKafyUHl6X54r,1f9jv3jIHqwZhVW7NMAgYN,0.9987131759965254
5HuCuxK1MdKafyUHl6X54r,0pLfv0qTmH5AG2aUQQdkBt,1.088853859169247
5HuCuxK1MdKafyUHl6X54r,2nT4y8qTzu2IBYuw7j8TPi,1.1595475572004157
5HuCuxK1MdKafyUHl6X54r,1wxw8BkVBHfBEiqm69rA48,1.197694561586381
5HuCuxK1MdKafyUHl6X54r,6LiB2EaS3yxxJF4TWFgbno,1.217258249616407
5HuCuxK1MdKafyUHl6X54r,3v8CoiN19zAzkTG0E7TBTN,1.226785868594001
21V4cmZDzVTyoOE2kFTl1Z,6wvWBHg6IWBIqs3eFUdNJx,1.8488187984678182
21V4cmZDzVTyoOE2kFTl1Z,6d48lKUZig9jlzUXHr7QMz,1.9643880139199748
21V4cmZDzVTyoOE2kFTl1Z,341b9JIDHZ3oaMVNwS0OsA,1.9950113708640589
21V4cmZDzVTyoOE2kFTl1Z,7b94Oh1p69ue3mCdXsngrh,2.0017833228194815
21V4cmZDzVTyoOE2kFTl1Z,6jOfKxWSY03vmmSjNs6CM9,2.0768321967211727
21V4cmZDzVTyoOE2kFTl1Z,7bBEhjBUUHwkONgReD5xmB,2.1170064025923856
21V4cmZDzVTyoOE2kFTl1Z,47rsdYKDpxfxM41ELOzZhg,2.1419570693108096
21V4cmZDzVTyoOE2kFTl1Z,3fjhdbUop7FSLTyD8wHMD2,2.3077346269508188
21V4cmZDzVTyoOE2kFTl1Z,6VScORohpeHSfdLkPUZuZX,2.317164837657068
21V4cmZDzVTyoOE2kFTl1Z,7FxxBNwN27gcqRjzSE6T9N,2.3306246820889447
3SSp8LMvyCmm0rlwpxD4LQ,7m0ZqFw6SHoAvtEccpMOs3,1.0611142256767012
3SSp8LMvyCmm0rlwpxD4LQ,1byfhRPkrLvnQ4ib1SWNxQ,1.1492828012032377
3SSp8LMvyCmm0rlwpxD4LQ,5jhIWm2hXdVQJaRDE9AGhW,1.1513016337456223
3SSp8LMvyCmm0rlwpxD4LQ,0apq2ENNMlYg9Os1osfJ3Y,1.2188568063102294
3SSp8LMvyCmm0rlwpxD4LQ,4q6ZHerrtO7gcF67KFX0BF,1.229564701372648
3SSp8LMvyCmm0rlwpxD4LQ,3HKENICtez4Mz0tnUqpFIP,1.2667728714687025
3SSp8LMvyCmm0rlwpxD4LQ,006Bi4j0yzwOc3y69GOlYV,1.3225897766287549
3SSp8LMvyCmm0rlwpxD4LQ,2Oa4PQ6WVqng8AnB7Gbabs,1.329263733361935
3SSp8LMvyCmm0rlwpxD4LQ,6n6zJJFmKJ1DoKq2eMCbEb,1.3608712665962066
3SSp8LMvyCmm0rlwpxD4LQ,2dHCfHPFdccesaPhiisAed,1.370004337390953
3r9eGg4SVPbhtiPTA9UkmK,0l8p1TkaVgcwIUS0xwm6Y5,0.9135867563175121
3r9eGg4SVPbhtiPTA9UkmK,6CBr1ll9YnZJSPueJwtYrp,1.1596260392953952
3r9eGg4SVPbhtiPTA9UkmK,0nBXAd6tU3ESx9rdyEjGbD,1.1961644465844026
3r9eGg4SVPbhtiPTA9UkmK,66ERrn57fmkbOq9zhELGPv,1.286566007685426
3r9eGg4SVPbhtiPTA9UkmK,7lu6YLrlB1MU7HW8DJSuPa,1.3045555259138322
3r9eGg4SVPbhtiPTA9UkmK,52UDFFwUueOBfJ2vB5BqRr,1.324587805170787
3r9eGg4SVPbhtiPTA9UkmK,4f4NAym3a1cwDslRX39WAj,1.3367104097924976
3r9eGg4SVPbhtiPTA9UkmK,0aIW3ekrhK1eh3BYCh11op,1.3585819454423482
3r9eGg4SVPbhtiPTA9UkmK,35CoDqsVF0P2w8Lgir7wrs,1.3985406012012018
3r9eGg4SVPbhtiPTA9UkmK,5bphWpcTM84wiP9u0em7Za,1.5159012220742303
7bBEhjBUUHwkONgReD5xmB,5bBt3WYHKsMVfbGhAPuQHF,1.0684975909188095
7bBEhjBUUHwkONgReD5xmB,6wvWBHg6IWBIqs3eFUdNJx,1.227299932922903
7bBEhjBUUHwkONgReD5xmB,1W0voVAoKVow8VhpwWBHl5,1.2295397605589484
7bBEhjBUUHwkONgReD5xmB,47rsdYKDpxfxM41ELOzZhg,1.25987222040845
7bBEhjBUUHwkONgReD5xmB,0nBXAd6tU3ESx9rdyEjGbD,1.271708478189986
7bBEhjBUUHwkONgReD5xmB,3fs82T0O6mdVcSHhoNlAES,1.3345540319795046
7bBEhjBUUHwkONgReD5xmB,4qk8TRTKURbYICrtfAfDYr,1.3915879224310777
7bBEhjBUUHwkONgReD5xmB,4nbILrYODP667b3d66ZMzI,1.4291432370388437
7bBEhjBUUHwkONgReD5xmB,6VScORohpeHSfdLkPUZuZX,1.46201848415043
7bBEhjBUUHwkONgReD5xmB,3ENn9ahP78mdUTHXDhnyFu,1.4786619697493848
6AJppuCk5EE86paOdDI4yL,6NWjTke7IJDThX8ze3DUJN,0.8507108303485996
6AJppuCk5EE86paOdDI4yL,02xRKYZ1jY4B6utPa59qSf,0.983449888907418
6AJppuCk5EE86paOdDI4yL,0jNRJBmHgJDOmiIvk10J9C,1.0387822019761555
6AJppuCk5EE86paOdDI4yL,0BFWUoOu91FcOEtpTdWFrN,1.0782039553988652
6AJppuCk5EE86paOdDI4yL,6GfqNqXkAofNOakU77MWEb,1.1412360722699717
6AJppuCk5EE86paOdDI4yL,2pAD0PKMUMtxlMvz33tYzB,1.1584870875634856
6AJppuCk5EE86paOdDI4yL,7H4baUrCPnLkLOl6o9zkMO,1.187829234102297
6AJppuCk5EE86paOdDI4yL,56NkIxSZZiMpFP5ZNSxtnT,1.2042442260009578
6AJppuCk5EE86paOdDI4yL,7bfocP7GYoLOutUYpTI8tx,1.2077084824670805
6AJppuCk5EE86paOdDI4yL,1I2MEjnS9c4OPMnKWbIuYs,1.2327025245238024
6txgVVRJkvrSfcOQJIMFbf,5JvVChAko7GrMH290fetnq,0.8136842790253587
6txgVVRJkvrSfcOQJIMFbf,34nDmYlzfXjBoiWl9XoCUU,0.8402962606828657
6txgVVRJkvrSfcOQJIMFbf,68JioFRhzBZrpbON6KI6Zq,1.2018061534474251
6txgVVRJkvrSfcOQJIMFbf,2FXckoxZCBeWvg3IaFd1EW,1.2367498411683322
6txgVVRJkvrSfcOQJIMFbf,6KMbJSTSecyfoD5NgXiQvh,1.2563892943349897
6txgVVRJkvrSfcOQJIMFbf,2QxzpDE6uQPy17dhBTQgpu,1.3794469562388851
6txgVVRJkvrSfcOQJIMFbf,53mYqKfg39Sq3IpS2ywGfM,1.3902717160676854
6txgVVRJkvrSfcOQJIMFbf,4v5aGcoGfj22PEr53NJOHN,1.392400356206452
6txgVVRJkvrSfcOQJIMFbf,7AtwQRLPdttsxcLM5tPL0t,1.4121192607095303
6txgVVRJkvrSfcOQJIMFbf,2JiodPAAXzYPp3OV9oA1gT,1.427651210471815
2E2Yuv42aBOnNhfbbqNoQf,4YXKKnIZuk7UtXH5oC0ffa,1.262398028356029
2E2Yuv42aBOnNhfbbqNoQf,3YLBzcPdr3obwR4tqOJEyv,1.5634406433672172
2E2Yuv42aBOnNhfbbqNoQf,2NaU7cuWOBIOPA2nBJ06Hd,1.629441372410351
2E2Yuv42aBOnNhfbbqNoQf,1WAafipEtn2pAtHYBkBnk6,1.6576593692386818
2E2Yuv42aBOnNhfbbqNoQf,7kIyiyXcaOkk0g3SOxPd33,1.669397841141008
2E2Yuv42aBOnNhfbbqNoQf,5l7GTyzBQ3gj8jljoCnQjQ,1.7106256508240103
2E2Yuv42aBOnNhfbbqNoQf,3eqD8kifaVLMNJS1zRk73b,1.7236937190074102
2E2Yuv42aBOnNhfbbqNoQf,4hA4vowf8u8fhA2KlxBJIa,1.7236937190074102
2E2Yuv42aBOnNhfbbqNoQf,0vqw3BCyNr3DDVBmjD21H8,1.7629446676485625
2E2Yuv42aBOnNhfbbqNoQf,1zZLRpTzRTqPQ7G7uxYI9Y,1.7679160102160019
1erM5eAa42t5PizveNnsbY,2VAP7blVVE9odqmMyM6HFf,1.0843786901873662
1erM5eAa42t5PizveNnsbY,2nLtzopw4rPReszdYBJU6h,1.1439402721671497
1erM5eAa42t5PizveNnsbY,1rfPKTKzzDaz1lDjadZVqb,1.2108587698942006
1erM5eAa42t5PizveNnsbY,4YLv4bDhfubAu142fY8QN1,1.4874737593844607
1erM5eAa42t5PizveNnsbY,0oo6NX5bPcqUbX7eJtoslO,1.6211410876994279
1erM5eAa42t5PizveNnsbY,5zzfKibxNlJPWGkkhAGlLg,1.6690460191452468
1erM5eAa42t5PizveNnsbY,0J1NpNoYYMuohXl4frq0aU,1.6819489265811818
1erM5eAa42t5PizveNnsbY,6a6hIUCbzYNQgxGFae2iBX,1.732507702749173
1erM5eAa42t5PizveNnsbY,4jWePuDwi4Mho9u5kpoYrj,1.7875271690461019
1erM5eAa42t5PizveNnsbY,0KOAra08PQ11mhmUCX5pJf,1.8383373059553598
5auwSKx96QcROy6CTGnHIl,0oo6NX5bPcqUbX7eJtoslO,1.9181781297990543
5auwSKx96QcROy6CTGnHIl,1Suc8pkaJJpHJmgGwH6xaD,1.9360611031938695
5auwSKx96QcROy6CTGnHIl,1erM5eAa42t5PizveNnsbY,2.026521224279127
5auwSKx96QcROy6CTGnHIl,2nLtzopw4rPReszdYBJU6h,2.030438769297556
5auwSKx96QcROy6CTGnHIl,08gufysa763YtyeVUmPAQT,2.0526504140330584
5auwSKx96QcROy6CTGnHIl,0J1NpNoYYMuohXl4frq0aU,2.0868685927519253
5auwSKx96QcROy6CTGnHIl,4YLv4bDhfubAu142fY8QN1,2.108037576918191
5auwSKx96QcROy6CTGnHIl,78rEtQ4KFBidvcEEiFomDT,2.18596370174242
5auwSKx96QcROy6CTGnHIl,5zzfKibxNlJPWGkkhAGlLg,2.2713297677286133
5auwSKx96QcROy6CTGnHIl,2VAP7blVVE9odqmMyM6HFf,2.286876119866312
7GdmthJKzEggNQqkREPLDY,08FVjIlxDFr0ZV5fDLlhKE,0.9634938646373205
7GdmthJKzEggNQqkREPLDY,0bjsMl6oNTuvem3dvX2tDs,1.3750907834544654
7GdmthJKzEggNQqkREPLDY,4DGbBb3ngjF7RsP5f9m7kW,1.3927816737045235
7GdmthJKzEggNQqkREPLDY,2QMAB7AL9WPd0LdRH4BZda,1.4207890718904654
7GdmthJKzEggNQqkREPLDY,5bphWpcTM84wiP9u0em7Za,1.5116579417773244
7GdmthJKzEggNQqkREPLDY,0l8p1TkaVgcwIUS0xwm6Y5,1.5267143126641174
7GdmthJKzEggNQqkREPLDY,3r9eGg4SVPbhtiPTA9UkmK,1.5739557347101443
7GdmthJKzEggNQqkREPLDY,75ArcxyPjMr0sleM5WXLn7,1.6007622630316751
7GdmthJKzEggNQqkREPLDY,35CoDqsVF0P2w8Lgir7wrs,1.6578272509728216
7GdmthJKzEggNQqkREPLDY,5bBt3WYHKsMVfbGhAPuQHF,1.6858520209519188
50OIaK14Pr6ZwCmFfHZ0wB,1c2vVx6knoiZHXbJJ9Mk8L,0.41905520175460975
50OIaK14Pr6ZwCmFfHZ0wB,0ICnFVjsMEQDIXKVKV9KZF,0.7571336071474966
50OIaK14Pr6ZwCmFfHZ0wB,7b1XzNeXhfwGNJWE6gHFRz,0.7806945955482807
50OIaK14Pr6ZwCmFfHZ0wB,09obJ3DFME6R9uIZYPZxhG,0.8507539591784531
50OIaK14Pr6ZwCmFfHZ0wB,54SQet8YMttOgTqDNGcGpe,0.8693824494626058
50OIaK14Pr6ZwCmFfHZ0wB,3wLPRjw2XQpmowqXUXb3UF,0.8769628477962902
50OIaK14Pr6ZwCmFfHZ0wB,0EpdLuptraYGFZ6J7HNSLc,0.930247255238723
50OIaK14Pr6ZwCmFfHZ0wB,2GOVk9VRBmLVEyHSdZYPEN,1.0033250449711455
50OIaK14Pr6ZwCmFfHZ0wB,2RWFncSWZEhSRRifqiDNVV,1.0192463128815463
50OIaK14Pr6ZwCmFfHZ0wB,3XmIlmYem8DGp7aorcpBay,1.069459962838385
1UR0RbyH4bKoovDNnGd53G,0IFMbLUK5ttPmXyK16qUQu,1.1982821903461198
1UR0RbyH4bKoovDNnGd53G,2gNMXJDKRmKWuevBGjN8wo,1.201586614515559
1UR0RbyH4bKoovDNnGd53G,0pZPObivxzE2M6AnzezZWH,1.2676154040349257
1UR0RbyH4bKoovDNnGd53G,1AdUK37moo4ba9vRJJ7zVp,1.431332429891607
1UR0RbyH4bKoovDNnGd53G,6DJKQqo9uQlSsQyITjDImC,1.4589688705928345
1UR0RbyH4bKoovDNnGd53G,07R7LVnlKmNqNI7BA4K2ld,1.4875858992758628
1UR0RbyH4bKoovDNnGd53G,77Jbr7aQyYsH20luHDn7iv,1.497413831410558
1UR0RbyH4bKoovDNnGd53G,2bXI4Rbw1D7aVeHWLjn1Lb,1.5109814969030773
1UR0RbyH4bKoovDNnGd53G,3y8doSsikONxr7FMYCt41C,1.583034302316559
1UR0RbyH4bKoovDNnGd53G,0xdYzkbBBfTevSyOJqWUSX,1.7410374490597134
4dz4lrmcFATwpvpCyfC20b,0jsXpJsdXhnwnwnCLKjYLF,1.1826484975054468
4dz4lrmcFATwpvpCyfC20b,4GAhAw0RCzNVP976NRMOqO,1.2077065991340887
4dz4lrmcFATwpvpCyfC20b,3zwL0EG6j9gJkPBtJY3VQu,1.5291656258038797
4dz4lrmcFATwpvpCyfC20b,2PJzQvozduq44cToUQBa0B,1.552167113932442
4dz4lrmcFATwpvpCyfC20b,1xvADDTyr4ZCu5NPPkOJzU,1.6047623120807522
4dz4lrmcFATwpvpCyfC20b,5aJuHyYNdOzqX6eGO2XyE8,1.632458740939922
4dz4lrmcFATwpvpCyfC20b,4HKFF8kQupjxkx0SKxcPPZ,1.6952781219082869
4dz4lrmcFATwpvpCyfC20b,341b9JIDHZ3oaMVNwS0OsA,1.754940631094137
4dz4lrmcFATwpvpCyfC20b,43nB4BTmfrOZ80QYrD3Ap2,1.7581497566418085
4dz4lrmcFATwpvpCyfC20b,3TXF9mdeWd18WEW1alIGOT,1.8070308455551218
3Fqq8l8ToyiC9ZyHyxMxFo,37LMtqQkT9aEVZEedBJfw5,0.6436878548581457
3Fqq8l8ToyiC9ZyHyxMxFo,6tBt0o5KS4xYaC7aKd7RY0,0.9982452663979864
3Fqq8l8ToyiC9ZyHyxMxFo,25xhL1egtULWxHD5YDJ9XY,1.0071873850310382
3Fqq8l8ToyiC9ZyHyxMxFo,2rbkwvwtdWpDwthWnTpJMj,1.026813072622006
3Fqq8l8ToyiC9ZyHyxMxFo,1bspDLAXNjbSmqThncJaA3,1.1767468411027397
3Fqq8l8ToyiC9ZyHyxMxFo,5a8O0CAraAuR4iLZXg0s46,1.2322011603258023
3Fqq8l8ToyiC9ZyHyxMxFo,0kI4AfCbkK5MP2B7Xgh6kB,1.2718662095657345
3Fqq8l8ToyiC9ZyHyxMxFo,7FxxBNwN27gcqRjzSE6T9N,1.293900742285852
3Fqq8l8ToyiC9ZyHyxMxFo,6iYQCMnUucNMM9Frw2kreu,1.3181489521645606
3Fqq8l8ToyiC9ZyHyxMxFo,2SLwPaJTN6B6zwcIwsuQAK,1.3287691084743753
03eIq0bpMhwR41b8ddQyQS,2AGvjBQyW8RMHIlUQ30ifd,1.029516310338539
03eIq0bpMhwR41b8ddQyQS,6F4w6yDhupUdnrx1U6AiUg,1.0728784714689281
03eIq0bpMhwR41b8ddQyQS,2VSGzQqy9nqJefcYGJNWst,1.2131025164232156
03eIq0bpMhwR41b8ddQyQS,5ee2y1hdrYRYlGzKfkQdBw,1.2436807641395264
03eIq0bpMhwR41b8ddQyQS,7rVw4gyhclOgTIrFCtI3ZG,1.3786328173357962
03eIq0bpMhwR41b8ddQyQS,3XmIlmYem8DGp7aorcpBay,1.4127412317130703
03eIq0bpMhwR41b8ddQyQS,0jwIgZRcbW2VjYuCbhKnX5,1.448463636642128
03eIq0bpMhwR41b8ddQyQS,7AeKwxmlwwLFOF8D7M3Anb,1.464320488461177
03eIq0bpMhwR41b8ddQyQS,4rS66iKCLms3yumMYACKwJ,1.4674341624031093
03eIq0bpMhwR41b8ddQyQS,2Racq7HrXkYvF8w9zXvlTp,1.4926564308153223
3XKjZcgNYtvCmBpE1nX7Wn,60Cohjy8lgh1jIkTpGz9S1,0.8810919509814744
3XKjZcgNYtvCmBpE1nX7Wn,1re1CuvpyhIm5ryPzUQyXc,1.0069031350720734
3XKjZcgNYtvCmBpE1nX7Wn,3QgInVIXkrZDRVQfuKUxSm,1.07192249565703
3XKjZcgNYtvCmBpE1nX7Wn,7G8hUONVhvJnkD3Ak8mNF1,1.0928204904763623
3XKjZcgNYtvCmBpE1nX7Wn,76GGgSpRWU1v0mH26n2ZQy,1.1197856048648853
3XKjZcgNYtvCmBpE1nX7Wn,2auS62fIl7yMkBkfQy0N2F,1.1904342268189936
3XKjZcgNYtvCmBpE1nX7Wn,5bdXzykQmyiUB91lqrNvOC,1.2537684100288022
3XKjZcgNYtvCmBpE1nX7Wn,0DC7Zs2qvAbNK1owWQ4mlL,1.3382102657322301
3XKjZcgNYtvCmBpE1nX7Wn,5ALPzPUKl3Np5BrYTFs4Pb,1.3474209156948473
3XKjZcgNYtvCmBpE1nX7Wn,02GGlQrUckPW2fJmYVpU8l,1.3725314272371845
2WjXRWocLt0HbsdPawx0Mx,5lzHcuhl4iBfR4PtQXBm9i,0.9867185825958592
2WjXRWocLt0HbsdPawx0Mx,7nWzpMBJwjubxBF75Pi4An,1.0560012715759572
2WjXRWocLt0HbsdPawx0Mx,1180Pe0jjGNslftSXTrEKi,1.1608744862947513
2WjXRWocLt0HbsdPawx0Mx,2MROIXHFoYn5JVGQtAXVpy,1.1667285718434481
2WjXRWocLt0HbsdPawx0Mx,0q0blWBIHZZSMgCISWdBYC,1.3358211646927292
2WjXRWocLt0HbsdPawx0Mx,7b1XzNeXhfwGNJWE6gHFRz,1.392343443762564
2WjXRWocLt0HbsdPawx0Mx,0Q0Vl9fKJF5MDxfVKbD78e,1.4112022498079417
2WjXRWocLt0HbsdPawx0Mx,3RoHAivw8gRyzlWDsvbFTB,1.5809842338648423
2WjXRWocLt0HbsdPawx0Mx,0ICnFVjsMEQDIXKVKV9KZF,1.650533490047222
2WjXRWocLt0HbsdPawx0Mx,4yxjD1iYOICm8cizKrbtPg,1.6840282826951514
6DJKQqo9uQlSsQyITjDImC,3y8doSsikONxr7FMYCt41C,1.1278933610372248
6DJKQqo9uQlSsQyITjDImC,07R7LVnlKmNqNI7BA4K2ld,1.135082985896375
6DJKQqo9uQlSsQyITjDImC,1UR0RbyH4bKoovDNnGd53G,1.4589688705928345
6DJKQqo9uQlSsQyITjDImC,77Jbr7aQyYsH20luHDn7iv,1.5601953904349615
6DJKQqo9uQlSsQyITjDImC,6hu4zxEVl8vhbZwDlqNqK6,1.8373910583443647
6DJKQqo9uQlSsQyITjDImC,3Dg6BUqz0IaTOEq4ySdhhQ,1.8774294745415454
6DJKQqo9uQlSsQyITjDImC,0pZPObivxzE2M6AnzezZWH,1.8777629820790283
6DJKQqo9uQlSsQyITjDImC,7HM1onSgR6op93vH7jNTV5,1.8829028305998736
6DJKQqo9uQlSsQyITjDImC,6r9qDqJMdeMTWvHAcQfsHg,1.921168184064831
6DJKQqo9uQlSsQyITjDImC,2gNMXJDKRmKWuevBGjN8wo,1.9732014246603555
1P7Ik6OX9dV3BnXZi9L4cI,7LihoPgTF9hnxMh9lRTNkA,1.0210506460525113
1P7Ik6OX9dV3BnXZi9L4cI,5H9S7RaxxSAgY77Mb0CSPz,1.0719935762588806
1P7Ik6OX9dV3BnXZi9L4cI,4TCMm1N1zoNmRYaLbYwB2k,1.113048305536607
1P7Ik6OX9dV3BnXZi9L4cI,6ry0z6yotxEiqsxoKHpYBO,1.1145039649338686
1P7Ik6OX9dV3BnXZi9L4cI,6ekLy1OsrYdLMbcqc0KZ8G,1.2047247249102784
1P7Ik6OX9dV3BnXZi9L4cI,2j93jQX5C9wRnSzT3qthRt,1.246440809974542
1P7Ik6OX9dV3BnXZi9L4cI,6TzYMmTsjyTIf1cSSuOcAw,1.2576155925902246
1P7Ik6OX9dV3BnXZi9L4cI,4MpYL0NBKcz41y2TW3UCW8,1.303077879106162
1P7Ik6OX9dV3BnXZi9L4cI,3nX1nZJoLqfNSBq19RPGS4,1.3055628437382907
1P7Ik6OX9dV3BnXZi9L4cI,1yTZAe3F0X7BUpxbj8iMwH,1.3245788450393903
7n4Y9BCKLHi4hqI2NctuAq,5H3JW2JiQG432dldneCyW1,0.8365354167172198
7n4Y9BCKLHi4hqI2NctuAq,6aHFdm58mPF4YPJX3FgI0z,0.9218862636594378
7n4Y9BCKLHi4hqI2NctuAq,5frWFPeKH8Pam3rKLFCytt,0.9541596121021108
7n4Y9BCKLHi4hqI2NctuAq,1sKt4HswC1nmkjuhhG0KFt,0.9570009245070149
7n4Y9BCKLHi4hqI2NctuAq,3iOcbCxe0jW1XrlFb0rvj2,0.99623712904109
7n4Y9BCKLHi4hqI2NctuAq,4jVu0QPK9BVeNgAmfvkocn,1.0467156176188224
7n4Y9BCKLHi4hqI2NctuAq,0wUxh6XMc698xPCfgBaPRV,1.0625705262382867
7n4Y9BCKLHi4hqI2NctuAq,2Tv4NhYavSni05V7IIT17w,1.0821438832729626
7n4Y9BCKLHi4hqI2NctuAq,72zHuDxFQTjbL51qJQSA7j,1.1220348567422767
7n4Y9BCKLHi4hqI2NctuAq,3q5Ze7QksOVd2ES9YzdfsE,1.1382867555123806
4ocDKtGkfPHFpUlmkOfAiy,6qFWAs54gSDIUh0J9XY8qx,0.9190431032101443
4ocDKtGkfPHFpUlmkOfAiy,5Gox2FHWcB882eGsRIkdrt,1.0532045279488307
4ocDKtGkfPHFpUlmkOfAiy,20McUFi8KCIVdNDLrkTDuZ,1.0963490708210046
4ocDKtGkfPHFpUlmkOfAiy,1rrPwnC71ZmXcIXuPudHYo,1.2359419924755854
4ocDKtGkfPHFpUlmkOfAiy,3lMGhsGVaAO37AKy5CV8HB,1.2406665583811327
4ocDKtGkfPHFpUlmkOfAiy,6RNDeRnWsRMjPdNVgupZCs,1.2434624983001104
4ocDKtGkfPHFpUlmkOfAiy,0p4D8tKBjpTqOpFhwxIXe1,1.2930206669271949
4ocDKtGkfPHFpUlmkOfAiy,4oOmRoG2lWjv6COrTT8Z28,1.3124441569168834
4ocDKtGkfPHFpUlmkOfAiy,1VAhH6Qrtod1cKtGjHcUtB,1.3384314416005352
4ocDKtGkfPHFpUlmkOfAiy,4pxcboeftnVJoMuqigFL4g,1.3715084806462698
71ufF5km9x0EBUjsNVSTQj,6d1AuFOL1YBzLcruapNbZV,1.3458412671951128
71ufF5km9x0EBUjsNVSTQj,7G8hUONVhvJnkD3Ak8mNF1,1.3858248769467811
71ufF5km9x0EBUjsNVSTQj,37cb7mzkQKksGm0noGDXeh,1.4115051819180326
71ufF5km9x0EBUjsNVSTQj,3QgInVIXkrZDRVQfuKUxSm,1.5477283241618878
71ufF5km9x0EBUjsNVSTQj,2aX1zws7bVjTLbS1cYZK2W,1.5517437467134867
71ufF5km9x0EBUjsNVSTQj,6T0e1wKkONiIZQ1FTjMlGZ,1.5556210805221466
71ufF5km9x0EBUjsNVSTQj,2ueWCiQRtVdj5pSs87CDla,1.5686283472138376
71ufF5km9x0EBUjsNVSTQj,76GGgSpRWU1v0mH26n2ZQy,1.5748390027953392
71ufF5km9x0EBUjsNVSTQj,2oJ0dSKYEgRvSVtCx3mC8e,1.576113025048311
71ufF5km9x0EBUjsNVSTQj,2DEHcqIwG3umK94P0tlh7X,1.5814802447299674
46bFZCQ2U2DMSNUKGzQUyP,1WDDMw1k46OS4W2IGxmLzj,0.9203621531619475
46bFZCQ2U2DMSNUKGzQUyP,3lMGhsGVaAO37AKy5CV8HB,1.1956528271376061
46bFZCQ2U2DMSNUKGzQUyP,3z4XtoZVf8AOoR18Lnp7e1,1.2343907999238815
46bFZCQ2U2DMSNUKGzQUyP,0DC7Zs2qvAbNK1owWQ4mlL,1.238159752981695
46bFZCQ2U2DMSNUKGzQUyP,4pxcboeftnVJoMuqigFL4g,1.2666384903650736
46bFZCQ2U2DMSNUKGzQUyP,0bIgZAoXlENJVhVCt838Az,1.3213095658052099
46bFZCQ2U2DMSNUKGzQUyP,3QqImhDBzvbGF5Ckj5VnT2,1.3427554210029296
46bFZCQ2U2DMSNUKGzQUyP,0vIkYCzLD9QH7w8m1dC8Mf,1.3997121194286681
46bFZCQ2U2DMSNUKGzQUyP,50etdpjrySctCaS4yw0a72,1.3997121194286681
46bFZCQ2U2DMSNUKGzQUyP,7Gc9OoiYsUrByC8tzD7kYY,1.4635947206659319
5WBn5fDSVP8eMrxXQRMVWL,0Z7nVJmfPLRjhtStJZh4hm,0.6359796900337712
5WBn5fDSVP8eMrxXQRMVWL,6X75beLYymFGvrw5Ocqflq,1.459424737258145
5WBn5fDSVP8eMrxXQRMVWL,1SEZDfakTMMmUcHildSzsx,1.5518385071071277
5WBn5fDSVP8eMrxXQRMVWL,4GRgeMNKXKSqmkKRqzoXB7,1.55555619951879
5WBn5fDSVP8eMrxXQRMVWL,1OwJLABgqyipl2dQS0UhKD,1.5939439314073471
5WBn5fDSVP8eMrxXQRMVWL,5IXpJkpRvk97JoLMTitMPG,1.6148442174060378
5WBn5fDSVP8eMrxXQRMVWL,2AJL5Z7SjjilD8fAFWp8uo,1.6903365497833023
5WBn5fDSVP8eMrxXQRMVWL,3eBMWAbupDk0WKevWvrqa4,1.7003455318190017
5WBn5fDSVP8eMrxXQRMVWL,7IZ7SwZfnXMKKwMIGdE6o8,1.870831074523917
5WBn5fDSVP8eMrxXQRMVWL,0FlPKWNvl0ZJxQvw3UK3ja,1.9059760635113014
5H3JW2JiQG432dldneCyW1,1sKt4HswC1nmkjuhhG0KFt,0.5985717560196376
5H3JW2JiQG432dldneCyW1,4jVu0QPK9BVeNgAmfvkocn,0.7505756399204949
5H3JW2JiQG432dldneCyW1,2Tv4NhYavSni05V7IIT17w,0.7629028995970476
5H3JW2JiQG432dldneCyW1,1I2MEjnS9c4OPMnKWbIuYs,0.7756859274877633
5H3JW2JiQG432dldneCyW1,6qOCyu8agpod9VK4EdZqzt,0.8089230322587664
5H3JW2JiQG432dldneCyW1,6IRzBP4gVoV4D2zHmocoWy,0.8255537758566275
5H3JW2JiQG432dldneCyW1,4hQ6UGyWQIGJmHSo0J88JW,0.8274064394403694
5H3JW2JiQG432dldneCyW1,7n4Y9BCKLHi4hqI2NctuAq,0.8365354167172198
5H3JW2JiQG432dldneCyW1,3kUYO8UMNxuOCPuERmQYKa,0.8477182822361037
5H3JW2JiQG432dldneCyW1,2fyIS6GXMgUcSv4oejx63f,0.8614635246360804
1eGdw1BbGAYaXbgPcVIkGm,04tv9ewp0KMC5ijweE1GmS,0.8606286986072418
1eGdw1BbGAYaXbgPcVIkGm,2ZZ3SXe3q8fwzVtIrQpEKy,0.8814487784333903
1eGdw1BbGAYaXbgPcVIkGm,59eCy91JDrnpbPLF3T3L03,0.906768154196616
1eGdw1BbGAYaXbgPcVIkGm,3Y4rUyw7XBCK6hGHCOt6rp,1.1284453450139025
1eGdw1BbGAYaXbgPcVIkGm,0H9T97wS2k3bk1JcyOlrrN,1.1582920545112485
1eGdw1BbGAYaXbgPcVIkGm,4FqirD1KsDyNukowu8TWhX,1.2258284624810516
1eGdw1BbGAYaXbgPcVIkGm,7KnFT8NQPRYtWOZXhWcGGZ,1.3403416631974925
1eGdw1BbGAYaXbgPcVIkGm,2RJireEKZhGveSCh1cDZjN,1.44536332268992
1eGdw1BbGAYaXbgPcVIkGm,2hw1sBTzjB9zghnlLpqeAj,1.4557063388699527
1eGdw1BbGAYaXbgPcVIkGm,2o4brM0aHognKkRI8QtLEg,1.4672237687447744
4DFPLQ1A5VX3XJ2EdX4RzU,54sxsI1fcUJSAmKyty00r5,0.9652671535177277
4DFPLQ1A5VX3XJ2EdX4RzU,4sKGkVi8boc00JTpw7aVB7,0.9894734979284164
4DFPLQ1A5VX3XJ2EdX4RzU,4paK7VQa8HRYPSF2hvC4LQ,1.0108267152464132
4DFPLQ1A5VX3XJ2EdX4RzU,5r5cp9IpziiIsR6b93vcnQ,1.027837034846021
4DFPLQ1A5VX3XJ2EdX4RzU,3CRT6IQTfsEZjiXfZ49g9w,1.0745190716598318
4DFPLQ1A5VX3XJ2EdX4RzU,3FX9rMHZqWTpv5ZTR7TkpB,1.0959745576805309
4DFPLQ1A5VX3XJ2EdX4RzU,5ulKQUbgBp6fDd9KvRVHaA,1.106272688216125
4DFPLQ1A5VX3XJ2EdX4RzU,3bc6MVpDA0hm4DbuqD2r9C,1.169271992177174
4DFPLQ1A5VX3XJ2EdX4RzU,0EpdLuptraYGFZ6J7HNSLc,1.191678081504845
4DFPLQ1A5VX3XJ2EdX4RzU,2YG0kV3M9JNde63YtelgUt,1.2012048046904478
4oglYe270D9yn6Gc0JWc03,249e2fS064cOwvWXm4JU28,1.2425652796931443
4oglYe270D9yn6Gc0JWc03,3BHR1mJOqn2UZyq98YKPgd,1.3188205609005355
4oglYe270D9yn6Gc0JWc03,6ecXZdsvfOQjjQcVNs4WkN,1.6668910415458333
4oglYe270D9yn6Gc0JWc03,19EZKr7Kf0XWCcspyWL8Rp,1.6925090074287044
4oglYe270D9yn6Gc0JWc03,6NWjTke7IJDThX8ze3DUJN,1.7413373037346744
4oglYe270D9yn6Gc0JWc03,0bIgZAoXlENJVhVCt838Az,1.744547975537638
4oglYe270D9yn6Gc0JWc03,6Vb1LGvWPpP3aeuRcp098D,1.7612072447555713
4oglYe270D9yn6Gc0JWc03,3XmIlmYem8DGp7aorcpBay,1.839533936381489
4oglYe270D9yn6Gc0JWc03,7H4baUrCPnLkLOl6o9zkMO,1.8417108362874646
4oglYe270D9yn6Gc0JWc03,2cTOee6bTauDFK1QuDS1BD,1.8513168209866713
2nT4y8qTzu2IBYuw7j8TPi,5bdXzykQmyiUB91lqrNvOC,0.5744910005452731
2nT4y8qTzu2IBYuw7j8TPi,3znPiywA0q1VK2jgAZFDoI,0.5988605510262959
2nT4y8qTzu2IBYuw7j8TPi,7s4XK58jwdioXsBdXianI8,0.9841647915469339
2nT4y8qTzu2IBYuw7j8TPi,3UgiXDauVuj9HZKzFY8TBL,1.037813540715464
2nT4y8qTzu2IBYuw7j8TPi,56ejQ1pr7fZVhU5Gfx9YQ5,1.0478409193554568
2nT4y8qTzu2IBYuw7j8TPi,4f3g4NIJMywPIeTY74wh9b,1.048846580593576
2nT4y8qTzu2IBYuw7j8TPi,33LleOXlYSGmHinXyHWU7g,1.096468668115963
2nT4y8qTzu2IBYuw7j8TPi,4wOqh7UiXe4jfbotAizdTu,1.1570511553388738
2nT4y8qTzu2IBYuw7j8TPi,5HuCuxK1MdKafyUHl6X54r,1.1595475572004157
2nT4y8qTzu2IBYuw7j8TPi,0A4z93tJeaBRgZV6L5WP9h,1.2000652340544313
6r9qDqJMdeMTWvHAcQfsHg,77Jbr7aQyYsH20luHDn7iv,1.513808729259579
6r9qDqJMdeMTWvHAcQfsHg,3Dg6BUqz0IaTOEq4ySdhhQ,1.7043007867547126
6r9qDqJMdeMTWvHAcQfsHg,7qmQ9XrTcARzZIE8A0n2Te,1.7367335192391826
6r9qDqJMdeMTWvHAcQfsHg,07R7LVnlKmNqNI7BA4K2ld,1.7670999471537858
6r9qDqJMdeMTWvHAcQfsHg,3y8doSsikONxr7FMYCt41C,1.8439379778208609
6r9qDqJMdeMTWvHAcQfsHg,6DJKQqo9uQlSsQyITjDImC,1.921168184064831
6r9qDqJMdeMTWvHAcQfsHg,1UR0RbyH4bKoovDNnGd53G,2.1048750248416654
6r9qDqJMdeMTWvHAcQfsHg,0pZPObivxzE2M6AnzezZWH,2.278913943149628
6r9qDqJMdeMTWvHAcQfsHg,7HM1onSgR6op93vH7jNTV5,2.3401756805985516
6r9qDqJMdeMTWvHAcQfsHg,1AdUK37moo4ba9vRJJ7zVp,2.3506790989420914
34CkAgBoiRuElQEKoi1zVF,3pQ0zUFOi4e1KZ8yQkeD42,0.6851109859078319
34CkAgBoiRuElQEKoi1zVF,7s4XK58jwdioXsBdXianI8,0.9189582649160591
34CkAgBoiRuElQEKoi1zVF,4f3g4NIJMywPIeTY74wh9b,0.9726270418388083
34CkAgBoiRuElQEKoi1zVF,56ejQ1pr7fZVhU5Gfx9YQ5,1.1510682177554241
34CkAgBoiRuElQEKoi1zVF,2w2MXZEONSMh1HzOUpuqIx,1.1854032907940342
34CkAgBoiRuElQEKoi1zVF,33LleOXlYSGmHinXyHWU7g,1.3451158935277687
34CkAgBoiRuElQEKoi1zVF,2nT4y8qTzu2IBYuw7j8TPi,1.43759680893456
34CkAgBoiRuElQEKoi1zVF,6nsdMJW0IU4pR3pEmo0LAI,1.4529901709104733
34CkAgBoiRuElQEKoi1zVF,5k5QpH6VYu2EZZaw5ceSkJ,1.5113974169408046
34CkAgBoiRuElQEKoi1zVF,3znPiywA0q1VK2jgAZFDoI,1.5170744098517306
2FXckoxZCBeWvg3IaFd1EW,1GxXPNNkNymHPn6yTgWPxu,0.7051062766058454
2FXckoxZCBeWvg3IaFd1EW,4CVOUJki8YUWol3jhLphgs,0.7438229672743984
2FXckoxZCBeWvg3IaFd1EW,2QxzpDE6uQPy17dhBTQgpu,0.7886935942405876
2FXckoxZCBeWvg3IaFd1EW,3bMpVBHhoiVVNFUCgeme4P,0.8611039411202627
2FXckoxZCBeWvg3IaFd1EW,3mnZxecdxSU4ZXSxK522sV,0.8848369726190701
2FXckoxZCBeWvg3IaFd1EW,10t0BfHUkq9iKZzOj4LY3c,0.9092164907207007
2FXckoxZCBeWvg3IaFd1EW,34nDmYlzfXjBoiWl9XoCUU,0.9399589483175442
2FXckoxZCBeWvg3IaFd1EW,7t1UzsIKRBXXVdwJRIaDxn,0.9855743928141035
2FXckoxZCBeWvg3IaFd1EW,2gEh41XUP3vI7kAjlEO92n,1.014726810819275
2FXckoxZCBeWvg3IaFd1EW,3IKUuAJghlmAkjBKbXaGjS,1.0567727028397607
2aYW6K8f6ESAqPINJHfmGn,626KJ8oTkNs9znR1nDqq1k,1.1547980776947249
2aYW6K8f6ESAqPINJHfmGn,5Dj4dtQ0HXxvKRdzqELup0,1.2686291627505464
2aYW6K8f6ESAqPINJHfmGn,2gy6A01eKUii3HCns5nHwW,1.3981852093888858
2aYW6K8f6ESAqPINJHfmGn,3joSo5cx7WLe18uEEdu3Oj,1.5627799707659256
2aYW6K8f6ESAqPINJHfmGn,6ohVFU3E1i5Ke7k37vtDdS,1.7931531396369687
2aYW6K8f6ESAqPINJHfmGn,59D6U4erIjSUoUrXM82edy,1.808635211728763
2aYW6K8f6ESAqPINJHfmGn,4Fs8Ae2PYNKQJnZmqSsKuw,1.9824789009002033
2aYW6K8f6ESAqPINJHfmGn,7GdmthJKzEggNQqkREPLDY,2.0595045439730457
2aYW6K8f6ESAqPINJHfmGn,1HrKC8HlC5gTsLVYYbVVop,2.090907573692057
2aYW6K8f6ESAqPINJHfmGn,0bjsMl6oNTuvem3dvX2tDs,2.1249993648059546
1fdDasmoFSBRdsuCLL3ger,3JVeCPb470mUJ7otD7i8j4,1.3056996151815632
1fdDasmoFSBRdsuCLL3ger,6ZRwn9JqdtRQyrHT0tKIgy,1.3582583904410797
1fdDasmoFSBRdsuCLL3ger,6ekLy1OsrYdLMbcqc0KZ8G,1.3730759303860638
1fdDasmoFSBRdsuCLL3ger,1VEO3XUn4W2dCCB0mCA5DG,1.4297738376267703
1fdDasmoFSBRdsuCLL3ger,3dRjPo78q6rb7vaRElKNRl,1.4960132597506604
1fdDasmoFSBRdsuCLL3ger,37nppJzOgypngu1szTRD06,1.50720730376588
1fdDasmoFSBRdsuCLL3ger,1lCSVEqFldH6cTMnm28M8k,1.541376888097015
1fdDasmoFSBRdsuCLL3ger,6ry0z6yotxEiqsxoKHpYBO,1.6004270030869763
1fdDasmoFSBRdsuCLL3ger,1XLe4yeCt8cFemyxnICcZN,1.6199372256472673
1fdDasmoFSBRdsuCLL3ger,1nBDeSiqD2z1ofv9hEttfi,1.6237763539139907
5R3TXM4XqQYBZjMs7koHZT,1yo3kUDbRC60FCroxINeJQ,1.1065961916722142
5R3TXM4XqQYBZjMs7koHZT,7lltIP2aLYnEwbrKdYq0gb,1.270076143013092
5R3TXM4XqQYBZjMs7koHZT,67al4eD0HtTYVqw1BLcF2d,1.2984270114264231
5R3TXM4XqQYBZjMs7koHZT,2AJL5Z7SjjilD8fAFWp8uo,1.3049527329510406
5R3TXM4XqQYBZjMs7koHZT,72Br67AOUPrirJtaMoXOUk,1.3091982701043006
5R3TXM4XqQYBZjMs7koHZT,0XE4aVvC1rOGaS9jLpgsfv,1.3221850355555418
5R3TXM4XqQYBZjMs7koHZT,2dDE3WCSj2cELFYO1IfECD,1.4432695080226339
5R3TXM4XqQYBZjMs7koHZT,3Msrp56q1eTLQaZFX06Qp3,1.4920884740988531
5R3TXM4XqQYBZjMs7koHZT,08l9WKDuRyGeStQ9ojTlFh,1.5946093269511241
5R3TXM4XqQYBZjMs7koHZT,3rTk7Ll8NRrd2jspBFtimV,1.5999397850795636
5r5cp9IpziiIsR6b93vcnQ,3CRT6IQTfsEZjiXfZ49g9w,0.7544016278697974
5r5cp9IpziiIsR6b93vcnQ,78cj9M7Ax1yDruYM5QeG39,0.7973701571025142
5r5cp9IpziiIsR6b93vcnQ,5hZctl6Xi8xaJG8LgIZWDy,0.9223965045720708
5r5cp9IpziiIsR6b93vcnQ,4sKGkVi8boc00JTpw7aVB7,0.9629128693275358
5r5cp9IpziiIsR6b93vcnQ,4DFPLQ1A5VX3XJ2EdX4RzU,1.027837034846021
5r5cp9IpziiIsR6b93vcnQ,54sxsI1fcUJSAmKyty00r5,1.0918762679752199
5r5cp9IpziiIsR6b93vcnQ,45FR60U6pxNbiQkA8BOhBD,1.1014202142817076
5r5cp9IpziiIsR6b93vcnQ,5ulKQUbgBp6fDd9KvRVHaA,1.104700065362104
5r5cp9IpziiIsR6b93vcnQ,5xde0qUR1uUmH8ZVOqoPRo,1.140756807513119
5r5cp9IpziiIsR6b93vcnQ,6IlQmJorOrT6eWZFqUzzES,1.1668623666485471
78ZqE2tjAxbqEGGlvGnQfT,5ncofiedz9Ej6YkvvXMKVn,1.3437412613596842
78ZqE2tjAxbqEGGlvGnQfT,3rXgbjVLoaHEUq82dbCP0f,1.4516601664660302
78ZqE2tjAxbqEGGlvGnQfT,4G3IXyVRxSx5lLhUvv3fu3,1.514334040799352
78ZqE2tjAxbqEGGlvGnQfT,4zUHDRC4EJNcLag5uluuNE,1.6119465667856405
78ZqE2tjAxbqEGGlvGnQfT,4ZXZKLCXALRAD9xWkPd5Yr,1.6422682624043237
78ZqE2tjAxbqEGGlvGnQfT,0OwEskGUqCMgkSY7JkJS7x,1.6455344363888524
78ZqE2tjAxbqEGGlvGnQfT,60sMKR8s0Zs8tXRqKsI8VX,1.6724233774080617
78ZqE2tjAxbqEGGlvGnQfT,21ox43RiEnhW9T398iSgAN,1.6776100117903263
78ZqE2tjAxbqEGGlvGnQfT,68McOe4uvV9uJlQVu65duX,1.713010022512474
78ZqE2tjAxbqEGGlvGnQfT,3BOJ6BFjwbixqQM8J4hgYA,1.7224778694483627
5WTMon2o3bL3LvIxVQm9xk,1tBjTyIWZpAXKOahFNrpMK,0.8768969570071334
5WTMon2o3bL3LvIxVQm9xk,1bspDLAXNjbSmqThncJaA3,0.9009581299665099
5WTMon2o3bL3LvIxVQm9xk,0PPIpnwOzCZMUaGiHbAEqc,1.2557533500065357
5WTMon2o3bL3LvIxVQm9xk,1nvbESS1keAEEVL7SJjSH4,1.2658789207540866
5WTMon2o3bL3LvIxVQm9xk,1zSwGQRbtOaxCLLH1caBFA,1.2678319304037597
5WTMon2o3bL3LvIxVQm9xk,5j8cflZIx0GwvlkzPImbtK,1.291089372772096
5WTMon2o3bL3LvIxVQm9xk,6iYQCMnUucNMM9Frw2kreu,1.402380327708945
5WTMon2o3bL3LvIxVQm9xk,3Fqq8l8ToyiC9ZyHyxMxFo,1.4408099408484198
5WTMon2o3bL3LvIxVQm9xk,5OSpHOjCFDWRY67fJFZ1ZQ,1.4910309114812794
5WTMon2o3bL3LvIxVQm9xk,0kI4AfCbkK5MP2B7Xgh6kB,1.530033996751362
2aNCrdzCbgFIkxs0qul8dT,4rS66iKCLms3yumMYACKwJ,1.0133739501280272
2aNCrdzCbgFIkxs0qul8dT,02xRKYZ1jY4B6utPa59qSf,1.2380205907848272
2aNCrdzCbgFIkxs0qul8dT,6tBt0o5KS4xYaC7aKd7RY0,1.288280471171086
2aNCrdzCbgFIkxs0qul8dT,6GfqNqXkAofNOakU77MWEb,1.3062335271697296
2aNCrdzCbgFIkxs0qul8dT,3XmIlmYem8DGp7aorcpBay,1.3424343822218214
2aNCrdzCbgFIkxs0qul8dT,0kI4AfCbkK5MP2B7Xgh6kB,1.4204384543710415
2aNCrdzCbgFIkxs0qul8dT,1WsPeKmEE0NSgq6F3y2Ot6,1.4220276657519235
2aNCrdzCbgFIkxs0qul8dT,6TSDRzJGwbK9cajVbtqlPV,1.5137819057869366
2aNCrdzCbgFIkxs0qul8dT,0zuH9aSrPkctSaAn1kPN86,1.5165967614806257
2aNCrdzCbgFIkxs0qul8dT,58pYOqfeO87Uk8zPHuOGBu,1.5430952223103005
5fuvbjqgCVH7WFcwHz2kZk,03eIq0bpMhwR41b8ddQyQS,1.6129919288721264
5fuvbjqgCVH7WFcwHz2kZk,6F4w6yDhupUdnrx1U6AiUg,1.63342509274237
5fuvbjqgCVH7WFcwHz2kZk,2VSGzQqy9nqJefcYGJNWst,1.6690893786427288
5fuvbjqgCVH7WFcwHz2kZk,7rVw4gyhclOgTIrFCtI3ZG,1.7418108749693384
5fuvbjqgCVH7WFcwHz2kZk,0pLfv0qTmH5AG2aUQQdkBt,1.7648034041239802
5fuvbjqgCVH7WFcwHz2kZk,76GGgSpRWU1v0mH26n2ZQy,1.8464969295555855
5fuvbjqgCVH7WFcwHz2kZk,4G3IXyVRxSx5lLhUvv3fu3,1.8988342839162689
5fuvbjqgCVH7WFcwHz2kZk,78ZqE2tjAxbqEGGlvGnQfT,1.9525099060872038
5fuvbjqgCVH7WFcwHz2kZk,3QqImhDBzvbGF5Ckj5VnT2,1.9628300441940219
5fuvbjqgCVH7WFcwHz2kZk,4REZYGhSITpkC8xUiHAi2T,1.9947578398425228
2w2MXZEONSMh1HzOUpuqIx,56ejQ1pr7fZVhU5Gfx9YQ5,0.7338781451311538
2w2MXZEONSMh1HzOUpuqIx,63HkkLxSefpYzy1kPrcAOy,0.8362205577810423
2w2MXZEONSMh1HzOUpuqIx,4f3g4NIJMywPIeTY74wh9b,0.836487366612245
2w2MXZEONSMh1HzOUpuqIx,7s4XK58jwdioXsBdXianI8,1.1050729303314772
2w2MXZEONSMh1HzOUpuqIx,7wClHQJlSp23OJ4TEi10Dn,1.171458592890306
2w2MXZEONSMh1HzOUpuqIx,34CkAgBoiRuElQEKoi1zVF,1.1854032907940342
2w2MXZEONSMh1HzOUpuqIx,2nT4y8qTzu2IBYuw7j8TPi,1.2264764975831903
2w2MXZEONSMh1HzOUpuqIx,3pQ0zUFOi4e1KZ8yQkeD42,1.2408574602380538
2w2MXZEONSMh1HzOUpuqIx,33LleOXlYSGmHinXyHWU7g,1.244799528188158
2w2MXZEONSMh1HzOUpuqIx,3RoHAivw8gRyzlWDsvbFTB,1.3032876656871164
7grNHTSADMlLZ96mH4wI85,7C3lbQVR3vlo8WCHNiwycv,0.8648756736802053
7grNHTSADMlLZ96mH4wI85,1hOqxeZappRsi9FAmBUCpS,1.0888561258863234
7grNHTSADMlLZ96mH4wI85,1VtPE3YY4Uc9KCaQATcVJh,1.1279102567892032
7grNHTSADMlLZ96mH4wI85,3dRjPo78q6rb7vaRElKNRl,1.1368244818236515
7grNHTSADMlLZ96mH4wI85,1nBDeSiqD2z1ofv9hEttfi,1.2750938156615212
7grNHTSADMlLZ96mH4wI85,6pAIDhDoB7k4bOsxbQjycO,1.3357045429029615
7grNHTSADMlLZ96mH4wI85,5mwkHxbdWcUVHWxp3cEqvy,1.4729871315435683
7grNHTSADMlLZ96mH4wI85,1XLe4yeCt8cFemyxnICcZN,1.5737370887525897
7grNHTSADMlLZ96mH4wI85,4DpgPdsES4Hxdz3eqOP3Ac,1.6164526292224581
7grNHTSADMlLZ96mH4wI85,6ZRwn9JqdtRQyrHT0tKIgy,1.6882434673599191
041Xf2o8yDouqWCDKqkGuC,7KFV09JUeoWlKei8kpy530,0.9741606224148954
041Xf2o8yDouqWCDKqkGuC,0pZPObivxzE2M6AnzezZWH,1.0033498048400205
041Xf2o8yDouqWCDKqkGuC,0SRPuTnr5QOKRoIxMvvlgK,1.0653147365375781
041Xf2o8yDouqWCDKqkGuC,3EtsTQGKkUXaGDmMi7GRfD,1.0929562623872426
041Xf2o8yDouqWCDKqkGuC,3cyN4BZhcTdZyTMcqaCDb3,1.1389902568205283
041Xf2o8yDouqWCDKqkGuC,0zuH9aSrPkctSaAn1kPN86,1.2267437322574355
041Xf2o8yDouqWCDKqkGuC,1YmavNGmgWmsLe6OZX6sJC,1.3239268182445558
041Xf2o8yDouqWCDKqkGuC,6AvpoXv2KL0rGYIcZ3v3QI,1.3279601677679942
041Xf2o8yDouqWCDKqkGuC,0xdYzkbBBfTevSyOJqWUSX,1.342662211737992
041Xf2o8yDouqWCDKqkGuC,7epvz4k2v8qrzYansbnKAd,1.3650567931185875
0T5iIrXA4p5GsubkhuBIKV,4yNk9iz9WVJikRFle3XEvn,0.8786236828113643
0T5iIrXA4p5GsubkhuBIKV,2QMAB7AL9WPd0LdRH4BZda,0.9125101003252732
0T5iIrXA4p5GsubkhuBIKV,3nImoHhXBOqYcdTN8gt9eE,0.9232403137996477
0T5iIrXA4p5GsubkhuBIKV,0z5EJolHD3zV6W17tigtP7,1.0111656046200637
0T5iIrXA4p5GsubkhuBIKV,0aIW3ekrhK1eh3BYCh11op,1.048524576848112
0T5iIrXA4p5GsubkhuBIKV,7h9VHJe3SJnNpedITpOQWO,1.0585126330416132
0T5iIrXA4p5GsubkhuBIKV,2SLwPaJTN6B6zwcIwsuQAK,1.0793952555539013
0T5iIrXA4p5GsubkhuBIKV,23XdaKxpbB9D4mPCgoOgou,1.142498479147933
0T5iIrXA4p5GsubkhuBIKV,72zHuDxFQTjbL51qJQSA7j,1.1535592234831313
0T5iIrXA4p5GsubkhuBIKV,4lD40vyG33AcLiftmxQSC8,1.179551048260561
3fnL2JDgy4QD04araOl0eY,1JnHZagDFvrT2lx4QovSOo,0.6599307960279199
3fnL2JDgy4QD04araOl0eY,3nImoHhXBOqYcdTN8gt9eE,0.820745564126399
3fnL2JDgy4QD04araOl0eY,0z5EJolHD3zV6W17tigtP7,1.034474521447217
3fnL2JDgy4QD04araOl0eY,6DXazvidTcZ7Nx78cm5hZE,1.0410979671450509
3fnL2JDgy4QD04araOl0eY,3iOcbCxe0jW1XrlFb0rvj2,1.2013505979853307
3fnL2JDgy4QD04araOl0eY,0aIW3ekrhK1eh3BYCh11op,1.2093591720231476
3fnL2JDgy4QD04araOl0eY,6aHFdm58mPF4YPJX3FgI0z,1.2108317402012598
3fnL2JDgy4QD04araOl0eY,5wpyfg3L9LKs64kJF6XiHF,1.2192328816319087
3fnL2JDgy4QD04araOl0eY,2QMAB7AL9WPd0LdRH4BZda,1.22431317273272
3fnL2JDgy4QD04araOl0eY,7n4Y9BCKLHi4hqI2NctuAq,1.225148591965309
5OSpHOjCFDWRY67fJFZ1ZQ,0PPIpnwOzCZMUaGiHbAEqc,0.6233813741784832
5OSpHOjCFDWRY67fJFZ1ZQ,1tBjTyIWZpAXKOahFNrpMK,0.985388658302961
5OSpHOjCFDWRY67fJFZ1ZQ,1bspDLAXNjbSmqThncJaA3,1.2798443468347478
5OSpHOjCFDWRY67fJFZ1ZQ,0BumkbMOjaGROaVCR2I4An,1.3922090578701272
5OSpHOjCFDWRY67fJFZ1ZQ,1HrKC8HlC5gTsLVYYbVVop,1.4576725817333447
5OSpHOjCFDWRY67fJFZ1ZQ,5WTMon2o3bL3LvIxVQm9xk,1.4910309114812794
5OSpHOjCFDWRY67fJFZ1ZQ,4zLtcR5Hfm80fSqogapUEc,1.5374659829558186
5OSpHOjCFDWRY67fJFZ1ZQ,6ohVFU3E1i5Ke7k37vtDdS,1.5910474863268922
5OSpHOjCFDWRY67fJFZ1ZQ,7FxxBNwN27gcqRjzSE6T9N,1.632873994846083
5OSpHOjCFDWRY67fJFZ1ZQ,5j8cflZIx0GwvlkzPImbtK,1.6650525855269958
6oP3qa2MyQjxW8YQQdPBq9,21kVD9H40rRQkGmcMi01Fl,0.5954500428003121
6oP3qa2MyQjxW8YQQdPBq9,6T0e1wKkONiIZQ1FTjMlGZ,0.7330981647294911
6oP3qa2MyQjxW8YQQdPBq9,06Q3gof2rs8ErXzBrW1aVg,0.8971505565946878
6oP3qa2MyQjxW8YQQdPBq9,5NYejXf1mwigePilCGLjdM,1.0093992359533672
6oP3qa2MyQjxW8YQQdPBq9,3IKUuAJghlmAkjBKbXaGjS,1.0191510505281316
6oP3qa2MyQjxW8YQQdPBq9,4CVOUJki8YUWol3jhLphgs,1.0401311934123307
6oP3qa2MyQjxW8YQQdPBq9,4X6kRZnZM8mZPkeMUmn8G6,1.062672072880783
6oP3qa2MyQjxW8YQQdPBq9,1tbjeelOKIjolYNUNnPMAD,1.07556261042533
6oP3qa2MyQjxW8YQQdPBq9,5bdXzykQmyiUB91lqrNvOC,1.101848600556863
6oP3qa2MyQjxW8YQQdPBq9,2GOVk9VRBmLVEyHSdZYPEN,1.1184679762810275
4yqRW7Ovd47DcgfuWXzEGR,2cTOee6bTauDFK1QuDS1BD,0.8835989359483922
4yqRW7Ovd47DcgfuWXzEGR,6MnzjGoeZyEzSml6Ohi0at,1.0156770583151247
4yqRW7Ovd47DcgfuWXzEGR,2wqiV4aIMOosmQMqnLxXbA,1.0618248344003165
4yqRW7Ovd47DcgfuWXzEGR,3Hg1OJWwiNeKWX7suTNJ1Y,1.0638612217067784
4yqRW7Ovd47DcgfuWXzEGR,0gKuF5cAyTLUflACTah7yC,1.0663322677516507
4yqRW7Ovd47DcgfuWXzEGR,7xuu4ByQkm8qhnwJQk994r,1.0884741869420957
4yqRW7Ovd47DcgfuWXzEGR,5NYejXf1mwigePilCGLjdM,1.0994383925343552
4yqRW7Ovd47DcgfuWXzEGR,0liZcBeGoLuzDIat1YXRZk,1.1472242370967045
4yqRW7Ovd47DcgfuWXzEGR,43ueXmQ6KjITk0hKKOPOLA,1.2055842616936387
4yqRW7Ovd47DcgfuWXzEGR,0RYqTScbPJ3wijhvWOgLkE,1.2081477294351
1JnHZagDFvrT2lx4QovSOo,3fnL2JDgy4QD04araOl0eY,0.6599307960279199
1JnHZagDFvrT2lx4QovSOo,0z5EJolHD3zV6W17tigtP7,0.8007259444061514
1JnHZagDFvrT2lx4QovSOo,5wpyfg3L9LKs64kJF6XiHF,0.8150937006505832
1JnHZagDFvrT2lx4QovSOo,0aIW3ekrhK1eh3BYCh11op,0.9152255641728347
1JnHZagDFvrT2lx4QovSOo,3nImoHhXBOqYcdTN8gt9eE,0.9220927503142037
1JnHZagDFvrT2lx4QovSOo,3euQtj1nSUZsuOAAjH1LK8,0.9749411236479665
1JnHZagDFvrT2lx4QovSOo,2FsrKLHO91CaT8vvY85DD6,1.0047632524386387
1JnHZagDFvrT2lx4QovSOo,0ecW7IqLKhzKTPeqLSNc0V,1.0080257559056482
1JnHZagDFvrT2lx4QovSOo,4nl4KMmBskw45osLZhlhk1,1.0495107051205923
1JnHZagDFvrT2lx4QovSOo,6DXazvidTcZ7Nx78cm5hZE,1.0509800330229466
5wpyfg3L9LKs64kJF6XiHF,0z5EJolHD3zV6W17tigtP7,0.630486915328963
5wpyfg3L9LKs64kJF6XiHF,4nl4KMmBskw45osLZhlhk1,0.706840436213436
5wpyfg3L9LKs64kJF6XiHF,0ecW7IqLKhzKTPeqLSNc0V,0.7582790653290399
5wpyfg3L9LKs64kJF6XiHF,1JnHZagDFvrT2lx4QovSOo,0.8150937006505832
5wpyfg3L9LKs64kJF6XiHF,4lD40vyG33AcLiftmxQSC8,0.9252822763505895
5wpyfg3L9LKs64kJF6XiHF,2FsrKLHO91CaT8vvY85DD6,0.9887107830028862
5wpyfg3L9LKs64kJF6XiHF,3euQtj1nSUZsuOAAjH1LK8,1.0583754290139291
5wpyfg3L9LKs64kJF6XiHF,6DXazvidTcZ7Nx78cm5hZE,1.0743731705711563
5wpyfg3L9LKs64kJF6XiHF,2QMAB7AL9WPd0LdRH4BZda,1.094989192755905
5wpyfg3L9LKs64kJF6XiHF,12SNxpytVKahQ25nOTpbFX,1.0989255671190108
2EPZGTfBbz3a0MqkppHwhD,2ANvtgV1j5Ba4d4WTYnQkQ,1.0615455312120958
2EPZGTfBbz3a0MqkppHwhD,2cZDlNMZOAwZygOvaBrJvn,1.2008257108755855
2EPZGTfBbz3a0MqkppHwhD,7b94Oh1p69ue3mCdXsngrh,1.5406052621366835
2EPZGTfBbz3a0MqkppHwhD,4pY65PI8PkbRumQpEoxElV,1.7706648203574678
2EPZGTfBbz3a0MqkppHwhD,4nbILrYODP667b3d66ZMzI,1.856476511784675
2EPZGTfBbz3a0MqkppHwhD,7qrvxjTqvXvaiGhnUfCOAB,1.8887995021783135
2EPZGTfBbz3a0MqkppHwhD,3fjhdbUop7FSLTyD8wHMD2,1.9241346368318493
2EPZGTfBbz3a0MqkppHwhD,1ypx1v2k1cQFX0Vrda7nEl,1.9582468513237787
2EPZGTfBbz3a0MqkppHwhD,0d1PUwvlNvCKfypNaaKJoz,1.9622494241129502
2EPZGTfBbz3a0MqkppHwhD,3fs82T0O6mdVcSHhoNlAES,2.0129146438341325
712vBjPwBMW6Bd4i2xo5pm,7kIyiyXcaOkk0g3SOxPd33,1.2023208218610326
712vBjPwBMW6Bd4i2xo5pm,3NtC3kB57EmY8FXziu8KOn,1.301319123709796
712vBjPwBMW6Bd4i2xo5pm,5xde0qUR1uUmH8ZVOqoPRo,1.3258020948367788
712vBjPwBMW6Bd4i2xo5pm,3YLBzcPdr3obwR4tqOJEyv,1.368564319780778
712vBjPwBMW6Bd4i2xo5pm,0IgDxg8KOtsM8x3y09L9oB,1.381791836476665
712vBjPwBMW6Bd4i2xo5pm,7pagL6jtEVbRq6vVK6ua3S,1.434855157862292
712vBjPwBMW6Bd4i2xo5pm,4YXKKnIZuk7UtXH5oC0ffa,1.4371946145470134
712vBjPwBMW6Bd4i2xo5pm,2VSGzQqy9nqJefcYGJNWst,1.496656688969457
712vBjPwBMW6Bd4i2xo5pm,4fhLBWSTK9UeGiDQST7bxP,1.5166197992058363
712vBjPwBMW6Bd4i2xo5pm,3HKENICtez4Mz0tnUqpFIP,1.5305353604159142
6GfqNqXkAofNOakU77MWEb,0BFWUoOu91FcOEtpTdWFrN,0.8983269358736409
6GfqNqXkAofNOakU77MWEb,1pIMxRddmCGalHnRbLFkWg,0.9368073764214904
6GfqNqXkAofNOakU77MWEb,6tBt0o5KS4xYaC7aKd7RY0,1.0575171952401334
6GfqNqXkAofNOakU77MWEb,6AJppuCk5EE86paOdDI4yL,1.1412360722699717
6GfqNqXkAofNOakU77MWEb,12SNxpytVKahQ25nOTpbFX,1.1486025806767817
6GfqNqXkAofNOakU77MWEb,0zuH9aSrPkctSaAn1kPN86,1.1549723458892711
6GfqNqXkAofNOakU77MWEb,37LMtqQkT9aEVZEedBJfw5,1.1931608458235925
6GfqNqXkAofNOakU77MWEb,0cocZBknjka59p58FOdqef,1.195487547282013
6GfqNqXkAofNOakU77MWEb,0kI4AfCbkK5MP2B7Xgh6kB,1.1962365335879093
6GfqNqXkAofNOakU77MWEb,4hQ6UGyWQIGJmHSo0J88JW,1.211162747961776
4PdNeARTAYoZCwdhJninRq,36EVGjdLX0x5SlM1GaL6f0,0.4961303414885216
4PdNeARTAYoZCwdhJninRq,09pr5CPnpXjEQKRqgI7ZnZ,0.5739967813463558
4PdNeARTAYoZCwdhJninRq,2sgpYwWVQAXWetqtO9Kh24,0.6972042040937253
4PdNeARTAYoZCwdhJninRq,4hRr4NjbQvJlvmUKttEAqX,0.7690736743769989
4PdNeARTAYoZCwdhJninRq,4paK7VQa8HRYPSF2hvC4LQ,0.8368663358524846
4PdNeARTAYoZCwdhJninRq,6Yp3K2cy35hXnWQFE1yWrJ,0.8835385016082833
4PdNeARTAYoZCwdhJninRq,57v7M9jKRFP9NCP3J2ms9M,0.9099512679436146
4PdNeARTAYoZCwdhJninRq,6mVD1SfTvlFAPVi7txFL5H,0.9195927420595237
4PdNeARTAYoZCwdhJninRq,7AeKwxmlwwLFOF8D7M3Anb,0.9262673302735579
4PdNeARTAYoZCwdhJninRq,4vdg59Hg8I6u6MDkga5y2R,0.9574054528848343
3z53rfQOg6Eb5pBCRsd7Uu,2YA5IfmQwAmVzHRP3SVnEd,1.30024487091527
3z53rfQOg6Eb5pBCRsd7Uu,71wciO7F9Ro8J4vq1lvfru,1.3078709050318074
3z53rfQOg6Eb5pBCRsd7Uu,6hVLkc1612BQeD6EQFKECm,1.315168584629453
3z53rfQOg6Eb5pBCRsd7Uu,6YNdQ5utvFnK4CTAnBga06,1.410523570936357
3z53rfQOg6Eb5pBCRsd7Uu,5QLndwpuydTkQow1127Rxr,1.439824682832537
3z53rfQOg6Eb5pBCRsd7Uu,6RWhxVhLfVNxvE3ubp97SN,1.4617108154756753
3z53rfQOg6Eb5pBCRsd7Uu,3z8h0TU7ReDPLIbEnYhWZb,1.4769663526699675
3z53rfQOg6Eb5pBCRsd7Uu,2jcMktZrayNaiWRnRmItnY,1.5039773075976022
3z53rfQOg6Eb5pBCRsd7Uu,0D3J5hfXcaQLeMmZVxD4S7,1.5123317446459092
3z53rfQOg6Eb5pBCRsd7Uu,7nMBN3eKuRfcQGEnzDeNKP,1.5364080253066181
2bTESUiaqSWDvyW9zSA6xG,7ma2fbKDEvJeGJAx0YedAs,1.143356824685198
2bTESUiaqSWDvyW9zSA6xG,2j93jQX5C9wRnSzT3qthRt,1.1899344471717044
2bTESUiaqSWDvyW9zSA6xG,1zc9mfxeNZ6HiSxRzY7JIA,1.2358960037134354
2bTESUiaqSWDvyW9zSA6xG,4GRgeMNKXKSqmkKRqzoXB7,1.3093304395463403
2bTESUiaqSWDvyW9zSA6xG,3rTk7Ll8NRrd2jspBFtimV,1.3108536654200107
2bTESUiaqSWDvyW9zSA6xG,0m3X8i1ggDvQOjtEL5CdV4,1.427757517469912
2bTESUiaqSWDvyW9zSA6xG,2dDE3WCSj2cELFYO1IfECD,1.4581087047074246
2bTESUiaqSWDvyW9zSA6xG,5BsfHrHZtp17H7pVvZqnX4,1.5295678985822692
2bTESUiaqSWDvyW9zSA6xG,6X75beLYymFGvrw5Ocqflq,1.5705072472440496
2bTESUiaqSWDvyW9zSA6xG,1OwJLABgqyipl2dQS0UhKD,1.6279487344855348
0BQNM4jGoWsJ4qN5GQpgmh,2IkCJvsnygJFSoZV8nhQoq,1.2592201655222797
0BQNM4jGoWsJ4qN5GQpgmh,2a9qHSjK62gyvVjg6ZnjB7,1.3270394771499114
0BQNM4jGoWsJ4qN5GQpgmh,2lffRiAET2Xt6BNb4EmkS2,1.400636613999739
0BQNM4jGoWsJ4qN5GQpgmh,3JVeCPb470mUJ7otD7i8j4,1.565270379565397
0BQNM4jGoWsJ4qN5GQpgmh,3IWy6MPyWKPFAQ5x6YAkrc,1.59853704834658
0BQNM4jGoWsJ4qN5GQpgmh,72Br67AOUPrirJtaMoXOUk,1.644864222798648
0BQNM4jGoWsJ4qN5GQpgmh,3eBMWAbupDk0WKevWvrqa4,1.7292012764991926
0BQNM4jGoWsJ4qN5GQpgmh,58zM8eyUWtoX4V3qpJ7pxC,1.7680201294445572
0BQNM4jGoWsJ4qN5GQpgmh,67al4eD0HtTYVqw1BLcF2d,1.7709367310416992
0BQNM4jGoWsJ4qN5GQpgmh,0WK1p8CduOKInJdZcjDy5A,1.8176742359248184
0e8aiEfAhab9fQzxAJEZH7,1Suc8pkaJJpHJmgGwH6xaD,1.6448828580922743
0e8aiEfAhab9fQzxAJEZH7,5j4kHNz5syQBR9Jfv3hwbb,1.7642669874330614
0e8aiEfAhab9fQzxAJEZH7,1bxtePWzYybaPiUZqvgQVf,1.8595449439457816
0e8aiEfAhab9fQzxAJEZH7,5Yxof5s4AdLjkCmkIfGDSV,1.9288858150598138
0e8aiEfAhab9fQzxAJEZH7,4W5HbjNHMU7uw27oZwLaVK,2.062407261226974
0e8aiEfAhab9fQzxAJEZH7,4NbUqEJnGQAEDvfb1LB5V3,2.12790871723717
0e8aiEfAhab9fQzxAJEZH7,0CqCpm4LLQbHUX5ysizWJS,2.1293957991010504
0e8aiEfAhab9fQzxAJEZH7,2RSTIsdhq5vqqr2GcTFdGM,2.1573382423620817
0e8aiEfAhab9fQzxAJEZH7,7sJbCv83nl2S94j8ZJz2WP,2.230666261759498
0e8aiEfAhab9fQzxAJEZH7,6IVXCSCTZOqUDDuGA5vUwH,2.2529193694301215
4pY65PI8PkbRumQpEoxElV,3I9tSAQMVzAuX8QQUBG9rP,0.745671055842533
4pY65PI8PkbRumQpEoxElV,00nQri79W2dxFkWmXISlLh,0.9169091495520385
4pY65PI8PkbRumQpEoxElV,2ANvtgV1j5Ba4d4WTYnQkQ,1.1286529599719493
4pY65PI8PkbRumQpEoxElV,32Dc90Bn6NCKMPmdfprhFq,1.1742648298639888
4pY65PI8PkbRumQpEoxElV,3YLBzcPdr3obwR4tqOJEyv,1.195746846439478
4pY65PI8PkbRumQpEoxElV,3NtC3kB57EmY8FXziu8KOn,1.2344533059305753
4pY65PI8PkbRumQpEoxElV,1W0voVAoKVow8VhpwWBHl5,1.2351138246121312
4pY65PI8PkbRumQpEoxElV,4siZLgCKM0IKnD1ek6Bt4d,1.2612315690807534
4pY65PI8PkbRumQpEoxElV,4nbILrYODP667b3d66ZMzI,1.2658003911624964
4pY65PI8PkbRumQpEoxElV,3HKENICtez4Mz0tnUqpFIP,1.3649420811128323
0QAelR36l8kKZjccUbJ6ah,6kls8cSlUyHW2BUOkDJIZE,0.6247175699151747
0QAelR36l8kKZjccUbJ6ah,1pIMxRddmCGalHnRbLFkWg,0.7854434665055932
0QAelR36l8kKZjccUbJ6ah,7epvz4k2v8qrzYansbnKAd,0.9548520889760665
0QAelR36l8kKZjccUbJ6ah,2YIzmw4FfKEL0LF6EtJCxW,1.143202700339552
0QAelR36l8kKZjccUbJ6ah,6n6zJJFmKJ1DoKq2eMCbEb,1.1522409300393246
0QAelR36l8kKZjccUbJ6ah,0SRPuTnr5QOKRoIxMvvlgK,1.1717543905943537
0QAelR36l8kKZjccUbJ6ah,3PDf2Xk2fHt3EexYRrVS0j,1.1737464548815928
0QAelR36l8kKZjccUbJ6ah,6GfqNqXkAofNOakU77MWEb,1.2707728001303715
0QAelR36l8kKZjccUbJ6ah,1hMZDDqL6ThRyJQ5rsLiB5,1.273276238642818
0QAelR36l8kKZjccUbJ6ah,3kUYO8UMNxuOCPuERmQYKa,1.2742835867908315
0aKb5riywYeDam6ukd62RO,36nYdygI2cwOtjBqGxhHzY,0.4771710634730702
0aKb5riywYeDam6ukd62RO,5CIuhTu5H6req55w8yBejp,0.7020582559863775
0aKb5riywYeDam6ukd62RO,1jt4hk4d51pZ8DZl8yMMmG,0.7139271795994019
0aKb5riywYeDam6ukd62RO,68xC2JQSgK9L43IkW7UvNT,0.90840692496109
0aKb5riywYeDam6ukd62RO,6T1t7fOMfVuVpWSe2Z4Pp9,0.9547200358426944
0aKb5riywYeDam6ukd62RO,4oowGH3baaetOYlEVUglhU,0.9796611990616456
0aKb5riywYeDam6ukd62RO,6bWSlgj7GqYXsorKurrxTJ,1.1706000650080928
0aKb5riywYeDam6ukd62RO,1WqKCdqgzthIO1MpBq76Bv,1.2031514037369404
0aKb5riywYeDam6ukd62RO,6ibmDmnayyljaIfT8hgkVq,1.2847302655605495
0aKb5riywYeDam6ukd62RO,4I0edgb5lVFVllfB7igc91,1.2915648662170163
38sDn4Exgc4MBFuC90zKMh,1leA0GHDe1eQBiRbOqAqIc,1.3366104793343425
38sDn4Exgc4MBFuC90zKMh,55ZOwV8VlGuI8f7wc4vofi,1.526293982688808
38sDn4Exgc4MBFuC90zKMh,2FwKDwQyIKK1YgLAg9wjnV,1.5804700958211504
38sDn4Exgc4MBFuC90zKMh,5ORJq9RvKIVGf1pVWWTUB7,1.7519290589816938
38sDn4Exgc4MBFuC90zKMh,5yU9gNHwYeRrWmyRCTUUxv,1.8153362535303124
38sDn4Exgc4MBFuC90zKMh,718purgMpFb2Axhuz0Hbq1,1.882031460608461
38sDn4Exgc4MBFuC90zKMh,1pBHxJzQEiO0PG1BsN096D,1.9127716905305758
38sDn4Exgc4MBFuC90zKMh,47fOtKyt7VeUIer3SqgNOp,1.925787698262298
38sDn4Exgc4MBFuC90zKMh,4yDFEglGw2yP0jvrqCTgfM,1.934364371663977
38sDn4Exgc4MBFuC90zKMh,3Y4rUyw7XBCK6hGHCOt6rp,1.9540086467851523
1D6sRVegPTdQQj9ScxngtR,1WqKCdqgzthIO1MpBq76Bv,0.885719268106721
1D6sRVegPTdQQj9ScxngtR,1WfaiA60QqqYIYMmd1IwLR,0.9498441357560216
1D6sRVegPTdQQj9ScxngtR,2gCqYL6CgWs0ICgIoyJtkV,1.000831738495591
1D6sRVegPTdQQj9ScxngtR,6L9MB7o26MmvG6ST9TSOYa,1.0462146599979598
1D6sRVegPTdQQj9ScxngtR,6bWSlgj7GqYXsorKurrxTJ,1.1592351332787516
1D6sRVegPTdQQj9ScxngtR,4FqirD1KsDyNukowu8TWhX,1.2841577729761882
1D6sRVegPTdQQj9ScxngtR,68xC2JQSgK9L43IkW7UvNT,1.3569231068887027
1D6sRVegPTdQQj9ScxngtR,2FwKDwQyIKK1YgLAg9wjnV,1.3691398670393904
1D6sRVegPTdQQj9ScxngtR,3Y4rUyw7XBCK6hGHCOt6rp,1.484358470831806
1D6sRVegPTdQQj9ScxngtR,2CuUB5MbfRShtunR8g5hjR,1.5648996824404742
4Xn89qH8uKOumgvAGSvY3U,0VvlSQ6yIwlKw5MCFU0lZv,1.2729491904743837
4Xn89qH8uKOumgvAGSvY3U,0nfQH9hmgwtQ4EK0945Zdy,1.6189946252295053
4Xn89qH8uKOumgvAGSvY3U,7rMB3EFvXYfXvkw7BBLoX1,1.7922950102268762
4Xn89qH8uKOumgvAGSvY3U,4ScVI88WynvZ1avtN2rScK,2.0023860593159126
4Xn89qH8uKOumgvAGSvY3U,10aDiDITMu33TQNqVR35iM,2.0127760132094883
4Xn89qH8uKOumgvAGSvY3U,5inWUDecQMC4l2eOFzaIaf,2.0368185698374566
4Xn89qH8uKOumgvAGSvY3U,69zSOewOfa2IvIRMveL1Cc,2.208450070777247
4Xn89qH8uKOumgvAGSvY3U,7kIyiyXcaOkk0g3SOxPd33,2.227546085916812
4Xn89qH8uKOumgvAGSvY3U,5dy25rHjyfAbpkHDI9yfTY,2.2849308013244825
4Xn89qH8uKOumgvAGSvY3U,712vBjPwBMW6Bd4i2xo5pm,2.310679064031094
1GG85UhrPWoftARxxYRcpn,20DigsfRILHYKeMqbuDqtx,1.8204678574476416
1GG85UhrPWoftARxxYRcpn,46tzAJhfSl7teg1aXgg0fR,1.895108368697656
1GG85UhrPWoftARxxYRcpn,0yxEJfni0yeoBgtPeiox24,1.9046792088863902
1GG85UhrPWoftARxxYRcpn,59eCy91JDrnpbPLF3T3L03,1.9769770305078043
1GG85UhrPWoftARxxYRcpn,7KnFT8NQPRYtWOZXhWcGGZ,2.1056231401171654
1GG85UhrPWoftARxxYRcpn,2ZZ3SXe3q8fwzVtIrQpEKy,2.1264420359152925
1GG85UhrPWoftARxxYRcpn,4SKRNfT7WI73MJho3suqYl,2.193112056694518
1GG85UhrPWoftARxxYRcpn,1pBHxJzQEiO0PG1BsN096D,2.344055917679741
1GG85UhrPWoftARxxYRcpn,3yuCAw61jqfyv2KzMoVdXA,2.369017361470491
1GG85UhrPWoftARxxYRcpn,1eGdw1BbGAYaXbgPcVIkGm,2.397602093824749
6SbLvxG1S5LKhbE3yaNSKi,7oHDdgBGhiglCDWsJBCa1R,0.8430572548664345
6SbLvxG1S5LKhbE3yaNSKi,23XdaKxpbB9D4mPCgoOgou,0.9372287004299241
6SbLvxG1S5LKhbE3yaNSKi,43ZA173zlPZnKN3YSjrzHU,0.9508768755790469
6SbLvxG1S5LKhbE3yaNSKi,2EuRnXkQ1X97VNY3NfSqay,1.0009681161013768
6SbLvxG1S5LKhbE3yaNSKi,5PAKAKbcx1gqEoiLZIS6ec,1.0492567498985068
6SbLvxG1S5LKhbE3yaNSKi,7GwYyLNFyAsSsmt2aa0z6u,1.0572346379029356
6SbLvxG1S5LKhbE3yaNSKi,6DXazvidTcZ7Nx78cm5hZE,1.0986611515536147
6SbLvxG1S5LKhbE3yaNSKi,42rRYDeMFkYfUGOIhDPlF9,1.2409278837356343
6SbLvxG1S5LKhbE3yaNSKi,5D6d1DFXMkjUZYoEUf9BAt,1.3200509387789108
6SbLvxG1S5LKhbE3yaNSKi,0sXJUHfwsocaJaLM5osoWX,1.37152585943335
2KZXF3p2o5oNl4dYme5zhH,5Z4ZRi6fMaqM4gW3VrTxfk,0.723034612973087
2KZXF3p2o5oNl4dYme5zhH,22Yk1yPGtoAaJMUJEFlco2,0.8308326853346676
2KZXF3p2o5oNl4dYme5zhH,2TJyrrGYcxSDod3MGKcwJj,0.9410609951572054
2KZXF3p2o5oNl4dYme5zhH,66ERrn57fmkbOq9zhELGPv,1.0138437688707087
2KZXF3p2o5oNl4dYme5zhH,1zx6GSqLYI2ynzAHnPRKBR,1.1094533283444035
2KZXF3p2o5oNl4dYme5zhH,4sakBPqSpuj6FJti1rPme7,1.1276482298551627
2KZXF3p2o5oNl4dYme5zhH,40eZosWnfFnCPyk94awG7a,1.162020782025425
2KZXF3p2o5oNl4dYme5zhH,5m4FuvMmLOnq7Gpt0ckAcf,1.2573112999784377
2KZXF3p2o5oNl4dYme5zhH,0Id7swY6cWbvYLtVVF0wvq,1.3020216903897155
2KZXF3p2o5oNl4dYme5zhH,6ZV6lI92ypdfjeGgDQc5Mm,1.3549330683839873
0nBXAd6tU3ESx9rdyEjGbD,3r9eGg4SVPbhtiPTA9UkmK,1.1961644465844026
0nBXAd6tU3ESx9rdyEjGbD,5bBt3WYHKsMVfbGhAPuQHF,1.2557948008000306
0nBXAd6tU3ESx9rdyEjGbD,6wvWBHg6IWBIqs3eFUdNJx,1.2651432145362143
0nBXAd6tU3ESx9rdyEjGbD,7bBEhjBUUHwkONgReD5xmB,1.271708478189986
0nBXAd6tU3ESx9rdyEjGbD,3fjhdbUop7FSLTyD8wHMD2,1.3683795972751989
0nBXAd6tU3ESx9rdyEjGbD,3ENn9ahP78mdUTHXDhnyFu,1.43958800023581
0nBXAd6tU3ESx9rdyEjGbD,0l8p1TkaVgcwIUS0xwm6Y5,1.4636312748550881
0nBXAd6tU3ESx9rdyEjGbD,4f4NAym3a1cwDslRX39WAj,1.4636627191284663
0nBXAd6tU3ESx9rdyEjGbD,4qk8TRTKURbYICrtfAfDYr,1.6534889271016835
0nBXAd6tU3ESx9rdyEjGbD,1W0voVAoKVow8VhpwWBHl5,1.7150975364997123
7KFV09JUeoWlKei8kpy530,041Xf2o8yDouqWCDKqkGuC,0.9741606224148954
7KFV09JUeoWlKei8kpy530,7qmQ9XrTcARzZIE8A0n2Te,1.1192762975009996
7KFV09JUeoWlKei8kpy530,0pZPObivxzE2M6AnzezZWH,1.1207543378717464
7KFV09JUeoWlKei8kpy530,1YmavNGmgWmsLe6OZX6sJC,1.1876489740826666
7KFV09JUeoWlKei8kpy530,4bwjXWiAn669DdICw249sD,1.2689228208237446
7KFV09JUeoWlKei8kpy530,7n5Jcqw85WSfJHrMXsk5N2,1.4150356510808868
7KFV09JUeoWlKei8kpy530,0SRPuTnr5QOKRoIxMvvlgK,1.4268975720173516
7KFV09JUeoWlKei8kpy530,7epvz4k2v8qrzYansbnKAd,1.4995549909570207
7KFV09JUeoWlKei8kpy530,3BpAJmSlThgkxBmzKzJHX0,1.512033553724949
7KFV09JUeoWlKei8kpy530,4RvtzkdXmDOjbggr6pu9jR,1.5129346207666852
02xRKYZ1jY4B6utPa59qSf,2pAD0PKMUMtxlMvz33tYzB,0.9001504581886913
02xRKYZ1jY4B6utPa59qSf,6AJppuCk5EE86paOdDI4yL,0.983449888907418
02xRKYZ1jY4B6utPa59qSf,4rS66iKCLms3yumMYACKwJ,1.0930026973342806
02xRKYZ1jY4B6utPa59qSf,6NWjTke7IJDThX8ze3DUJN,1.1401499044160996
02xRKYZ1jY4B6utPa59qSf,6GfqNqXkAofNOakU77MWEb,1.2137705787451072
02xRKYZ1jY4B6utPa59qSf,2aNCrdzCbgFIkxs0qul8dT,1.2380205907848272
02xRKYZ1jY4B6utPa59qSf,0zuH9aSrPkctSaAn1kPN86,1.311505636848097
02xRKYZ1jY4B6utPa59qSf,52pQ8Rn1Gh7CPV4fyKVfrV,1.3407328286013283
02xRKYZ1jY4B6utPa59qSf,0BumkbMOjaGROaVCR2I4An,1.3590004609278417
02xRKYZ1jY4B6utPa59qSf,6mSDD3nBMVP0ZwJoLakFYo,1.3597702975135633
2LXtyj95dK56ENS1QLt4IB,72655YyFEnLXG54FC6tCtT,1.4538503116613115
2LXtyj95dK56ENS1QLt4IB,0Fzt24jmCa6G0ED7pW3IM1,1.5376231319986242
2LXtyj95dK56ENS1QLt4IB,04tv9ewp0KMC5ijweE1GmS,1.6757679058062185
2LXtyj95dK56ENS1QLt4IB,4FqirD1KsDyNukowu8TWhX,1.75920928843559
2LXtyj95dK56ENS1QLt4IB,018vKll25kQiBjJ9FVOhSV,1.7744166015383895
2LXtyj95dK56ENS1QLt4IB,2hw1sBTzjB9zghnlLpqeAj,1.7823655214671497
2LXtyj95dK56ENS1QLt4IB,3zwL0EG6j9gJkPBtJY3VQu,1.7890943973280702
2LXtyj95dK56ENS1QLt4IB,1eGdw1BbGAYaXbgPcVIkGm,1.7900432168902056
2LXtyj95dK56ENS1QLt4IB,5BwUt9x6Ss7bKcnDCi5H2X,1.7932489858210725
2LXtyj95dK56ENS1QLt4IB,7h8N0QlHxIEYfnHDVps8dS,1.8027258429513735
21kVD9H40rRQkGmcMi01Fl,6oP3qa2MyQjxW8YQQdPBq9,0.5954500428003121
21kVD9H40rRQkGmcMi01Fl,6T0e1wKkONiIZQ1FTjMlGZ,0.6140704885866792
21kVD9H40rRQkGmcMi01Fl,6Z0gK8Fp0AqS9EX8Icp4hj,0.7585228353300061
21kVD9H40rRQkGmcMi01Fl,06Q3gof2rs8ErXzBrW1aVg,0.7836703383985718
21kVD9H40rRQkGmcMi01Fl,5NYejXf1mwigePilCGLjdM,1.0405169772116876
21kVD9H40rRQkGmcMi01Fl,0liZcBeGoLuzDIat1YXRZk,1.0445191736305528
21kVD9H40rRQkGmcMi01Fl,4CVOUJki8YUWol3jhLphgs,1.0477638139760739
21kVD9H40rRQkGmcMi01Fl,4dk12UlAYNruc5pwHEXncR,1.0644079506945119
21kVD9H40rRQkGmcMi01Fl,7G8hUONVhvJnkD3Ak8mNF1,1.0729151635548098
21kVD9H40rRQkGmcMi01Fl,4X6kRZnZM8mZPkeMUmn8G6,1.0730512712563547
6X75beLYymFGvrw5Ocqflq,5IXpJkpRvk97JoLMTitMPG,0.946858675056752
6X75beLYymFGvrw5Ocqflq,0Z7nVJmfPLRjhtStJZh4hm,1.1631338256209984
6X75beLYymFGvrw5Ocqflq,4GRgeMNKXKSqmkKRqzoXB7,1.2782711244869112
6X75beLYymFGvrw5Ocqflq,0FlPKWNvl0ZJxQvw3UK3ja,1.2917585143339085
6X75beLYymFGvrw5Ocqflq,2HKTVg3VL4LULPp7F8SUQa,1.4069975729370405
6X75beLYymFGvrw5Ocqflq,5WBn5fDSVP8eMrxXQRMVWL,1.459424737258145
6X75beLYymFGvrw5Ocqflq,1zc9mfxeNZ6HiSxRzY7JIA,1.4621411989881483
6X75beLYymFGvrw5Ocqflq,7IZ7SwZfnXMKKwMIGdE6o8,1.526457654257256
6X75beLYymFGvrw5Ocqflq,2bTESUiaqSWDvyW9zSA6xG,1.5705072472440496
6X75beLYymFGvrw5Ocqflq,5BsfHrHZtp17H7pVvZqnX4,1.579632337866941
3IgXAJImaSIZ8pBF1z1Ucv,20Laa9YU8RVHZ9iGKMeM7w,1.3846513719984248
3IgXAJImaSIZ8pBF1z1Ucv,3TgDMAVLGG3jM15i810cbu,1.9685223687875517
3IgXAJImaSIZ8pBF1z1Ucv,12DuRrlFSqJyAtfN0YauMz,1.9943482345240595
3IgXAJImaSIZ8pBF1z1Ucv,4vUCHtGTRH3kok4KZMZmWh,1.999279748788609
3IgXAJImaSIZ8pBF1z1Ucv,2sKchp54KqDz6jPofHZ66t,2.0020691494436877
3IgXAJImaSIZ8pBF1z1Ucv,3jumxkobNDisdRz27CxhOF,2.092218979104731
3IgXAJImaSIZ8pBF1z1Ucv,0obvnPQaTe8fRAQHWyOWBv,2.1345521523741473
3IgXAJImaSIZ8pBF1z1Ucv,7qmQ9XrTcARzZIE8A0n2Te,2.1477553868182597
3IgXAJImaSIZ8pBF1z1Ucv,6k3lATWmM3Z9TJvrzDHfga,2.1561825666423116
3IgXAJImaSIZ8pBF1z1Ucv,3Dg6BUqz0IaTOEq4ySdhhQ,2.2070090817246064
5D6d1DFXMkjUZYoEUf9BAt,6DXazvidTcZ7Nx78cm5hZE,0.6932758223588675
5D6d1DFXMkjUZYoEUf9BAt,3eSdppRWjG7WlxTVuhqGVu,0.8732263329841405
5D6d1DFXMkjUZYoEUf9BAt,6pT0lZ3QhOWzjXWqO7aqVq,1.0533511419174624
5D6d1DFXMkjUZYoEUf9BAt,42rRYDeMFkYfUGOIhDPlF9,1.0745897152950983
5D6d1DFXMkjUZYoEUf9BAt,7GwYyLNFyAsSsmt2aa0z6u,1.0872490859370885
5D6d1DFXMkjUZYoEUf9BAt,42OUnOczRtCTyPTqvBsHzW,1.0932498541729152
5D6d1DFXMkjUZYoEUf9BAt,7oHDdgBGhiglCDWsJBCa1R,1.0960367405594151
5D6d1DFXMkjUZYoEUf9BAt,43nB4BTmfrOZ80QYrD3Ap2,1.151639065768222
5D6d1DFXMkjUZYoEUf9BAt,1JnHZagDFvrT2lx4QovSOo,1.1693526409145487
5D6d1DFXMkjUZYoEUf9BAt,3euQtj1nSUZsuOAAjH1LK8,1.179666355127637
0RYqTScbPJ3wijhvWOgLkE,1I2MEjnS9c4OPMnKWbIuYs,0.6267730523112286
0RYqTScbPJ3wijhvWOgLkE,47k1Cbink0USdP1eDmGjFj,0.7206282089834856
0RYqTScbPJ3wijhvWOgLkE,5nSdJRpyM8OkYOVGa5rlsw,0.8263169364958096
0RYqTScbPJ3wijhvWOgLkE,2fyIS6GXMgUcSv4oejx63f,0.8971218585679659
0RYqTScbPJ3wijhvWOgLkE,2cTOee6bTauDFK1QuDS1BD,0.9879272672164249
0RYqTScbPJ3wijhvWOgLkE,7oS2EnBWSHxzR2m6CxNJYA,0.9929569709230371
0RYqTScbPJ3wijhvWOgLkE,6Q3FXpvUNVHiWHU3xVMnQR,1.0265969516103612
0RYqTScbPJ3wijhvWOgLkE,4hQ6UGyWQIGJmHSo0J88JW,1.0325520722224357
0RYqTScbPJ3wijhvWOgLkE,0UIrLwFq3cvTg5vBMmlfjp,1.039697492333863
0RYqTScbPJ3wijhvWOgLkE,6S1BoAiJeJ96A09tHIwJuy,1.0441885788737555
006Bi4j0yzwOc3y69GOlYV,52aj920Nd9VlhlehQVsfwS,0.5762274059376064
006Bi4j0yzwOc3y69GOlYV,7bfocP7GYoLOutUYpTI8tx,0.7664808646541161
006Bi4j0yzwOc3y69GOlYV,6n6zJJFmKJ1DoKq2eMCbEb,0.8644110305835144
006Bi4j0yzwOc3y69GOlYV,0uGTUhUrqGx9LYkkiLUXE4,0.9104574460745939
006Bi4j0yzwOc3y69GOlYV,6RNDeRnWsRMjPdNVgupZCs,0.9603465899661838
006Bi4j0yzwOc3y69GOlYV,2dHCfHPFdccesaPhiisAed,0.9688598559589616
006Bi4j0yzwOc3y69GOlYV,2Oa4PQ6WVqng8AnB7Gbabs,0.9760649448120983
006Bi4j0yzwOc3y69GOlYV,4q6ZHerrtO7gcF67KFX0BF,1.0254255953542244
006Bi4j0yzwOc3y69GOlYV,1kG7gfH4HDUlDht0VZYkiP,1.027818198280439
006Bi4j0yzwOc3y69GOlYV,5ZgnlpPg7qfiopdvqdrs2M,1.0590885164195045
3pHpV3pa96s4vuBP7sQq0V,2wjkeM2gmbIa2sBkbnWLb0,1.079033377395848
3pHpV3pa96s4vuBP7sQq0V,56ejQ1pr7fZVhU5Gfx9YQ5,1.272115237288938
3pHpV3pa96s4vuBP7sQq0V,513qzL4sJwVPpzdc7AXZvH,1.2958513143896806
3pHpV3pa96s4vuBP7sQq0V,2WnYxLsi1D4p9ZPIvRKn93,1.3247143543803865
3pHpV3pa96s4vuBP7sQq0V,5k5QpH6VYu2EZZaw5ceSkJ,1.44878993853512
3pHpV3pa96s4vuBP7sQq0V,6Dqb8HDPamnC4LGd0dSAbw,1.490549655371731
3pHpV3pa96s4vuBP7sQq0V,3pQ0zUFOi4e1KZ8yQkeD42,1.4958716024089782
3pHpV3pa96s4vuBP7sQq0V,3v8CoiN19zAzkTG0E7TBTN,1.5234352817187955
3pHpV3pa96s4vuBP7sQq0V,5ncofiedz9Ej6YkvvXMKVn,1.5602701278435325
3pHpV3pa96s4vuBP7sQq0V,2rkksdiuFUyjSuW5quDJdv,1.6027346335669155
5L0uUsxrDhl1wtuTTogDY1,4n3mp3DC7JrdXYJCDdwKhd,0.8586400851588578
5L0uUsxrDhl1wtuTTogDY1,7pIizKkImgo7jAZnbpFF2R,1.2011262094109987
5L0uUsxrDhl1wtuTTogDY1,1qnCh4pnEt4Rd6DEePwS08,1.3385410338355832
5L0uUsxrDhl1wtuTTogDY1,7fK3FuYZP6fqlavub180ij,1.490756743867812
5L0uUsxrDhl1wtuTTogDY1,4E93IPDPbaNJUDTpur3V63,1.5197716920800717
5L0uUsxrDhl1wtuTTogDY1,7nMBN3eKuRfcQGEnzDeNKP,1.5434234481967082
5L0uUsxrDhl1wtuTTogDY1,5bphWpcTM84wiP9u0em7Za,1.58863131774708
5L0uUsxrDhl1wtuTTogDY1,7rhVGmZnwvqg2z2JJedkMX,1.590672891084839
5L0uUsxrDhl1wtuTTogDY1,1BLOVHYYlH4JUHQGcpt75R,1.6006395215641906
5L0uUsxrDhl1wtuTTogDY1,2QMAB7AL9WPd0LdRH4BZda,1.631475470821171
3AQozzNsKUnxw2GSn0IlRq,0k2bhZ9oM3boyUWaV3MfWk,2.006544827542448
3AQozzNsKUnxw2GSn0IlRq,2jL3urmIC1PepoT93Mskmm,2.125130306959834
3AQozzNsKUnxw2GSn0IlRq,7rMB3EFvXYfXvkw7BBLoX1,2.1504686045477217
3AQozzNsKUnxw2GSn0IlRq,0VvlSQ6yIwlKw5MCFU0lZv,2.4846033217597503
3AQozzNsKUnxw2GSn0IlRq,5inWUDecQMC4l2eOFzaIaf,2.6206959767566858
3AQozzNsKUnxw2GSn0IlRq,59eugpPzqGZW1ZsV5JTAk2,2.648454843969276
3AQozzNsKUnxw2GSn0IlRq,5D1rMjP4yUnTMvzL32Odo1,2.665655525876318
3AQozzNsKUnxw2GSn0IlRq,4ScVI88WynvZ1avtN2rScK,2.8656744006873245
3AQozzNsKUnxw2GSn0IlRq,3Dg6BUqz0IaTOEq4ySdhhQ,2.8789387668674213
3AQozzNsKUnxw2GSn0IlRq,3y8doSsikONxr7FMYCt41C,2.8816090299048374
3G4GIs0jGwIbLFGBL3ZSNc,0K9Xk9AKGtvjXn063Ok6Eg,0.9659616339769901
3G4GIs0jGwIbLFGBL3ZSNc,4MNXKskyfqES2LAlbrrRbV,1.0146555606985708
3G4GIs0jGwIbLFGBL3ZSNc,1Ip5p31SowqjJLo2ss1afJ,1.1202881466773948
3G4GIs0jGwIbLFGBL3ZSNc,6ecXZdsvfOQjjQcVNs4WkN,1.131336974330696
3G4GIs0jGwIbLFGBL3ZSNc,2VSGzQqy9nqJefcYGJNWst,1.1478291107513463
3G4GIs0jGwIbLFGBL3ZSNc,6Q4RJGUzVQym5RL5iq6627,1.263370817653267
3G4GIs0jGwIbLFGBL3ZSNc,7xs1ksUAb2XswNWJjeyt7V,1.2853398618154146
3G4GIs0jGwIbLFGBL3ZSNc,70HNt0eoBVqr4ss68U8x3B,1.342987871286559
3G4GIs0jGwIbLFGBL3ZSNc,7rVw4gyhclOgTIrFCtI3ZG,1.4014426207679596
3G4GIs0jGwIbLFGBL3ZSNc,7F4jKReNs1h8ujuz02Rsji,1.4215501678869529
71wciO7F9Ro8J4vq1lvfru,2YA5IfmQwAmVzHRP3SVnEd,0.5003853438557441
71wciO7F9Ro8J4vq1lvfru,6YNdQ5utvFnK4CTAnBga06,0.5822068088972565
71wciO7F9Ro8J4vq1lvfru,0D3J5hfXcaQLeMmZVxD4S7,0.6563983171173492
71wciO7F9Ro8J4vq1lvfru,3iOcbCxe0jW1XrlFb0rvj2,0.7269928189316087
71wciO7F9Ro8J4vq1lvfru,5XCtjnFMKtCT7ycDwV3Kdh,0.774179558665089
71wciO7F9Ro8J4vq1lvfru,48RAUxA6ZlqIuM4pON0GVC,0.8911482978319696
71wciO7F9Ro8J4vq1lvfru,6d1AuFOL1YBzLcruapNbZV,0.9014552604360476
71wciO7F9Ro8J4vq1lvfru,4dk12UlAYNruc5pwHEXncR,0.9375914145115388
71wciO7F9Ro8J4vq1lvfru,6hVLkc1612BQeD6EQFKECm,1.0489936072564834
71wciO7F9Ro8J4vq1lvfru,3rXgbjVLoaHEUq82dbCP0f,1.1280462489212815
4avT69vtIK1qqC8SL7eqGJ,2Oghfvs0YkMNadU5c31GpJ,0.9797293146899573
4avT69vtIK1qqC8SL7eqGJ,60sMKR8s0Zs8tXRqKsI8VX,1.0226684165061821
4avT69vtIK1qqC8SL7eqGJ,3NM41PVVUr0ceootKAtkAj,1.1555555355796971
4avT69vtIK1qqC8SL7eqGJ,3z8h0TU7ReDPLIbEnYhWZb,1.2004221531265291
4avT69vtIK1qqC8SL7eqGJ,2AwYywTNbeiWqQcLqt8UwP,1.2825678609552325
4avT69vtIK1qqC8SL7eqGJ,5XCtjnFMKtCT7ycDwV3Kdh,1.3667876145791074
4avT69vtIK1qqC8SL7eqGJ,6HKmAGpQgDNQ4sFhAgvkA2,1.3699138777510955
4avT69vtIK1qqC8SL7eqGJ,75ArcxyPjMr0sleM5WXLn7,1.5126780799782984
4avT69vtIK1qqC8SL7eqGJ,4ZXZKLCXALRAD9xWkPd5Yr,1.5308485792385413
4avT69vtIK1qqC8SL7eqGJ,3hp6JfJIxkv3sl7E6p7DQj,1.5342456114277914
4hA4vowf8u8fhA2KlxBJIa,4hA4vowf8u8fhA2KlxBJIa,0.0
4hA4vowf8u8fhA2KlxBJIa,2NaU7cuWOBIOPA2nBJ06Hd,0.5248929238964483
4hA4vowf8u8fhA2KlxBJIa,4MNXKskyfqES2LAlbrrRbV,1.0487936782737153
4hA4vowf8u8fhA2KlxBJIa,1H1WA6PzEJlqx3YQ2g3dH7,1.1275512372118977
4hA4vowf8u8fhA2KlxBJIa,2oErhjDmRwjiBvdWsl5WmG,1.2074341678452984
4hA4vowf8u8fhA2KlxBJIa,5lfWrciYtohtIMVDVZd0Rf,1.271107308595588
4hA4vowf8u8fhA2KlxBJIa,6Q4RJGUzVQym5RL5iq6627,1.385087257665108
4hA4vowf8u8fhA2KlxBJIa,0vqw3BCyNr3DDVBmjD21H8,1.4005861794527514
4hA4vowf8u8fhA2KlxBJIa,2sgpYwWVQAXWetqtO9Kh24,1.417636736657752
4hA4vowf8u8fhA2KlxBJIa,7AeKwxmlwwLFOF8D7M3Anb,1.4196199493641921
6cxmYx2CDHRkaTZHVgsykX,2BZe9fLjce5JlnrVmwYzWl,1.4250765846631592
6cxmYx2CDHRkaTZHVgsykX,0sO53kgvUZFEu8Tqne6T7N,1.8194628547243665
6cxmYx2CDHRkaTZHVgsykX,3ujWh42s95AIqhM6GXoVjn,1.9233258185818516
6cxmYx2CDHRkaTZHVgsykX,6ohXK9Y4ioab0VjQp20rYa,2.0608297588051703
6cxmYx2CDHRkaTZHVgsykX,7jc524Kcj1FRHUh7y5x9uv,2.4670584238854123
6cxmYx2CDHRkaTZHVgsykX,5xo01RlIlMgQMMI19rY8Xb,2.8175015002897807
6cxmYx2CDHRkaTZHVgsykX,1h4K8ijEaWX9Z2KGXrfz8T,3.245923198981423
6cxmYx2CDHRkaTZHVgsykX,7ErnTS7HiYqwBTNrtdqxK9,3.3878895505299416
6cxmYx2CDHRkaTZHVgsykX,2awoFGsXQwiU935BUlM6Wf,3.5262920545749266
6cxmYx2CDHRkaTZHVgsykX,2cBGY25X6oG1fLwQyOZvJ1,3.5410308555551717
51Ht5maNIl3gkur1R9Guwd,5PAKAKbcx1gqEoiLZIS6ec,1.0901796785019553
51Ht5maNIl3gkur1R9Guwd,0sXJUHfwsocaJaLM5osoWX,1.0949340642510887
51Ht5maNIl3gkur1R9Guwd,43ZA173zlPZnKN3YSjrzHU,1.2328429448144749
51Ht5maNIl3gkur1R9Guwd,2EuRnXkQ1X97VNY3NfSqay,1.340899138851121
51Ht5maNIl3gkur1R9Guwd,6SbLvxG1S5LKhbE3yaNSKi,1.4729843330850754
51Ht5maNIl3gkur1R9Guwd,5my3f3dMZENvUwAXYVQNmO,1.5647483611495596
51Ht5maNIl3gkur1R9Guwd,2FBI52O3q5IlldKBImv1Zq,1.6526024346149613
51Ht5maNIl3gkur1R9Guwd,7GwYyLNFyAsSsmt2aa0z6u,1.8449210714069162
51Ht5maNIl3gkur1R9Guwd,7oHDdgBGhiglCDWsJBCa1R,1.8545819220148987
51Ht5maNIl3gkur1R9Guwd,42rRYDeMFkYfUGOIhDPlF9,1.9201885001247052
3VWzxuO5Z7hQojEAxysjeG,1WAafipEtn2pAtHYBkBnk6,1.2508189023230625
3VWzxuO5Z7hQojEAxysjeG,2LyRC7gfWFJd6JI5i8fTJe,1.6176993920305236
3VWzxuO5Z7hQojEAxysjeG,0nfQH9hmgwtQ4EK0945Zdy,1.6622082015404653
3VWzxuO5Z7hQojEAxysjeG,7nBeVCe5XQ6sn6dzqFvglv,1.7927414648803277
3VWzxuO5Z7hQojEAxysjeG,2FAdK0AbXRRwlNFb2l9nUi,1.7984998083577564
3VWzxuO5Z7hQojEAxysjeG,5l7GTyzBQ3gj8jljoCnQjQ,1.8064530063843403
3VWzxuO5Z7hQojEAxysjeG,2E2Yuv42aBOnNhfbbqNoQf,1.8146691591019377
3VWzxuO5Z7hQojEAxysjeG,382pQ7OIddHeCHHdaFxyYn,1.9075632946498409
3VWzxuO5Z7hQojEAxysjeG,3yuxU2iHhz7tocZG9ohT1A,1.9254087284637482
3VWzxuO5Z7hQojEAxysjeG,6d0sSZ2bfKUWeICsNRPyCt,1.926867543255139
3O3lsUYkkrolKZEfH4pTQn,6S1BoAiJeJ96A09tHIwJuy,0.5928250495243531
3O3lsUYkkrolKZEfH4pTQn,3iTgKW7MWI0M0acyEoQXds,0.6553554517817024
3O3lsUYkkrolKZEfH4pTQn,3J1BQ2acB1OHTQKeI1cWkR,0.667456475538668
3O3lsUYkkrolKZEfH4pTQn,5bFuHlXKw66Uu2cHKn5bf8,0.7115932535821626
3O3lsUYkkrolKZEfH4pTQn,2L1KDMlUbzuaXce1VvWV57,0.7572496412096523
3O3lsUYkkrolKZEfH4pTQn,0elH6ukMGLyCHJavHutEza,0.7633668319050421
3O3lsUYkkrolKZEfH4pTQn,1aOxOpH4AkGAd8OMrKjyNY,0.7867830044552563
3O3lsUYkkrolKZEfH4pTQn,4dk12UlAYNruc5pwHEXncR,0.8031500034659439
3O3lsUYkkrolKZEfH4pTQn,0wUxh6XMc698xPCfgBaPRV,0.8094389877399332
3O3lsUYkkrolKZEfH4pTQn,68c8qaChNLXdBvFPCSQz4d,0.820791252587185
3y8doSsikONxr7FMYCt41C,7HM1onSgR6op93vH7jNTV5,0.918386599726681
3y8doSsikONxr7FMYCt41C,07R7LVnlKmNqNI7BA4K2ld,1.0629731242473819
3y8doSsikONxr7FMYCt41C,3Dg6BUqz0IaTOEq4ySdhhQ,1.0730731012853028
3y8doSsikONxr7FMYCt41C,6DJKQqo9uQlSsQyITjDImC,1.1278933610372248
3y8doSsikONxr7FMYCt41C,77Jbr7aQyYsH20luHDn7iv,1.411488577424133
3y8doSsikONxr7FMYCt41C,0pZPObivxzE2M6AnzezZWH,1.5067421088735071
3y8doSsikONxr7FMYCt41C,1UR0RbyH4bKoovDNnGd53G,1.583034302316559
3y8doSsikONxr7FMYCt41C,3jumxkobNDisdRz27CxhOF,1.6146268664639538
3y8doSsikONxr7FMYCt41C,0obvnPQaTe8fRAQHWyOWBv,1.6189156706016168
3y8doSsikONxr7FMYCt41C,4vUCHtGTRH3kok4KZMZmWh,1.7169951030104815
40a42KKcVcnqT3Wz24INIm,1uxFhAQQOrF7nbL49DLcls,1.1540338510627441
40a42KKcVcnqT3Wz24INIm,7AW4g4I9fPfUIyqtbsuAkM,1.3879405537693794
40a42KKcVcnqT3Wz24INIm,0cocZBknjka59p58FOdqef,1.5249144638137901
40a42KKcVcnqT3Wz24INIm,2MTwDvHo3Mc8lKp7FeEHJJ,1.5374590170418698
40a42KKcVcnqT3Wz24INIm,6qOCyu8agpod9VK4EdZqzt,1.6804850008212906
40a42KKcVcnqT3Wz24INIm,0u5mGjvZPRx3uFCwXKcXCP,1.7574577092768224
40a42KKcVcnqT3Wz24INIm,5QLndwpuydTkQow1127Rxr,1.8119138687400098
40a42KKcVcnqT3Wz24INIm,1sKt4HswC1nmkjuhhG0KFt,1.8352113263766763
40a42KKcVcnqT3Wz24INIm,5frWFPeKH8Pam3rKLFCytt,1.8766017097786134
40a42KKcVcnqT3Wz24INIm,3cyN4BZhcTdZyTMcqaCDb3,1.8869575799813687
6iYQCMnUucNMM9Frw2kreu,39AH5NxTYx4WzPeLG6Muwk,0.734126972172972
6iYQCMnUucNMM9Frw2kreu,040wa7JKXeVWLjkVYHxtQe,0.9033058538846718
6iYQCMnUucNMM9Frw2kreu,25xhL1egtULWxHD5YDJ9XY,1.0021154556441365
6iYQCMnUucNMM9Frw2kreu,1tBjTyIWZpAXKOahFNrpMK,1.1320586633882586
6iYQCMnUucNMM9Frw2kreu,4mUiW3rsg9kicTIYwjwSsG,1.213361243299377
6iYQCMnUucNMM9Frw2kreu,5jvwBfP3afteHaLNrPrUCN,1.213361243299377
6iYQCMnUucNMM9Frw2kreu,0m4jVVZrsv0bLkAr1uM6UG,1.2510926613629623
6iYQCMnUucNMM9Frw2kreu,3Fqq8l8ToyiC9ZyHyxMxFo,1.3181489521645606
6iYQCMnUucNMM9Frw2kreu,67cR7hkzHhFAdg1UzPM3Xz,1.331662276126692
6iYQCMnUucNMM9Frw2kreu,7FxxBNwN27gcqRjzSE6T9N,1.3963114781075852
1Suc8pkaJJpHJmgGwH6xaD,78rEtQ4KFBidvcEEiFomDT,1.4626420553244
1Suc8pkaJJpHJmgGwH6xaD,0e8aiEfAhab9fQzxAJEZH7,1.6448828580922743
1Suc8pkaJJpHJmgGwH6xaD,5j4kHNz5syQBR9Jfv3hwbb,1.6671472863815286
1Suc8pkaJJpHJmgGwH6xaD,1bxtePWzYybaPiUZqvgQVf,1.7049173092925933
1Suc8pkaJJpHJmgGwH6xaD,4W5HbjNHMU7uw27oZwLaVK,1.777522372086018
1Suc8pkaJJpHJmgGwH6xaD,22sno2Y45Ov3ixSl6fN9i8,1.8717747536927043
1Suc8pkaJJpHJmgGwH6xaD,0oo6NX5bPcqUbX7eJtoslO,1.8988396394288778
1Suc8pkaJJpHJmgGwH6xaD,5auwSKx96QcROy6CTGnHIl,1.9360611031938695
1Suc8pkaJJpHJmgGwH6xaD,2nLtzopw4rPReszdYBJU6h,1.9442097629564583
1Suc8pkaJJpHJmgGwH6xaD,47BpBh1URWXLF26ckpGT4S,1.9548734698785828
1c2vVx6knoiZHXbJJ9Mk8L,50OIaK14Pr6ZwCmFfHZ0wB,0.41905520175460975
1c2vVx6knoiZHXbJJ9Mk8L,54SQet8YMttOgTqDNGcGpe,0.6239487028563112
1c2vVx6knoiZHXbJJ9Mk8L,0EpdLuptraYGFZ6J7HNSLc,0.7341206599850414
1c2vVx6knoiZHXbJJ9Mk8L,7b1XzNeXhfwGNJWE6gHFRz,0.8724903226023246
1c2vVx6knoiZHXbJJ9Mk8L,3wLPRjw2XQpmowqXUXb3UF,0.930264329068766
1c2vVx6knoiZHXbJJ9Mk8L,2C6fzRAlaWOhKCOsn5a0Nk,0.9491244209653047
1c2vVx6knoiZHXbJJ9Mk8L,36EVGjdLX0x5SlM1GaL6f0,0.9714438944000789
1c2vVx6knoiZHXbJJ9Mk8L,22tot0Y6uKuWdAZnEQyB6g,0.9812054516745166
1c2vVx6knoiZHXbJJ9Mk8L,7AeKwxmlwwLFOF8D7M3Anb,0.989417374289251
1c2vVx6knoiZHXbJJ9Mk8L,2sgpYwWVQAXWetqtO9Kh24,0.9919281755155224
5CIuhTu5H6req55w8yBejp,36nYdygI2cwOtjBqGxhHzY,0.3976781426894948
5CIuhTu5H6req55w8yBejp,6T1t7fOMfVuVpWSe2Z4Pp9,0.42462035691935646
5CIuhTu5H6req55w8yBejp,1jt4hk4d51pZ8DZl8yMMmG,0.697154643390277
5CIuhTu5H6req55w8yBejp,0aKb5riywYeDam6ukd62RO,0.7020582559863775
5CIuhTu5H6req55w8yBejp,4oowGH3baaetOYlEVUglhU,0.8695912549429514
5CIuhTu5H6req55w8yBejp,1vViUoB7DpXUX10isPj7YL,1.174864136763139
5CIuhTu5H6req55w8yBejp,4I0edgb5lVFVllfB7igc91,1.2806877820946883
5CIuhTu5H6req55w8yBejp,6ibmDmnayyljaIfT8hgkVq,1.3291913755346518
5CIuhTu5H6req55w8yBejp,68xC2JQSgK9L43IkW7UvNT,1.4950924427563106
5CIuhTu5H6req55w8yBejp,7zO8xgWtAGQpAKEG9n48Yb,1.5822897242896532
3UgiXDauVuj9HZKzFY8TBL,7gbjLoVKE8FZr8jra24GIR,0.6149811973274067
3UgiXDauVuj9HZKzFY8TBL,2RSTIsdhq5vqqr2GcTFdGM,0.8139105981631664
3UgiXDauVuj9HZKzFY8TBL,4NbUqEJnGQAEDvfb1LB5V3,0.8799924391310051
3UgiXDauVuj9HZKzFY8TBL,3znPiywA0q1VK2jgAZFDoI,0.8916739980490981
3UgiXDauVuj9HZKzFY8TBL,55N8cxpE1QDoeaaNqUnoZ2,0.9060706402195505
3UgiXDauVuj9HZKzFY8TBL,2Uxnz7OTTYtgGrwjVcYRlG,1.0288516657337003
3UgiXDauVuj9HZKzFY8TBL,2nT4y8qTzu2IBYuw7j8TPi,1.037813540715464
3UgiXDauVuj9HZKzFY8TBL,1mhhgEfuEGW0EwB6kNuzkk,1.0555746887934703
3UgiXDauVuj9HZKzFY8TBL,3jl1I9gvCXo5V9hu4hYGLY,1.0894453014557766
3UgiXDauVuj9HZKzFY8TBL,4W5HbjNHMU7uw27oZwLaVK,1.1609158540609537
3IKUuAJghlmAkjBKbXaGjS,2QxzpDE6uQPy17dhBTQgpu,0.6257907777523704
3IKUuAJghlmAkjBKbXaGjS,4CVOUJki8YUWol3jhLphgs,0.7080679721042997
3IKUuAJghlmAkjBKbXaGjS,1tbjeelOKIjolYNUNnPMAD,0.8370104955958263
3IKUuAJghlmAkjBKbXaGjS,37SgiDGQSiUTQXZo2Ml888,0.8920108594640712
3IKUuAJghlmAkjBKbXaGjS,4X6kRZnZM8mZPkeMUmn8G6,0.916019148206751
3IKUuAJghlmAkjBKbXaGjS,2zYzyRzz6pRmhPzyfMEC8s,0.9335941825687187
3IKUuAJghlmAkjBKbXaGjS,6oP3qa2MyQjxW8YQQdPBq9,1.0191510505281316
3IKUuAJghlmAkjBKbXaGjS,4wOqh7UiXe4jfbotAizdTu,1.0270897044458944
3IKUuAJghlmAkjBKbXaGjS,5NYejXf1mwigePilCGLjdM,1.0481308232467725
3IKUuAJghlmAkjBKbXaGjS,06Q3gof2rs8ErXzBrW1aVg,1.0510015856257215
4G3IXyVRxSx5lLhUvv3fu3,5ncofiedz9Ej6YkvvXMKVn,0.986174300893711
4G3IXyVRxSx5lLhUvv3fu3,4P4mcw4wHDMysBF031DDZT,1.1097184967910554
4G3IXyVRxSx5lLhUvv3fu3,0OwEskGUqCMgkSY7JkJS7x,1.1860037682111504
4G3IXyVRxSx5lLhUvv3fu3,2aX1zws7bVjTLbS1cYZK2W,1.3521646292428806
4G3IXyVRxSx5lLhUvv3fu3,4REZYGhSITpkC8xUiHAi2T,1.3620023823466543
4G3IXyVRxSx5lLhUvv3fu3,3jl1I9gvCXo5V9hu4hYGLY,1.3894352572459672
4G3IXyVRxSx5lLhUvv3fu3,3v8CoiN19zAzkTG0E7TBTN,1.3973140650666556
4G3IXyVRxSx5lLhUvv3fu3,60sMKR8s0Zs8tXRqKsI8VX,1.4183827539254472
4G3IXyVRxSx5lLhUvv3fu3,3rXgbjVLoaHEUq82dbCP0f,1.421859267105418
4G3IXyVRxSx5lLhUvv3fu3,46cEIa1iQPSQLnPVP2hmVm,1.4618468660696082
5FccwnVjJbLIF2azQjCwyP,6t2gHlvw7kTK6M7M5f7S6K,1.0436488415207148
5FccwnVjJbLIF2azQjCwyP,5T2iobXGYEI9TdrJ4Du6QN,1.2542054106168086
5FccwnVjJbLIF2azQjCwyP,1VtPE3YY4Uc9KCaQATcVJh,1.3087913400850966
5FccwnVjJbLIF2azQjCwyP,6pAIDhDoB7k4bOsxbQjycO,1.4143183389369127
5FccwnVjJbLIF2azQjCwyP,4yDFEglGw2yP0jvrqCTgfM,1.4849606435075977
5FccwnVjJbLIF2azQjCwyP,7hQAxslFR1rqimWs7f2sKl,1.5222653080064357
5FccwnVjJbLIF2azQjCwyP,5yU9gNHwYeRrWmyRCTUUxv,1.5273102990991356
5FccwnVjJbLIF2azQjCwyP,3J5rWdL10nRlpP0TVXjhea,1.6338352848856914
5FccwnVjJbLIF2azQjCwyP,239SrBPZi0xs1OQZmedr6q,1.7064661736798186
5FccwnVjJbLIF2azQjCwyP,718purgMpFb2Axhuz0Hbq1,1.7303985126433947
7IZ7SwZfnXMKKwMIGdE6o8,5IXpJkpRvk97JoLMTitMPG,0.7693253065013781
7IZ7SwZfnXMKKwMIGdE6o8,0FlPKWNvl0ZJxQvw3UK3ja,0.8221409366225166
7IZ7SwZfnXMKKwMIGdE6o8,6X75beLYymFGvrw5Ocqflq,1.526457654257256
7IZ7SwZfnXMKKwMIGdE6o8,1SEZDfakTMMmUcHildSzsx,1.58358067401561
7IZ7SwZfnXMKKwMIGdE6o8,4GRgeMNKXKSqmkKRqzoXB7,1.6153612240211004
7IZ7SwZfnXMKKwMIGdE6o8,0Z7nVJmfPLRjhtStJZh4hm,1.6651684082455402
7IZ7SwZfnXMKKwMIGdE6o8,0TpTOzLGB3JrMhpkpq3u9y,1.69169990652719
7IZ7SwZfnXMKKwMIGdE6o8,2d25mcKl3CYuBsYPi6cAMi,1.781336164906213
7IZ7SwZfnXMKKwMIGdE6o8,75gWtvF9RJfVRbWD39cSuZ,1.8222455743866288
7IZ7SwZfnXMKKwMIGdE6o8,5WBn5fDSVP8eMrxXQRMVWL,1.870831074523917
7pIizKkImgo7jAZnbpFF2R,7nMBN3eKuRfcQGEnzDeNKP,1.0167940688939574
7pIizKkImgo7jAZnbpFF2R,3mZQAM3IZdrzs61VoRe5wa,1.055574205403384
7pIizKkImgo7jAZnbpFF2R,4n3mp3DC7JrdXYJCDdwKhd,1.152059178173924
7pIizKkImgo7jAZnbpFF2R,5L0uUsxrDhl1wtuTTogDY1,1.2011262094109987
7pIizKkImgo7jAZnbpFF2R,3Ye0P7D5bGfuDmTCKJuWxy,1.3100891825120915
7pIizKkImgo7jAZnbpFF2R,4E93IPDPbaNJUDTpur3V63,1.3636137560245387
7pIizKkImgo7jAZnbpFF2R,2Tv4NhYavSni05V7IIT17w,1.6285270548194524
7pIizKkImgo7jAZnbpFF2R,5bphWpcTM84wiP9u0em7Za,1.6450733372743513
7pIizKkImgo7jAZnbpFF2R,3q5Ze7QksOVd2ES9YzdfsE,1.678790786427002
7pIizKkImgo7jAZnbpFF2R,1BLOVHYYlH4JUHQGcpt75R,1.681076732847796
6Z0gK8Fp0AqS9EX8Icp4hj,0OwEskGUqCMgkSY7JkJS7x,0.6903382954599174
6Z0gK8Fp0AqS9EX8Icp4hj,21kVD9H40rRQkGmcMi01Fl,0.7585228353300061
6Z0gK8Fp0AqS9EX8Icp4hj,6d1AuFOL1YBzLcruapNbZV,0.7630458556475586
6Z0gK8Fp0AqS9EX8Icp4hj,2aX1zws7bVjTLbS1cYZK2W,0.7892091405894797
6Z0gK8Fp0AqS9EX8Icp4hj,2jcMktZrayNaiWRnRmItnY,0.8951828660750912
6Z0gK8Fp0AqS9EX8Icp4hj,4dk12UlAYNruc5pwHEXncR,0.9092930232484697
6Z0gK8Fp0AqS9EX8Icp4hj,06Q3gof2rs8ErXzBrW1aVg,0.9177500735492558
6Z0gK8Fp0AqS9EX8Icp4hj,3O3lsUYkkrolKZEfH4pTQn,1.0062760952495635
6Z0gK8Fp0AqS9EX8Icp4hj,4DHkzbZSWxsCsvRoEzr28A,1.011296126790901
6Z0gK8Fp0AqS9EX8Icp4hj,0ILXYaWxMQVEXnKq2eTmjW,1.0173645891188468
4n3mp3DC7JrdXYJCDdwKhd,5L0uUsxrDhl1wtuTTogDY1,0.8586400851588578
4n3mp3DC7JrdXYJCDdwKhd,7pIizKkImgo7jAZnbpFF2R,1.152059178173924
4n3mp3DC7JrdXYJCDdwKhd,1qnCh4pnEt4Rd6DEePwS08,1.1618508967178693
4n3mp3DC7JrdXYJCDdwKhd,7rhVGmZnwvqg2z2JJedkMX,1.173826030441107
4n3mp3DC7JrdXYJCDdwKhd,7fK3FuYZP6fqlavub180ij,1.1986926840589647
4n3mp3DC7JrdXYJCDdwKhd,6DXazvidTcZ7Nx78cm5hZE,1.2645992038231286
4n3mp3DC7JrdXYJCDdwKhd,5bphWpcTM84wiP9u0em7Za,1.3460719548143107
4n3mp3DC7JrdXYJCDdwKhd,4E93IPDPbaNJUDTpur3V63,1.3664503119653724
4n3mp3DC7JrdXYJCDdwKhd,10nyNJ6zNy2YVYLrcwLccB,1.3841457320647528
4n3mp3DC7JrdXYJCDdwKhd,7GwYyLNFyAsSsmt2aa0z6u,1.405800704412112
239SrBPZi0xs1OQZmedr6q,6qfnPUcs1Qba8eePYBPu8X,1.4521399920430196
239SrBPZi0xs1OQZmedr6q,3TLgxeugc8nOXkm04LG6Gh,1.5621569137495612
239SrBPZi0xs1OQZmedr6q,5yU9gNHwYeRrWmyRCTUUxv,1.6016849638677537
239SrBPZi0xs1OQZmedr6q,5FccwnVjJbLIF2azQjCwyP,1.7064661736798186
239SrBPZi0xs1OQZmedr6q,7hQAxslFR1rqimWs7f2sKl,1.8049199926182333
239SrBPZi0xs1OQZmedr6q,4yDFEglGw2yP0jvrqCTgfM,1.858437595549558
239SrBPZi0xs1OQZmedr6q,2CuUB5MbfRShtunR8g5hjR,1.964730812641558
239SrBPZi0xs1OQZmedr6q,7g90T7PIBzqIpKZG0lzPzS,1.989013192742069
239SrBPZi0xs1OQZmedr6q,5T2iobXGYEI9TdrJ4Du6QN,1.9971285891278965
239SrBPZi0xs1OQZmedr6q,55ZOwV8VlGuI8f7wc4vofi,2.12417024083411
7FxxBNwN27gcqRjzSE6T9N,47rsdYKDpxfxM41ELOzZhg,0.699804225194237
7FxxBNwN27gcqRjzSE6T9N,6ohVFU3E1i5Ke7k37vtDdS,1.027267797438782
7FxxBNwN27gcqRjzSE6T9N,37LMtqQkT9aEVZEedBJfw5,1.277577837767556
7FxxBNwN27gcqRjzSE6T9N,1tBjTyIWZpAXKOahFNrpMK,1.282486951637744
7FxxBNwN27gcqRjzSE6T9N,3Fqq8l8ToyiC9ZyHyxMxFo,1.293900742285852
7FxxBNwN27gcqRjzSE6T9N,5wpyfg3L9LKs64kJF6XiHF,1.359424440509809
7FxxBNwN27gcqRjzSE6T9N,1W0voVAoKVow8VhpwWBHl5,1.3705344441898246
7FxxBNwN27gcqRjzSE6T9N,2rbkwvwtdWpDwthWnTpJMj,1.3739203850726576
7FxxBNwN27gcqRjzSE6T9N,6iYQCMnUucNMM9Frw2kreu,1.3963114781075852
7FxxBNwN27gcqRjzSE6T9N,5a8O0CAraAuR4iLZXg0s46,1.405195882873211
4jWXXlguqZ8zhRvxOxmp9j,5inWUDecQMC4l2eOFzaIaf,1.4042977320054082
4jWXXlguqZ8zhRvxOxmp9j,0fea68AdmYNygeTGI4RC18,1.4529278753112793
4jWXXlguqZ8zhRvxOxmp9j,4ScVI88WynvZ1avtN2rScK,1.526727022565587
4jWXXlguqZ8zhRvxOxmp9j,6VZ4iuA1y0utK4YR9dMfhu,1.8115650458716048
4jWXXlguqZ8zhRvxOxmp9j,4BedjJsVJvrmSnVr8rLcSU,1.8238615938915121
4jWXXlguqZ8zhRvxOxmp9j,5dy25rHjyfAbpkHDI9yfTY,1.8383803119385558
4jWXXlguqZ8zhRvxOxmp9j,10aDiDITMu33TQNqVR35iM,1.8839516181840348
4jWXXlguqZ8zhRvxOxmp9j,0BFtrq3fyv1kRcId4o18mK,2.0591864368617814
4jWXXlguqZ8zhRvxOxmp9j,0DC7Zs2qvAbNK1owWQ4mlL,2.0941449669348806
4jWXXlguqZ8zhRvxOxmp9j,7kIyiyXcaOkk0g3SOxPd33,2.190123995139701
2ifYUfvMNbXQDPJEyk68rP,6DBqULxLjq66GX2dim7opR,1.2172486589751472
2ifYUfvMNbXQDPJEyk68rP,6y4ySPeb68KGoAi1dk130F,1.2954372705185466
2ifYUfvMNbXQDPJEyk68rP,2j93jQX5C9wRnSzT3qthRt,1.3323212734915266
2ifYUfvMNbXQDPJEyk68rP,6d3jo3AUpEsOrMsbtyeW7y,1.3590826293144236
2ifYUfvMNbXQDPJEyk68rP,7eX5SypK35V8Y9d9pS6rWy,1.4732483881788618
2ifYUfvMNbXQDPJEyk68rP,0HkYWF3O2mW56RU67gEqyG,1.5100952495454252
2ifYUfvMNbXQDPJEyk68rP,3rTk7Ll8NRrd2jspBFtimV,1.510255593472129
2ifYUfvMNbXQDPJEyk68rP,78Gzxi27GuNHTfkn2BylG4,1.5613093633013548
2ifYUfvMNbXQDPJEyk68rP,1zc9mfxeNZ6HiSxRzY7JIA,1.5720996365782425
2ifYUfvMNbXQDPJEyk68rP,1P7Ik6OX9dV3BnXZi9L4cI,1.6139611925749353
7lozyelzonSChypzS5dPPb,2wo4Pc7bsWb5rJpG3pESt3,1.5190615254261166
7lozyelzonSChypzS5dPPb,5Dj4dtQ0HXxvKRdzqELup0,1.6590698418488428
7lozyelzonSChypzS5dPPb,5uCidx258qlEgnaj895hbm,1.8837737875104643
7lozyelzonSChypzS5dPPb,4zLtcR5Hfm80fSqogapUEc,2.028917363547771
7lozyelzonSChypzS5dPPb,1nYo1XPxlNiVNClaD1emxe,2.11967779220198
7lozyelzonSChypzS5dPPb,59D6U4erIjSUoUrXM82edy,2.168685913237296
7lozyelzonSChypzS5dPPb,7n5Jcqw85WSfJHrMXsk5N2,2.232884543332842
7lozyelzonSChypzS5dPPb,5OSpHOjCFDWRY67fJFZ1ZQ,2.2475787145656714
7lozyelzonSChypzS5dPPb,3TeGnh9c51Du7BHtRkOeS6,2.2848975880494473
7lozyelzonSChypzS5dPPb,6ecXZdsvfOQjjQcVNs4WkN,2.286919295901924
6BvxXU49ho2foOtgd4dgXb,0VvlSQ6yIwlKw5MCFU0lZv,3.4104642484586973
6BvxXU49ho2foOtgd4dgXb,10aDiDITMu33TQNqVR35iM,3.41648046154709
6BvxXU49ho2foOtgd4dgXb,5Z9gjSD3mglkexfM8QbGHo,3.499401019992846
6BvxXU49ho2foOtgd4dgXb,7rMB3EFvXYfXvkw7BBLoX1,3.5230236644709985
6BvxXU49ho2foOtgd4dgXb,0obvnPQaTe8fRAQHWyOWBv,3.5572158686128685
6BvxXU49ho2foOtgd4dgXb,3AQozzNsKUnxw2GSn0IlRq,3.5712979889284364
6BvxXU49ho2foOtgd4dgXb,5inWUDecQMC4l2eOFzaIaf,3.584024524946309
6BvxXU49ho2foOtgd4dgXb,4ScVI88WynvZ1avtN2rScK,3.5855240457954554
6BvxXU49ho2foOtgd4dgXb,6r9qDqJMdeMTWvHAcQfsHg,3.7226729135407677
6BvxXU49ho2foOtgd4dgXb,3y8doSsikONxr7FMYCt41C,3.7272718277636425
0p4D8tKBjpTqOpFhwxIXe1,3iOcbCxe0jW1XrlFb0rvj2,0.8178484708070981
0p4D8tKBjpTqOpFhwxIXe1,6qFWAs54gSDIUh0J9XY8qx,0.9231790162788642
0p4D8tKBjpTqOpFhwxIXe1,7h9VHJe3SJnNpedITpOQWO,0.9417903162899984
0p4D8tKBjpTqOpFhwxIXe1,2O2oWOUJM14dWhQNpkcSbD,0.9471838717259929
0p4D8tKBjpTqOpFhwxIXe1,6YNdQ5utvFnK4CTAnBga06,0.9534234594402996
0p4D8tKBjpTqOpFhwxIXe1,5Gox2FHWcB882eGsRIkdrt,0.9715251249977197
0p4D8tKBjpTqOpFhwxIXe1,4oOmRoG2lWjv6COrTT8Z28,1.003117081843554
0p4D8tKBjpTqOpFhwxIXe1,5aAjcWycNzzlnnwRB8z0zL,1.0539872563161843
0p4D8tKBjpTqOpFhwxIXe1,0D3J5hfXcaQLeMmZVxD4S7,1.0606796709828599
0p4D8tKBjpTqOpFhwxIXe1,3i0J9e00YhlrKO7AqgdO8Z,1.097599346729769
4j6P3mLiZRfNPGFIQlq9vX,5H9S7RaxxSAgY77Mb0CSPz,1.1847971754318407
4j6P3mLiZRfNPGFIQlq9vX,4GRgeMNKXKSqmkKRqzoXB7,1.4325942542712493
4j6P3mLiZRfNPGFIQlq9vX,7LihoPgTF9hnxMh9lRTNkA,1.4437402839822246
4j6P3mLiZRfNPGFIQlq9vX,0dcNLhcMbcFd1eduLDNuNT,1.4788273454456784
4j6P3mLiZRfNPGFIQlq9vX,3eBMWAbupDk0WKevWvrqa4,1.52853125583122
4j6P3mLiZRfNPGFIQlq9vX,5gBkapKElcmuRuw6lQGYlZ,1.5419404687447433
4j6P3mLiZRfNPGFIQlq9vX,4IUgpL0CgSiloUOHzgd6Qe,1.629336969648603
4j6P3mLiZRfNPGFIQlq9vX,1P7Ik6OX9dV3BnXZi9L4cI,1.645219747207556
4j6P3mLiZRfNPGFIQlq9vX,2j93jQX5C9wRnSzT3qthRt,1.6810137406630838
4j6P3mLiZRfNPGFIQlq9vX,6ekLy1OsrYdLMbcqc0KZ8G,1.7112262966665457
0WK1p8CduOKInJdZcjDy5A,0XE4aVvC1rOGaS9jLpgsfv,1.7154088183695464
0WK1p8CduOKInJdZcjDy5A,2IkCJvsnygJFSoZV8nhQoq,1.8155852357957958
0WK1p8CduOKInJdZcjDy5A,0BQNM4jGoWsJ4qN5GQpgmh,1.8176742359248184
0WK1p8CduOKInJdZcjDy5A,72Br67AOUPrirJtaMoXOUk,2.0875907017702233
0WK1p8CduOKInJdZcjDy5A,5R3TXM4XqQYBZjMs7koHZT,2.116423638150933
0WK1p8CduOKInJdZcjDy5A,4DeoucgVChdV0zkeLzNKji,2.164146737718403
0WK1p8CduOKInJdZcjDy5A,67al4eD0HtTYVqw1BLcF2d,2.2094231989127486
0WK1p8CduOKInJdZcjDy5A,3mYCd23hPxJW5okSvMoy3x,2.2264103274048788
0WK1p8CduOKInJdZcjDy5A,1yo3kUDbRC60FCroxINeJQ,2.228900801998127
0WK1p8CduOKInJdZcjDy5A,2HKTVg3VL4LULPp7F8SUQa,2.262544851882834
1zx6GSqLYI2ynzAHnPRKBR,0Id7swY6cWbvYLtVVF0wvq,0.8700289139071135
1zx6GSqLYI2ynzAHnPRKBR,7GkHIsnziYgk6j1lx2TK6H,0.8724472423312184
1zx6GSqLYI2ynzAHnPRKBR,4oOmRoG2lWjv6COrTT8Z28,0.9486425416093328
1zx6GSqLYI2ynzAHnPRKBR,5Z4ZRi6fMaqM4gW3VrTxfk,1.001120263570608
1zx6GSqLYI2ynzAHnPRKBR,2kx5sQgmjYug0GiDh1a4sU,1.0802036176449183
1zx6GSqLYI2ynzAHnPRKBR,5m4FuvMmLOnq7Gpt0ckAcf,1.0970197670971715
1zx6GSqLYI2ynzAHnPRKBR,2n0U2OG5d6TuW5mKx7YrC0,1.0995689976308072
1zx6GSqLYI2ynzAHnPRKBR,0ZgMBZeFQC8Jja48NuDaSC,1.1032215366112015
1zx6GSqLYI2ynzAHnPRKBR,2KZXF3p2o5oNl4dYme5zhH,1.1094533283444035
1zx6GSqLYI2ynzAHnPRKBR,2DEHcqIwG3umK94P0tlh7X,1.1471951650433645
1NPvaOBF5y6HxKDOEAbUp7,58wCmem95U5HegMFOFGqUf,1.7605381074503672
1NPvaOBF5y6HxKDOEAbUp7,2RJireEKZhGveSCh1cDZjN,2.8854102594160556
1NPvaOBF5y6HxKDOEAbUp7,2o4brM0aHognKkRI8QtLEg,2.9040032106237987
1NPvaOBF5y6HxKDOEAbUp7,7hbI6QqjMZ5vlcE7A9DcVF,2.9527853566510793
1NPvaOBF5y6HxKDOEAbUp7,2ZZ3SXe3q8fwzVtIrQpEKy,3.0193814068846527
1NPvaOBF5y6HxKDOEAbUp7,04tv9ewp0KMC5ijweE1GmS,3.0382554253355365
1NPvaOBF5y6HxKDOEAbUp7,1eGdw1BbGAYaXbgPcVIkGm,3.1298822825647474
1NPvaOBF5y6HxKDOEAbUp7,0H9T97wS2k3bk1JcyOlrrN,3.173040501636217
1NPvaOBF5y6HxKDOEAbUp7,4G9X7CZFiwfG2P99sIaaK2,3.2794089989471256
1NPvaOBF5y6HxKDOEAbUp7,5wellG7pgco2QlMjVuvSsf,3.2871888968217413
6L9MB7o26MmvG6ST9TSOYa,2gCqYL6CgWs0ICgIoyJtkV,0.4829527934758465
6L9MB7o26MmvG6ST9TSOYa,1WfaiA60QqqYIYMmd1IwLR,0.8408042897792658
6L9MB7o26MmvG6ST9TSOYa,1D6sRVegPTdQQj9ScxngtR,1.0462146599979598
6L9MB7o26MmvG6ST9TSOYa,68xC2JQSgK9L43IkW7UvNT,1.1143952874225942
6L9MB7o26MmvG6ST9TSOYa,1WqKCdqgzthIO1MpBq76Bv,1.2393400733555953
6L9MB7o26MmvG6ST9TSOYa,6onFDeU84yMtLmYfTlHkoI,1.288397451763422
6L9MB7o26MmvG6ST9TSOYa,6bWSlgj7GqYXsorKurrxTJ,1.3516725512126175
6L9MB7o26MmvG6ST9TSOYa,4wNIVLMwvz1P4hjWBmyKqa,1.5585990965692809
6L9MB7o26MmvG6ST9TSOYa,2FwKDwQyIKK1YgLAg9wjnV,1.6614681966124185
6L9MB7o26MmvG6ST9TSOYa,0aKb5riywYeDam6ukd62RO,1.6890314591894389
2PJzQvozduq44cToUQBa0B,3XXTR1PxuCslxeQCpRHpmW,0.5481440469055675
2PJzQvozduq44cToUQBa0B,43nB4BTmfrOZ80QYrD3Ap2,0.7344975818065212
2PJzQvozduq44cToUQBa0B,5aJuHyYNdOzqX6eGO2XyE8,0.7469133380864453
2PJzQvozduq44cToUQBa0B,1RtoOw5CS2PBcVG8A783Q0,0.9772531318077216
2PJzQvozduq44cToUQBa0B,42OUnOczRtCTyPTqvBsHzW,1.0248129794806284
2PJzQvozduq44cToUQBa0B,3zwL0EG6j9gJkPBtJY3VQu,1.0692229739834487
2PJzQvozduq44cToUQBa0B,5BwUt9x6Ss7bKcnDCi5H2X,1.0882013976594136
2PJzQvozduq44cToUQBa0B,341863z079BT4EFPiSw9DP,1.100879235321695
2PJzQvozduq44cToUQBa0B,7nZu5xIQlEceMFpfQbjK1P,1.1293021041396334
2PJzQvozduq44cToUQBa0B,4GAhAw0RCzNVP976NRMOqO,1.1636546082875354
1hMZDDqL6ThRyJQ5rsLiB5,7pjj6hVH1uh9Mf6rQ6QO0O,0.981733740072623
1hMZDDqL6ThRyJQ5rsLiB5,00TFDHSe7s8cWm5CzDY8UP,1.0686591538972061
1hMZDDqL6ThRyJQ5rsLiB5,0BZagFWMAL33p7y6HsL3jT,1.1308054981048452
1hMZDDqL6ThRyJQ5rsLiB5,6kls8cSlUyHW2BUOkDJIZE,1.1497979000642102
1hMZDDqL6ThRyJQ5rsLiB5,1JfcfNnW1pfsaYdqO6Vrkn,1.2366861523059474
1hMZDDqL6ThRyJQ5rsLiB5,3kUYO8UMNxuOCPuERmQYKa,1.2695607548588679
1hMZDDqL6ThRyJQ5rsLiB5,0QAelR36l8kKZjccUbJ6ah,1.273276238642818
1hMZDDqL6ThRyJQ5rsLiB5,0uGTUhUrqGx9LYkkiLUXE4,1.2859795504845637
1hMZDDqL6ThRyJQ5rsLiB5,1pIMxRddmCGalHnRbLFkWg,1.2883816687266183
1hMZDDqL6ThRyJQ5rsLiB5,3q5Ze7QksOVd2ES9YzdfsE,1.351483520027912
0pLfv0qTmH5AG2aUQQdkBt,6LiB2EaS3yxxJF4TWFgbno,0.8317827339728099
0pLfv0qTmH5AG2aUQQdkBt,4KC2Z9dL4jL61Ys35N6srg,0.8353471828532224
0pLfv0qTmH5AG2aUQQdkBt,6d0sSZ2bfKUWeICsNRPyCt,1.0231539427512437
0pLfv0qTmH5AG2aUQQdkBt,2LyRC7gfWFJd6JI5i8fTJe,1.0280455297278681
0pLfv0qTmH5AG2aUQQdkBt,7wClHQJlSp23OJ4TEi10Dn,1.0630988221821154
0pLfv0qTmH5AG2aUQQdkBt,5HuCuxK1MdKafyUHl6X54r,1.088853859169247
0pLfv0qTmH5AG2aUQQdkBt,3yuxU2iHhz7tocZG9ohT1A,1.2635810781544117
0pLfv0qTmH5AG2aUQQdkBt,0A4z93tJeaBRgZV6L5WP9h,1.407304172746484
0pLfv0qTmH5AG2aUQQdkBt,1f9jv3jIHqwZhVW7NMAgYN,1.4232582675361185
0pLfv0qTmH5AG2aUQQdkBt,6Dqb8HDPamnC4LGd0dSAbw,1.4365258853673193
5nSdJRpyM8OkYOVGa5rlsw,0UIrLwFq3cvTg5vBMmlfjp,0.514452844201415
5nSdJRpyM8OkYOVGa5rlsw,6Q3FXpvUNVHiWHU3xVMnQR,0.6323379683416874
5nSdJRpyM8OkYOVGa5rlsw,2GOVk9VRBmLVEyHSdZYPEN,0.6559941207490706
5nSdJRpyM8OkYOVGa5rlsw,0EmYZZ8OqeALedVhijSjsg,0.6988562738509466
5nSdJRpyM8OkYOVGa5rlsw,7oS2EnBWSHxzR2m6CxNJYA,0.7347704089717215
5nSdJRpyM8OkYOVGa5rlsw,3bc6MVpDA0hm4DbuqD2r9C,0.7848895848129746
5nSdJRpyM8OkYOVGa5rlsw,1I2MEjnS9c4OPMnKWbIuYs,0.8088262352435518
5nSdJRpyM8OkYOVGa5rlsw,0RYqTScbPJ3wijhvWOgLkE,0.8263169364958096
5nSdJRpyM8OkYOVGa5rlsw,4hQ6UGyWQIGJmHSo0J88JW,0.9182608440558828
5nSdJRpyM8OkYOVGa5rlsw,5ee2y1hdrYRYlGzKfkQdBw,0.9285479513350159
10aDiDITMu33TQNqVR35iM,5dy25rHjyfAbpkHDI9yfTY,0.8691149371717588
10aDiDITMu33TQNqVR35iM,0fea68AdmYNygeTGI4RC18,1.0731119756367316
10aDiDITMu33TQNqVR35iM,5inWUDecQMC4l2eOFzaIaf,1.3155302954138899
10aDiDITMu33TQNqVR35iM,4ScVI88WynvZ1avtN2rScK,1.4396232013402261
10aDiDITMu33TQNqVR35iM,5qBhUQLFCdIut4QZrIh7XI,1.5067780328629992
10aDiDITMu33TQNqVR35iM,3BK7JmX1P4GSGx5mdG3aiL,1.6290528154036708
10aDiDITMu33TQNqVR35iM,0nfQH9hmgwtQ4EK0945Zdy,1.73782373866927
10aDiDITMu33TQNqVR35iM,0CGkdIKWvQsgr3zM25jNa8,1.741197672063718
10aDiDITMu33TQNqVR35iM,4jWXXlguqZ8zhRvxOxmp9j,1.8839516181840348
10aDiDITMu33TQNqVR35iM,6DiFaHCUjPpA3nTAEFmQe1,1.9346507316886181
3zwL0EG6j9gJkPBtJY3VQu,5BwUt9x6Ss7bKcnDCi5H2X,0.8233340247853168
3zwL0EG6j9gJkPBtJY3VQu,2PJzQvozduq44cToUQBa0B,1.0692229739834487
3zwL0EG6j9gJkPBtJY3VQu,0jsXpJsdXhnwnwnCLKjYLF,1.1678034640232058
3zwL0EG6j9gJkPBtJY3VQu,43nB4BTmfrOZ80QYrD3Ap2,1.232597043576582
3zwL0EG6j9gJkPBtJY3VQu,0yFjiqcf961CTPJIOxJtjZ,1.2515096995143133
3zwL0EG6j9gJkPBtJY3VQu,1RtoOw5CS2PBcVG8A783Q0,1.2752699138598942
3zwL0EG6j9gJkPBtJY3VQu,341863z079BT4EFPiSw9DP,1.3054317733497225
3zwL0EG6j9gJkPBtJY3VQu,5aJuHyYNdOzqX6eGO2XyE8,1.311821091976458
3zwL0EG6j9gJkPBtJY3VQu,7nZu5xIQlEceMFpfQbjK1P,1.3158007902864477
3zwL0EG6j9gJkPBtJY3VQu,0Fzt24jmCa6G0ED7pW3IM1,1.3461686425081671
42OUnOczRtCTyPTqvBsHzW,43nB4BTmfrOZ80QYrD3Ap2,0.8509364907078243
42OUnOczRtCTyPTqvBsHzW,3eSdppRWjG7WlxTVuhqGVu,0.8861974522740722
42OUnOczRtCTyPTqvBsHzW,2PJzQvozduq44cToUQBa0B,1.0248129794806284
42OUnOczRtCTyPTqvBsHzW,5D6d1DFXMkjUZYoEUf9BAt,1.0932498541729152
42OUnOczRtCTyPTqvBsHzW,3XXTR1PxuCslxeQCpRHpmW,1.2934079555822773
42OUnOczRtCTyPTqvBsHzW,5my3f3dMZENvUwAXYVQNmO,1.308898706251775
42OUnOczRtCTyPTqvBsHzW,3TXF9mdeWd18WEW1alIGOT,1.313707236790444
42OUnOczRtCTyPTqvBsHzW,1JnHZagDFvrT2lx4QovSOo,1.3197634843096058
42OUnOczRtCTyPTqvBsHzW,6CBr1ll9YnZJSPueJwtYrp,1.3269305734143209
42OUnOczRtCTyPTqvBsHzW,5Z4ZRi6fMaqM4gW3VrTxfk,1.338358175611505
3ynNOKWGmuFQiMksRibJyF,6tX41Di5fwIaOyW2h02DmO,1.6234605273211205
3ynNOKWGmuFQiMksRibJyF,5ApWy8SWLq7q7wgKcOxEQ9,1.90510064277196
3ynNOKWGmuFQiMksRibJyF,4cF6Pk7YaRtv91mSZa4nVi,1.9204554919502375
3ynNOKWGmuFQiMksRibJyF,2ueSOewe2bXPIpE8y8TTj1,1.9464589772253122
3ynNOKWGmuFQiMksRibJyF,7pagL6jtEVbRq6vVK6ua3S,1.9896268948765052
3ynNOKWGmuFQiMksRibJyF,1WDDMw1k46OS4W2IGxmLzj,2.009474719051331
3ynNOKWGmuFQiMksRibJyF,4x9l3fDzgvzg9t7Csbufrn,2.019951135525515
3ynNOKWGmuFQiMksRibJyF,6YVryeURxyAG4Bb588lTmR,2.0265407083251423
3ynNOKWGmuFQiMksRibJyF,6t2gHlvw7kTK6M7M5f7S6K,2.031868077230983
3ynNOKWGmuFQiMksRibJyF,5xde0qUR1uUmH8ZVOqoPRo,2.0342606737606856
2o4brM0aHognKkRI8QtLEg,5wellG7pgco2QlMjVuvSsf,1.234080381259371
2o4brM0aHognKkRI8QtLEg,2ZZ3SXe3q8fwzVtIrQpEKy,1.3226979243795953
2o4brM0aHognKkRI8QtLEg,1eGdw1BbGAYaXbgPcVIkGm,1.4672237687447744
2o4brM0aHognKkRI8QtLEg,04tv9ewp0KMC5ijweE1GmS,1.4968022638180254
2o4brM0aHognKkRI8QtLEg,7KnFT8NQPRYtWOZXhWcGGZ,1.5950520361658898
2o4brM0aHognKkRI8QtLEg,59eCy91JDrnpbPLF3T3L03,1.631120121048936
2o4brM0aHognKkRI8QtLEg,018vKll25kQiBjJ9FVOhSV,1.7583690678510238
2o4brM0aHognKkRI8QtLEg,58wCmem95U5HegMFOFGqUf,1.8401022321225218
2o4brM0aHognKkRI8QtLEg,6XTKYGyydndSUV3OHHDwZU,1.8812369173603323
2o4brM0aHognKkRI8QtLEg,2RJireEKZhGveSCh1cDZjN,1.891346639501657
46cEIa1iQPSQLnPVP2hmVm,1tbjeelOKIjolYNUNnPMAD,0.5435050014030592
46cEIa1iQPSQLnPVP2hmVm,3I8w8mVY4KFBXbhcP5NqqH,0.6944971642804487
46cEIa1iQPSQLnPVP2hmVm,4P4mcw4wHDMysBF031DDZT,0.8303116487979392
46cEIa1iQPSQLnPVP2hmVm,3v8CoiN19zAzkTG0E7TBTN,1.1313731306869788
46cEIa1iQPSQLnPVP2hmVm,5ALPzPUKl3Np5BrYTFs4Pb,1.1694327256181758
46cEIa1iQPSQLnPVP2hmVm,4v5aGcoGfj22PEr53NJOHN,1.2245420475929214
46cEIa1iQPSQLnPVP2hmVm,3g3Ht5QpT6uPLmAmDVQOjj,1.2255302777312522
46cEIa1iQPSQLnPVP2hmVm,4wOqh7UiXe4jfbotAizdTu,1.227408815806455
46cEIa1iQPSQLnPVP2hmVm,3PF8RXSKjme6Pi58ajTIvo,1.2305269240956527
46cEIa1iQPSQLnPVP2hmVm,3BOJ6BFjwbixqQM8J4hgYA,1.2471834005828195
6Kov45Llkzzv6jci8DyhHO,2oEXzg6PzHXQ3Mt6Ar4fYt,1.5186215352152885
6Kov45Llkzzv6jci8DyhHO,5bBt3WYHKsMVfbGhAPuQHF,1.7525517550491962
6Kov45Llkzzv6jci8DyhHO,1Ip5p31SowqjJLo2ss1afJ,1.8418393229918009
6Kov45Llkzzv6jci8DyhHO,69zSOewOfa2IvIRMveL1Cc,1.8641370655083245
6Kov45Llkzzv6jci8DyhHO,0K9Xk9AKGtvjXn063Ok6Eg,1.9058724599430779
6Kov45Llkzzv6jci8DyhHO,2E2Yuv42aBOnNhfbbqNoQf,2.0510258684650893
6Kov45Llkzzv6jci8DyhHO,3G4GIs0jGwIbLFGBL3ZSNc,2.070170904786261
6Kov45Llkzzv6jci8DyhHO,4zUHDRC4EJNcLag5uluuNE,2.083206721927346
6Kov45Llkzzv6jci8DyhHO,7bBEhjBUUHwkONgReD5xmB,2.159732438763765
6Kov45Llkzzv6jci8DyhHO,361wxJRa6M2sH1Epy2MAC1,2.1652049946200127
2SLwPaJTN6B6zwcIwsuQAK,4lD40vyG33AcLiftmxQSC8,0.7395151928455208
2SLwPaJTN6B6zwcIwsuQAK,0z5EJolHD3zV6W17tigtP7,0.8069054632952871
2SLwPaJTN6B6zwcIwsuQAK,4nl4KMmBskw45osLZhlhk1,0.8834978674953551
2SLwPaJTN6B6zwcIwsuQAK,72zHuDxFQTjbL51qJQSA7j,0.9768140379227539
2SLwPaJTN6B6zwcIwsuQAK,12SNxpytVKahQ25nOTpbFX,0.9805157169274905
2SLwPaJTN6B6zwcIwsuQAK,0T5iIrXA4p5GsubkhuBIKV,1.0793952555539013
2SLwPaJTN6B6zwcIwsuQAK,5wpyfg3L9LKs64kJF6XiHF,1.1249460454240356
2SLwPaJTN6B6zwcIwsuQAK,6DXazvidTcZ7Nx78cm5hZE,1.1256912719984795
2SLwPaJTN6B6zwcIwsuQAK,6aHFdm58mPF4YPJX3FgI0z,1.1299557842395744
2SLwPaJTN6B6zwcIwsuQAK,2QMAB7AL9WPd0LdRH4BZda,1.1449276247544393
6KMbJSTSecyfoD5NgXiQvh,2G71B13s2bF5SkaieZTOgA,0.9573262124091766
6KMbJSTSecyfoD5NgXiQvh,4X6kRZnZM8mZPkeMUmn8G6,0.9712901011566822
6KMbJSTSecyfoD5NgXiQvh,3BOJ6BFjwbixqQM8J4hgYA,1.0068663210460667
6KMbJSTSecyfoD5NgXiQvh,2QxzpDE6uQPy17dhBTQgpu,1.0526944267396137
6KMbJSTSecyfoD5NgXiQvh,1f9jv3jIHqwZhVW7NMAgYN,1.0963787838221681
6KMbJSTSecyfoD5NgXiQvh,3IKUuAJghlmAkjBKbXaGjS,1.1221912980002025
6KMbJSTSecyfoD5NgXiQvh,4UF1eupXP9Zz5GpYepyOxI,1.1323772997446955
6KMbJSTSecyfoD5NgXiQvh,3v8CoiN19zAzkTG0E7TBTN,1.16969329053594
6KMbJSTSecyfoD5NgXiQvh,5ALPzPUKl3Np5BrYTFs4Pb,1.1870091399294729
6KMbJSTSecyfoD5NgXiQvh,1tbjeelOKIjolYNUNnPMAD,1.230290279668469
1uxFhAQQOrF7nbL49DLcls,40a42KKcVcnqT3Wz24INIm,1.1540338510627441
1uxFhAQQOrF7nbL49DLcls,2MTwDvHo3Mc8lKp7FeEHJJ,1.5379928973438415
1uxFhAQQOrF7nbL49DLcls,1aDCjyFTiY6EG9mbl7HMog,1.7275852990763796
1uxFhAQQOrF7nbL49DLcls,7AW4g4I9fPfUIyqtbsuAkM,1.7997927870088126
1uxFhAQQOrF7nbL49DLcls,4E93IPDPbaNJUDTpur3V63,1.808189085878404
1uxFhAQQOrF7nbL49DLcls,0cocZBknjka59p58FOdqef,1.8665411068607491
1uxFhAQQOrF7nbL49DLcls,7rhVGmZnwvqg2z2JJedkMX,1.8904951322560481
1uxFhAQQOrF7nbL49DLcls,5QLndwpuydTkQow1127Rxr,1.9173566820169752
1uxFhAQQOrF7nbL49DLcls,5frWFPeKH8Pam3rKLFCytt,1.9430159098172344
1uxFhAQQOrF7nbL49DLcls,5IUtvfNvOyVYZUa6AJFrnP,1.9520960438650545
6ohXK9Y4ioab0VjQp20rYa,2BZe9fLjce5JlnrVmwYzWl,1.8234699480807022
6ohXK9Y4ioab0VjQp20rYa,6cxmYx2CDHRkaTZHVgsykX,2.0608297588051703
6ohXK9Y4ioab0VjQp20rYa,3ujWh42s95AIqhM6GXoVjn,2.0751992252007145
6ohXK9Y4ioab0VjQp20rYa,7jc524Kcj1FRHUh7y5x9uv,2.784535467095484
6ohXK9Y4ioab0VjQp20rYa,5xo01RlIlMgQMMI19rY8Xb,2.8597335683625453
6ohXK9Y4ioab0VjQp20rYa,7ErnTS7HiYqwBTNrtdqxK9,2.9215231756402713
6ohXK9Y4ioab0VjQp20rYa,0sO53kgvUZFEu8Tqne6T7N,3.049828923616738
6ohXK9Y4ioab0VjQp20rYa,2awoFGsXQwiU935BUlM6Wf,3.3773562248615807
6ohXK9Y4ioab0VjQp20rYa,1h4K8ijEaWX9Z2KGXrfz8T,3.7644500458402397
6ohXK9Y4ioab0VjQp20rYa,2cBGY25X6oG1fLwQyOZvJ1,3.8584459515470737
4HKFF8kQupjxkx0SKxcPPZ,1RtoOw5CS2PBcVG8A783Q0,1.2458657930355188
4HKFF8kQupjxkx0SKxcPPZ,4GAhAw0RCzNVP976NRMOqO,1.2615973470405406
4HKFF8kQupjxkx0SKxcPPZ,7nZu5xIQlEceMFpfQbjK1P,1.3033699213965744
4HKFF8kQupjxkx0SKxcPPZ,5my3f3dMZENvUwAXYVQNmO,1.4030044797708985
4HKFF8kQupjxkx0SKxcPPZ,3XXTR1PxuCslxeQCpRHpmW,1.4800019275525564
4HKFF8kQupjxkx0SKxcPPZ,2PJzQvozduq44cToUQBa0B,1.4988709026692721
4HKFF8kQupjxkx0SKxcPPZ,0jsXpJsdXhnwnwnCLKjYLF,1.5366675697771552
4HKFF8kQupjxkx0SKxcPPZ,1D6sRVegPTdQQj9ScxngtR,1.6751470096006769
4HKFF8kQupjxkx0SKxcPPZ,4dz4lrmcFATwpvpCyfC20b,1.6952781219082869
4HKFF8kQupjxkx0SKxcPPZ,5BwUt9x6Ss7bKcnDCi5H2X,1.7073724488814863
66dugDe9CKaXt9ZOFiKT0d,6d0sSZ2bfKUWeICsNRPyCt,1.0556597886162036
66dugDe9CKaXt9ZOFiKT0d,2FAdK0AbXRRwlNFb2l9nUi,1.2372816027473903
66dugDe9CKaXt9ZOFiKT0d,382pQ7OIddHeCHHdaFxyYn,1.373065998463101
66dugDe9CKaXt9ZOFiKT0d,2LyRC7gfWFJd6JI5i8fTJe,1.3895444551280638
66dugDe9CKaXt9ZOFiKT0d,63HkkLxSefpYzy1kPrcAOy,1.4329645620762783
66dugDe9CKaXt9ZOFiKT0d,7wClHQJlSp23OJ4TEi10Dn,1.487218879620386
66dugDe9CKaXt9ZOFiKT0d,4KC2Z9dL4jL61Ys35N6srg,1.5207665155671222
66dugDe9CKaXt9ZOFiKT0d,56ejQ1pr7fZVhU5Gfx9YQ5,1.625741545632348
66dugDe9CKaXt9ZOFiKT0d,3XKjZcgNYtvCmBpE1nX7Wn,1.6654312772380129
66dugDe9CKaXt9ZOFiKT0d,0pLfv0qTmH5AG2aUQQdkBt,1.679125427744388
0m4jVVZrsv0bLkAr1uM6UG,25xhL1egtULWxHD5YDJ9XY,0.6904754855754791
0m4jVVZrsv0bLkAr1uM6UG,4mUiW3rsg9kicTIYwjwSsG,0.8409316988173098
0m4jVVZrsv0bLkAr1uM6UG,5jvwBfP3afteHaLNrPrUCN,0.8409316988173098
0m4jVVZrsv0bLkAr1uM6UG,67cR7hkzHhFAdg1UzPM3Xz,0.9048081159972631
0m4jVVZrsv0bLkAr1uM6UG,12SNxpytVKahQ25nOTpbFX,0.933707464595183
0m4jVVZrsv0bLkAr1uM6UG,0kI4AfCbkK5MP2B7Xgh6kB,0.9979763823261067
0m4jVVZrsv0bLkAr1uM6UG,1VhGRC4yzcDFBM4yQSpUGg,1.0645865943046584
0m4jVVZrsv0bLkAr1uM6UG,5Gox2FHWcB882eGsRIkdrt,1.073297303843169
0m4jVVZrsv0bLkAr1uM6UG,7eEL9KyVPyH1lqqgoEIvxZ,1.1629219717366122
0m4jVVZrsv0bLkAr1uM6UG,6tBt0o5KS4xYaC7aKd7RY0,1.1760074401378116
3W1wvz416f8ZaGJyTlaCBq,3BHR1mJOqn2UZyq98YKPgd,1.558450446561027
3W1wvz416f8ZaGJyTlaCBq,6NWjTke7IJDThX8ze3DUJN,1.638386818154519
3W1wvz416f8ZaGJyTlaCBq,74w5vyOFuin2Zu4GsP8paJ,1.7166359219204057
3W1wvz416f8ZaGJyTlaCBq,6AJppuCk5EE86paOdDI4yL,1.7977699015679802
3W1wvz416f8ZaGJyTlaCBq,6k3lATWmM3Z9TJvrzDHfga,1.8423869287902117
3W1wvz416f8ZaGJyTlaCBq,7H4baUrCPnLkLOl6o9zkMO,1.8788869405970587
3W1wvz416f8ZaGJyTlaCBq,4oglYe270D9yn6Gc0JWc03,1.9240754887235405
3W1wvz416f8ZaGJyTlaCBq,2wo4Pc7bsWb5rJpG3pESt3,1.9311437171196997
3W1wvz416f8ZaGJyTlaCBq,249e2fS064cOwvWXm4JU28,1.9663719859132396
3W1wvz416f8ZaGJyTlaCBq,02xRKYZ1jY4B6utPa59qSf,1.9708970286740874
0Fzt24jmCa6G0ED7pW3IM1,2zhL0n71GK0lhgDc83VT9A,0.8799592416066659
0Fzt24jmCa6G0ED7pW3IM1,72655YyFEnLXG54FC6tCtT,1.1098798439722444
0Fzt24jmCa6G0ED7pW3IM1,0EhYGqH7kjogumPfbKWh0t,1.1452261979413378
0Fzt24jmCa6G0ED7pW3IM1,0yFjiqcf961CTPJIOxJtjZ,1.176550977779052
0Fzt24jmCa6G0ED7pW3IM1,1ypx1v2k1cQFX0Vrda7nEl,1.3433549521749626
0Fzt24jmCa6G0ED7pW3IM1,3zwL0EG6j9gJkPBtJY3VQu,1.3461686425081671
0Fzt24jmCa6G0ED7pW3IM1,6apacvSkVWWtCxc68FBsZV,1.355774513307035
0Fzt24jmCa6G0ED7pW3IM1,341863z079BT4EFPiSw9DP,1.3816749771544121
0Fzt24jmCa6G0ED7pW3IM1,5BwUt9x6Ss7bKcnDCi5H2X,1.516675744624132
0Fzt24jmCa6G0ED7pW3IM1,19gCnDoMbugHhF7eMpLpe1,1.5206271071629636
5IXpJkpRvk97JoLMTitMPG,7IZ7SwZfnXMKKwMIGdE6o8,0.7693253065013781
5IXpJkpRvk97JoLMTitMPG,0FlPKWNvl0ZJxQvw3UK3ja,0.8454127413115088
5IXpJkpRvk97JoLMTitMPG,6X75beLYymFGvrw5Ocqflq,0.946858675056752
5IXpJkpRvk97JoLMTitMPG,4GRgeMNKXKSqmkKRqzoXB7,1.336219043703981
5IXpJkpRvk97JoLMTitMPG,0Z7nVJmfPLRjhtStJZh4hm,1.4501178676693156
5IXpJkpRvk97JoLMTitMPG,5WBn5fDSVP8eMrxXQRMVWL,1.6148442174060378
5IXpJkpRvk97JoLMTitMPG,2d25mcKl3CYuBsYPi6cAMi,1.7993082057060168
5IXpJkpRvk97JoLMTitMPG,0TpTOzLGB3JrMhpkpq3u9y,1.8079432817208265
5IXpJkpRvk97JoLMTitMPG,1SEZDfakTMMmUcHildSzsx,1.8137902804110189
5IXpJkpRvk97JoLMTitMPG,2HKTVg3VL4LULPp7F8SUQa,1.8273199440180574
2C6fzRAlaWOhKCOsn5a0Nk,54SQet8YMttOgTqDNGcGpe,0.5148209523647734
2C6fzRAlaWOhKCOsn5a0Nk,1kG7gfH4HDUlDht0VZYkiP,0.7111705690927281
2C6fzRAlaWOhKCOsn5a0Nk,4q6ZHerrtO7gcF67KFX0BF,0.7331868146072656
2C6fzRAlaWOhKCOsn5a0Nk,3z4XtoZVf8AOoR18Lnp7e1,0.8166468195416454
2C6fzRAlaWOhKCOsn5a0Nk,1DqAeuDzc5uUQeAggxmZk5,0.8205577577664206
2C6fzRAlaWOhKCOsn5a0Nk,7AeKwxmlwwLFOF8D7M3Anb,0.8490017884530934
2C6fzRAlaWOhKCOsn5a0Nk,3bc6MVpDA0hm4DbuqD2r9C,0.8610954877455523
2C6fzRAlaWOhKCOsn5a0Nk,36EVGjdLX0x5SlM1GaL6f0,0.8638830927995726
2C6fzRAlaWOhKCOsn5a0Nk,2oya2LiaY0kG9ULocwIoaw,0.8804460319367197
2C6fzRAlaWOhKCOsn5a0Nk,5jhIWm2hXdVQJaRDE9AGhW,0.8827025474056883
52pQ8Rn1Gh7CPV4fyKVfrV,65EReuqyiXH0WMIaeFEIlX,0.9217507665696583
52pQ8Rn1Gh7CPV4fyKVfrV,40KeMi4kkYpAlT1VmjrxDb,1.0331705064680308
52pQ8Rn1Gh7CPV4fyKVfrV,4RvtzkdXmDOjbggr6pu9jR,1.0854607060574433
52pQ8Rn1Gh7CPV4fyKVfrV,2pAD0PKMUMtxlMvz33tYzB,1.123017663673822
52pQ8Rn1Gh7CPV4fyKVfrV,3VpVwKT10A5a4eqN4Pyad1,1.172333349358988
52pQ8Rn1Gh7CPV4fyKVfrV,4xHA5RyRlbVeT2sDslkczq,1.1905451812504197
52pQ8Rn1Gh7CPV4fyKVfrV,2sASx6Cz5mYm0xPrKiD8gZ,1.2569717093523947
52pQ8Rn1Gh7CPV4fyKVfrV,0jwIgZRcbW2VjYuCbhKnX5,1.2711033176570612
52pQ8Rn1Gh7CPV4fyKVfrV,7b1XzNeXhfwGNJWE6gHFRz,1.288324080454015
52pQ8Rn1Gh7CPV4fyKVfrV,2dHCfHPFdccesaPhiisAed,1.288741774274481
6kls8cSlUyHW2BUOkDJIZE,0QAelR36l8kKZjccUbJ6ah,0.6247175699151747
6kls8cSlUyHW2BUOkDJIZE,7epvz4k2v8qrzYansbnKAd,0.7518755876641651
6kls8cSlUyHW2BUOkDJIZE,1pIMxRddmCGalHnRbLFkWg,0.986214524995947
6kls8cSlUyHW2BUOkDJIZE,2YIzmw4FfKEL0LF6EtJCxW,1.110215383725867
6kls8cSlUyHW2BUOkDJIZE,3PDf2Xk2fHt3EexYRrVS0j,1.1260763827461084
6kls8cSlUyHW2BUOkDJIZE,1hMZDDqL6ThRyJQ5rsLiB5,1.1497979000642102
6kls8cSlUyHW2BUOkDJIZE,7kzKAuUzOITUauHAhoMoxA,1.2399053925135226
6kls8cSlUyHW2BUOkDJIZE,2sASx6Cz5mYm0xPrKiD8gZ,1.2559269535515252
6kls8cSlUyHW2BUOkDJIZE,7pjj6hVH1uh9Mf6rQ6QO0O,1.2835498136348422
6kls8cSlUyHW2BUOkDJIZE,6mVD1SfTvlFAPVi7txFL5H,1.2984668986821166
7GkHIsnziYgk6j1lx2TK6H,1zx6GSqLYI2ynzAHnPRKBR,0.8724472423312184
7GkHIsnziYgk6j1lx2TK6H,2kx5sQgmjYug0GiDh1a4sU,1.031483721904589
7GkHIsnziYgk6j1lx2TK6H,0ZgMBZeFQC8Jja48NuDaSC,1.0340434972027333
7GkHIsnziYgk6j1lx2TK6H,3nImoHhXBOqYcdTN8gt9eE,1.0696514428922557
7GkHIsnziYgk6j1lx2TK6H,2cTaSKEc8OZdF6Tpg2QQsS,1.071577130860245
7GkHIsnziYgk6j1lx2TK6H,4oOmRoG2lWjv6COrTT8Z28,1.0755957999723234
7GkHIsnziYgk6j1lx2TK6H,0aIW3ekrhK1eh3BYCh11op,1.1163087492492492
7GkHIsnziYgk6j1lx2TK6H,7lu6YLrlB1MU7HW8DJSuPa,1.1216344466602133
7GkHIsnziYgk6j1lx2TK6H,2n0U2OG5d6TuW5mKx7YrC0,1.1442754796155319
7GkHIsnziYgk6j1lx2TK6H,4DGbBb3ngjF7RsP5f9m7kW,1.1880621523358825
4wNIVLMwvz1P4hjWBmyKqa,2UcUL4jytfVpW0jSXi3Ggi,1.2622159271964033
4wNIVLMwvz1P4hjWBmyKqa,1WfaiA60QqqYIYMmd1IwLR,1.359852203360863
4wNIVLMwvz1P4hjWBmyKqa,6onFDeU84yMtLmYfTlHkoI,1.4508671946806448
4wNIVLMwvz1P4hjWBmyKqa,6L9MB7o26MmvG6ST9TSOYa,1.5585990965692809
4wNIVLMwvz1P4hjWBmyKqa,2FwKDwQyIKK1YgLAg9wjnV,1.5811356188393095
4wNIVLMwvz1P4hjWBmyKqa,1pBHxJzQEiO0PG1BsN096D,1.6382667077193476
4wNIVLMwvz1P4hjWBmyKqa,2gCqYL6CgWs0ICgIoyJtkV,1.678421595503454
4wNIVLMwvz1P4hjWBmyKqa,68xC2JQSgK9L43IkW7UvNT,1.6898867195288365
4wNIVLMwvz1P4hjWBmyKqa,6bWSlgj7GqYXsorKurrxTJ,1.812716713817746
4wNIVLMwvz1P4hjWBmyKqa,1D6sRVegPTdQQj9ScxngtR,1.8792120409028288
0vqw3BCyNr3DDVBmjD21H8,4LuPujVeJXzRX7WyGLMbeY,1.2159853006816097
0vqw3BCyNr3DDVBmjD21H8,3ZcLmonVVD1MTQtmQb8yf3,1.387903049543636
0vqw3BCyNr3DDVBmjD21H8,0IgDxg8KOtsM8x3y09L9oB,1.3983499385438798
0vqw3BCyNr3DDVBmjD21H8,3eqD8kifaVLMNJS1zRk73b,1.4005861794527514
0vqw3BCyNr3DDVBmjD21H8,4hA4vowf8u8fhA2KlxBJIa,1.4005861794527514
0vqw3BCyNr3DDVBmjD21H8,0U7SRbyBhkdXdulXr3veKQ,1.4567452417152134
0vqw3BCyNr3DDVBmjD21H8,2NaU7cuWOBIOPA2nBJ06Hd,1.5643125191667675
0vqw3BCyNr3DDVBmjD21H8,5xde0qUR1uUmH8ZVOqoPRo,1.5724032566934827
0vqw3BCyNr3DDVBmjD21H8,1H1WA6PzEJlqx3YQ2g3dH7,1.5761213931912468
0vqw3BCyNr3DDVBmjD21H8,4MNXKskyfqES2LAlbrrRbV,1.5902462586238517
1yTZAe3F0X7BUpxbj8iMwH,4MpYL0NBKcz41y2TW3UCW8,0.5391452392795175
1yTZAe3F0X7BUpxbj8iMwH,6ZRwn9JqdtRQyrHT0tKIgy,0.9909272491908353
1yTZAe3F0X7BUpxbj8iMwH,1XLe4yeCt8cFemyxnICcZN,1.0100724031766082
1yTZAe3F0X7BUpxbj8iMwH,7LihoPgTF9hnxMh9lRTNkA,1.0321691285525119
1yTZAe3F0X7BUpxbj8iMwH,7EKpyfbmopbXMaMLW9QEd3,1.0830100437549932
1yTZAe3F0X7BUpxbj8iMwH,37nppJzOgypngu1szTRD06,1.1122480299052646
1yTZAe3F0X7BUpxbj8iMwH,6TzYMmTsjyTIf1cSSuOcAw,1.1345513583461317
1yTZAe3F0X7BUpxbj8iMwH,1Zd1Y1UeG8PB5fDSgKQaH6,1.2010249742564962
1yTZAe3F0X7BUpxbj8iMwH,6ekLy1OsrYdLMbcqc0KZ8G,1.2289906561217263
1yTZAe3F0X7BUpxbj8iMwH,5H9S7RaxxSAgY77Mb0CSPz,1.2874102768928912
2dDE3WCSj2cELFYO1IfECD,7lltIP2aLYnEwbrKdYq0gb,0.7212915081619492
2dDE3WCSj2cELFYO1IfECD,3mYCd23hPxJW5okSvMoy3x,0.9872561992092732
2dDE3WCSj2cELFYO1IfECD,3rTk7Ll8NRrd2jspBFtimV,1.0698318957399662
2dDE3WCSj2cELFYO1IfECD,1zc9mfxeNZ6HiSxRzY7JIA,1.207483766753487
2dDE3WCSj2cELFYO1IfECD,3nX1nZJoLqfNSBq19RPGS4,1.301669786405527
2dDE3WCSj2cELFYO1IfECD,67al4eD0HtTYVqw1BLcF2d,1.307253453065133
2dDE3WCSj2cELFYO1IfECD,5R3TXM4XqQYBZjMs7koHZT,1.4432695080226339
2dDE3WCSj2cELFYO1IfECD,2AJL5Z7SjjilD8fAFWp8uo,1.4471243313951947
2dDE3WCSj2cELFYO1IfECD,1P7Ik6OX9dV3BnXZi9L4cI,1.4547316957669363
2dDE3WCSj2cELFYO1IfECD,2bTESUiaqSWDvyW9zSA6xG,1.4581087047074246
4YXKKnIZuk7UtXH5oC0ffa,1zZLRpTzRTqPQ7G7uxYI9Y,0.9230931983077518
4YXKKnIZuk7UtXH5oC0ffa,4fhLBWSTK9UeGiDQST7bxP,1.0577291811194358
4YXKKnIZuk7UtXH5oC0ffa,3YLBzcPdr3obwR4tqOJEyv,1.0710713554949085
4YXKKnIZuk7UtXH5oC0ffa,3NtC3kB57EmY8FXziu8KOn,1.1031766648991193
4YXKKnIZuk7UtXH5oC0ffa,2E2Yuv42aBOnNhfbbqNoQf,1.262398028356029
4YXKKnIZuk7UtXH5oC0ffa,712vBjPwBMW6Bd4i2xo5pm,1.4371946145470134
4YXKKnIZuk7UtXH5oC0ffa,0K9Xk9AKGtvjXn063Ok6Eg,1.5075170652402559
4YXKKnIZuk7UtXH5oC0ffa,5j8cflZIx0GwvlkzPImbtK,1.5639520450515487
4YXKKnIZuk7UtXH5oC0ffa,5xde0qUR1uUmH8ZVOqoPRo,1.5870262871257343
4YXKKnIZuk7UtXH5oC0ffa,4pY65PI8PkbRumQpEoxElV,1.6040000148862519
040wa7JKXeVWLjkVYHxtQe,6iYQCMnUucNMM9Frw2kreu,0.9033058538846718
040wa7JKXeVWLjkVYHxtQe,25xhL1egtULWxHD5YDJ9XY,1.0061529242557203
040wa7JKXeVWLjkVYHxtQe,39AH5NxTYx4WzPeLG6Muwk,1.1368493847979055
040wa7JKXeVWLjkVYHxtQe,67cR7hkzHhFAdg1UzPM3Xz,1.185799887097769
040wa7JKXeVWLjkVYHxtQe,0m4jVVZrsv0bLkAr1uM6UG,1.2163693113840015
040wa7JKXeVWLjkVYHxtQe,4mUiW3rsg9kicTIYwjwSsG,1.3329178983065524
040wa7JKXeVWLjkVYHxtQe,5jvwBfP3afteHaLNrPrUCN,1.3329178983065524
040wa7JKXeVWLjkVYHxtQe,3Fqq8l8ToyiC9ZyHyxMxFo,1.3392293160693844
040wa7JKXeVWLjkVYHxtQe,37LMtqQkT9aEVZEedBJfw5,1.4954734855268619
040wa7JKXeVWLjkVYHxtQe,4QX6kQ5616qedOdz8zrpYj,1.5000529377893521
626KJ8oTkNs9znR1nDqq1k,2aYW6K8f6ESAqPINJHfmGn,1.1547980776947249
626KJ8oTkNs9znR1nDqq1k,5Dj4dtQ0HXxvKRdzqELup0,1.3605714921957912
626KJ8oTkNs9znR1nDqq1k,3joSo5cx7WLe18uEEdu3Oj,1.4390549010372207
626KJ8oTkNs9znR1nDqq1k,59D6U4erIjSUoUrXM82edy,1.8246935177606118
626KJ8oTkNs9znR1nDqq1k,42r0LZ9g8gq4afWztSw54k,1.8407872013403832
626KJ8oTkNs9znR1nDqq1k,1HrKC8HlC5gTsLVYYbVVop,1.9269826932964065
626KJ8oTkNs9znR1nDqq1k,3pmYp7wfaDfr5OwHoxAR9K,2.028260014160692
626KJ8oTkNs9znR1nDqq1k,2gy6A01eKUii3HCns5nHwW,2.098585752719796
626KJ8oTkNs9znR1nDqq1k,3TeGnh9c51Du7BHtRkOeS6,2.208079498997007
626KJ8oTkNs9znR1nDqq1k,31tqdc6hO91Byv18aRLhNE,2.291536614510628
1FlY15vdP570PJucy6JdYm,7kYgRZwVlq9a3lvHGHunrb,1.3416248289686177
1FlY15vdP570PJucy6JdYm,4uFXfaNBVQw1MJ9K19P8QS,1.5005098209677505
1FlY15vdP570PJucy6JdYm,4rrDNJIlcE03cUe4RA74Z6,1.6092389915732164
1FlY15vdP570PJucy6JdYm,1nPfUuE8XYrnsaToI81yyO,1.649613367189834
1FlY15vdP570PJucy6JdYm,3J5rWdL10nRlpP0TVXjhea,1.8159004586883192
1FlY15vdP570PJucy6JdYm,718purgMpFb2Axhuz0Hbq1,1.9682886269309452
1FlY15vdP570PJucy6JdYm,040wa7JKXeVWLjkVYHxtQe,1.9758438976049892
1FlY15vdP570PJucy6JdYm,5T2iobXGYEI9TdrJ4Du6QN,1.9828082351433554
1FlY15vdP570PJucy6JdYm,2klWfM19A7TfwlxBQLNbIZ,2.0305919378506005
1FlY15vdP570PJucy6JdYm,5FccwnVjJbLIF2azQjCwyP,2.0497208579744104
3I9tSAQMVzAuX8QQUBG9rP,4pY65PI8PkbRumQpEoxElV,0.745671055842533
3I9tSAQMVzAuX8QQUBG9rP,32Dc90Bn6NCKMPmdfprhFq,0.8241724345461112
3I9tSAQMVzAuX8QQUBG9rP,00nQri79W2dxFkWmXISlLh,0.8835092348682905
3I9tSAQMVzAuX8QQUBG9rP,2FsrKLHO91CaT8vvY85DD6,0.9984849252580905
3I9tSAQMVzAuX8QQUBG9rP,2RfncplwWMhuFY7nv2Dwwa,1.0054575763412492
3I9tSAQMVzAuX8QQUBG9rP,1W0voVAoKVow8VhpwWBHl5,1.017912409625084
3I9tSAQMVzAuX8QQUBG9rP,7qrvxjTqvXvaiGhnUfCOAB,1.1539841304404301
3I9tSAQMVzAuX8QQUBG9rP,67cR7hkzHhFAdg1UzPM3Xz,1.1725765351773467
3I9tSAQMVzAuX8QQUBG9rP,6SP4AXgL3VCUTmdm7axe9C,1.2175597639348288
3I9tSAQMVzAuX8QQUBG9rP,4siZLgCKM0IKnD1ek6Bt4d,1.2204664062496178
5j8cflZIx0GwvlkzPImbtK,1nvbESS1keAEEVL7SJjSH4,0.6614143428228841
5j8cflZIx0GwvlkzPImbtK,4fhLBWSTK9UeGiDQST7bxP,1.0750045548507525
5j8cflZIx0GwvlkzPImbtK,1tBjTyIWZpAXKOahFNrpMK,1.129077152344223
5j8cflZIx0GwvlkzPImbtK,5a8O0CAraAuR4iLZXg0s46,1.194330418440159
5j8cflZIx0GwvlkzPImbtK,5WTMon2o3bL3LvIxVQm9xk,1.291089372772096
5j8cflZIx0GwvlkzPImbtK,7FxxBNwN27gcqRjzSE6T9N,1.4180482375822954
5j8cflZIx0GwvlkzPImbtK,361wxJRa6M2sH1Epy2MAC1,1.4264578832000583
5j8cflZIx0GwvlkzPImbtK,3NtC3kB57EmY8FXziu8KOn,1.4363065690833865
5j8cflZIx0GwvlkzPImbtK,1zZLRpTzRTqPQ7G7uxYI9Y,1.4582200231928761
5j8cflZIx0GwvlkzPImbtK,0PPIpnwOzCZMUaGiHbAEqc,1.4849674404417263
4DeoucgVChdV0zkeLzNKji,60sMKR8s0Zs8tXRqKsI8VX,1.1791118697482301
4DeoucgVChdV0zkeLzNKji,2rkksdiuFUyjSuW5quDJdv,1.5735212691601634
4DeoucgVChdV0zkeLzNKji,2Oghfvs0YkMNadU5c31GpJ,1.5972587255183692
4DeoucgVChdV0zkeLzNKji,513qzL4sJwVPpzdc7AXZvH,1.6007756252237075
4DeoucgVChdV0zkeLzNKji,2AwYywTNbeiWqQcLqt8UwP,1.6452747981507723
4DeoucgVChdV0zkeLzNKji,4avT69vtIK1qqC8SL7eqGJ,1.7014212464530878
4DeoucgVChdV0zkeLzNKji,5ncofiedz9Ej6YkvvXMKVn,1.705188870662959
4DeoucgVChdV0zkeLzNKji,2aX1zws7bVjTLbS1cYZK2W,1.7630754801344455
4DeoucgVChdV0zkeLzNKji,3pHpV3pa96s4vuBP7sQq0V,1.785747013266514
4DeoucgVChdV0zkeLzNKji,3z8h0TU7ReDPLIbEnYhWZb,1.8260990076473755
1h4K8ijEaWX9Z2KGXrfz8T,2cBGY25X6oG1fLwQyOZvJ1,1.037957061620504
1h4K8ijEaWX9Z2KGXrfz8T,0sO53kgvUZFEu8Tqne6T7N,2.7555815073311227
1h4K8ijEaWX9Z2KGXrfz8T,6cxmYx2CDHRkaTZHVgsykX,3.245923198981423
1h4K8ijEaWX9Z2KGXrfz8T,2BZe9fLjce5JlnrVmwYzWl,3.261044353926482
1h4K8ijEaWX9Z2KGXrfz8T,7jc524Kcj1FRHUh7y5x9uv,3.5976115613921755
1h4K8ijEaWX9Z2KGXrfz8T,6ohXK9Y4ioab0VjQp20rYa,3.7644500458402397
1h4K8ijEaWX9Z2KGXrfz8T,3ujWh42s95AIqhM6GXoVjn,3.8569741449812183
1h4K8ijEaWX9Z2KGXrfz8T,5xo01RlIlMgQMMI19rY8Xb,4.2587230889353
1h4K8ijEaWX9Z2KGXrfz8T,7ErnTS7HiYqwBTNrtdqxK9,4.326291004052031
1h4K8ijEaWX9Z2KGXrfz8T,2jL3urmIC1PepoT93Mskmm,4.401346917896252
0TXwOYYmyZBOmi75DPVQd8,68c8qaChNLXdBvFPCSQz4d,0.9702503041154121
0TXwOYYmyZBOmi75DPVQd8,3O3lsUYkkrolKZEfH4pTQn,1.0622984965305224
0TXwOYYmyZBOmi75DPVQd8,2L1KDMlUbzuaXce1VvWV57,1.1068904404005886
0TXwOYYmyZBOmi75DPVQd8,2O2oWOUJM14dWhQNpkcSbD,1.1084789961106645
0TXwOYYmyZBOmi75DPVQd8,6S1BoAiJeJ96A09tHIwJuy,1.1146152460577807
0TXwOYYmyZBOmi75DPVQd8,3iTgKW7MWI0M0acyEoQXds,1.1244116061270506
0TXwOYYmyZBOmi75DPVQd8,5p66ip2k92QBjuYYw2X0qa,1.2028475308675028
0TXwOYYmyZBOmi75DPVQd8,26VPU8yYHcZs2II1PD0G9g,1.2647558354277475
0TXwOYYmyZBOmi75DPVQd8,5bFuHlXKw66Uu2cHKn5bf8,1.2733187791584362
0TXwOYYmyZBOmi75DPVQd8,3uUuGVFu1V7jTQL60S1r8z,1.2758861794289957
2xETIuyVWAjWXFSbqngBYq,6TzYMmTsjyTIf1cSSuOcAw,0.652327813070189
2xETIuyVWAjWXFSbqngBYq,4TCMm1N1zoNmRYaLbYwB2k,0.7829109545170413
2xETIuyVWAjWXFSbqngBYq,1mRgy0qWyAc8EpFeeRNnRK,0.9810645281000965
2xETIuyVWAjWXFSbqngBYq,4x9l3fDzgvzg9t7Csbufrn,1.0277110447359126
2xETIuyVWAjWXFSbqngBYq,7EKpyfbmopbXMaMLW9QEd3,1.1266318131741002
2xETIuyVWAjWXFSbqngBYq,6XDdcBC0hQkRcQfYovxd4c,1.1327618066692693
2xETIuyVWAjWXFSbqngBYq,1WheyFsHUcBWQ33WNHcZdI,1.1491273870934948
2xETIuyVWAjWXFSbqngBYq,3xLtrBuptxKDFww9lND5Dc,1.2315761462247221
2xETIuyVWAjWXFSbqngBYq,3JVeCPb470mUJ7otD7i8j4,1.2832578266752723
2xETIuyVWAjWXFSbqngBYq,1Zd1Y1UeG8PB5fDSgKQaH6,1.3185956350458299
5bFuHlXKw66Uu2cHKn5bf8,0ILXYaWxMQVEXnKq2eTmjW,0.6828983600902409
5bFuHlXKw66Uu2cHKn5bf8,3O3lsUYkkrolKZEfH4pTQn,0.7115932535821626
5bFuHlXKw66Uu2cHKn5bf8,68c8qaChNLXdBvFPCSQz4d,0.7595320830620288
5bFuHlXKw66Uu2cHKn5bf8,3iTgKW7MWI0M0acyEoQXds,0.9298331361626967
5bFuHlXKw66Uu2cHKn5bf8,5x4vgABKiGp4Vg7ZyFRxhn,0.9306794048263047
5bFuHlXKw66Uu2cHKn5bf8,6S1BoAiJeJ96A09tHIwJuy,0.9461606871324869
5bFuHlXKw66Uu2cHKn5bf8,0liZcBeGoLuzDIat1YXRZk,0.9711802705281248
5bFuHlXKw66Uu2cHKn5bf8,0wUxh6XMc698xPCfgBaPRV,0.9878148289826678
5bFuHlXKw66Uu2cHKn5bf8,4DHkzbZSWxsCsvRoEzr28A,1.0003442163300662
5bFuHlXKw66Uu2cHKn5bf8,3ZffCQKLFLUvYM59XKLbVm,1.007712267262788
341b9JIDHZ3oaMVNwS0OsA,6d48lKUZig9jlzUXHr7QMz,1.0211162006702923
341b9JIDHZ3oaMVNwS0OsA,3TXF9mdeWd18WEW1alIGOT,1.364598836506468
341b9JIDHZ3oaMVNwS0OsA,5aJuHyYNdOzqX6eGO2XyE8,1.3658424739268038
341b9JIDHZ3oaMVNwS0OsA,6VScORohpeHSfdLkPUZuZX,1.5310869704616257
341b9JIDHZ3oaMVNwS0OsA,4GAhAw0RCzNVP976NRMOqO,1.6192802503349384
341b9JIDHZ3oaMVNwS0OsA,2PJzQvozduq44cToUQBa0B,1.6316792835024103
341b9JIDHZ3oaMVNwS0OsA,341863z079BT4EFPiSw9DP,1.6680090760338213
341b9JIDHZ3oaMVNwS0OsA,3fs82T0O6mdVcSHhoNlAES,1.6722169650203855
341b9JIDHZ3oaMVNwS0OsA,72655YyFEnLXG54FC6tCtT,1.746043427153857
341b9JIDHZ3oaMVNwS0OsA,4dz4lrmcFATwpvpCyfC20b,1.754940631094137
1fGKZqyPR0fHLpXOlMLFvp,1WsPeKmEE0NSgq6F3y2Ot6,1.3174510347243507
1fGKZqyPR0fHLpXOlMLFvp,4rS66iKCLms3yumMYACKwJ,1.4380488892460053
1fGKZqyPR0fHLpXOlMLFvp,4RyifJbF8JhMtFdR2Bzslt,1.5161168197948698
1fGKZqyPR0fHLpXOlMLFvp,58pYOqfeO87Uk8zPHuOGBu,1.5756598697067663
1fGKZqyPR0fHLpXOlMLFvp,0ftMOhVfFm5Wbs5sZdEtsC,1.5898926136881208
1fGKZqyPR0fHLpXOlMLFvp,70HNt0eoBVqr4ss68U8x3B,1.676942070054812
1fGKZqyPR0fHLpXOlMLFvp,6rSNgGImNmGPcosJiPLgzs,1.7434414088082046
1fGKZqyPR0fHLpXOlMLFvp,0OxDGZakSMFjEHSoQHEjfy,1.757016978852178
1fGKZqyPR0fHLpXOlMLFvp,2sASx6Cz5mYm0xPrKiD8gZ,1.7634874141804624
1fGKZqyPR0fHLpXOlMLFvp,0ct6r3EGTcMLPtrXHDvVjc,1.766669337618435
7wClHQJlSp23OJ4TEi10Dn,63HkkLxSefpYzy1kPrcAOy,0.681944924354554
7wClHQJlSp23OJ4TEi10Dn,5HuCuxK1MdKafyUHl6X54r,0.9536312904481716
7wClHQJlSp23OJ4TEi10Dn,4KC2Z9dL4jL61Ys35N6srg,1.045118241788386
7wClHQJlSp23OJ4TEi10Dn,0pLfv0qTmH5AG2aUQQdkBt,1.0630988221821154
7wClHQJlSp23OJ4TEi10Dn,56ejQ1pr7fZVhU5Gfx9YQ5,1.0938487538670787
7wClHQJlSp23OJ4TEi10Dn,6LiB2EaS3yxxJF4TWFgbno,1.1033208009662798
7wClHQJlSp23OJ4TEi10Dn,0A4z93tJeaBRgZV6L5WP9h,1.1525001025084343
7wClHQJlSp23OJ4TEi10Dn,2w2MXZEONSMh1HzOUpuqIx,1.171458592890306
7wClHQJlSp23OJ4TEi10Dn,6d0sSZ2bfKUWeICsNRPyCt,1.2921491403483303
7wClHQJlSp23OJ4TEi10Dn,6Dqb8HDPamnC4LGd0dSAbw,1.3647280104017325
0BFWUoOu91FcOEtpTdWFrN,2fyIS6GXMgUcSv4oejx63f,0.8314318491168761
0BFWUoOu91FcOEtpTdWFrN,6GfqNqXkAofNOakU77MWEb,0.8983269358736409
0BFWUoOu91FcOEtpTdWFrN,1rrPwnC71ZmXcIXuPudHYo,0.9851374873118819
0BFWUoOu91FcOEtpTdWFrN,2mDYYGaGd9uXKkK2YhDA3i,0.9927998571010894
0BFWUoOu91FcOEtpTdWFrN,1I2MEjnS9c4OPMnKWbIuYs,1.0220768868645227
0BFWUoOu91FcOEtpTdWFrN,4grmYnfTTC5s25gdSmACiU,1.029656804425703
0BFWUoOu91FcOEtpTdWFrN,4hQ6UGyWQIGJmHSo0J88JW,1.0580113861202962
0BFWUoOu91FcOEtpTdWFrN,6rSNgGImNmGPcosJiPLgzs,1.0613123470121655
0BFWUoOu91FcOEtpTdWFrN,7oS2EnBWSHxzR2m6CxNJYA,1.0617248782291477
0BFWUoOu91FcOEtpTdWFrN,6AJppuCk5EE86paOdDI4yL,1.0782039553988652
0ud4VAfTH1AOb904kWOTzJ,2n0U2OG5d6TuW5mKx7YrC0,0.710977783633154
0ud4VAfTH1AOb904kWOTzJ,32Dc90Bn6NCKMPmdfprhFq,1.0359034279009705
0ud4VAfTH1AOb904kWOTzJ,2cTaSKEc8OZdF6Tpg2QQsS,1.1302532994036896
0ud4VAfTH1AOb904kWOTzJ,2kx5sQgmjYug0GiDh1a4sU,1.1553334066743162
0ud4VAfTH1AOb904kWOTzJ,4siZLgCKM0IKnD1ek6Bt4d,1.215443124723809
0ud4VAfTH1AOb904kWOTzJ,5l7GTyzBQ3gj8jljoCnQjQ,1.2166409081661052
0ud4VAfTH1AOb904kWOTzJ,1zx6GSqLYI2ynzAHnPRKBR,1.2989505603635054
0ud4VAfTH1AOb904kWOTzJ,2ueWCiQRtVdj5pSs87CDla,1.3105049662101484
0ud4VAfTH1AOb904kWOTzJ,0ZgMBZeFQC8Jja48NuDaSC,1.3108790679690048
0ud4VAfTH1AOb904kWOTzJ,4BedjJsVJvrmSnVr8rLcSU,1.327437992004264
7kIyiyXcaOkk0g3SOxPd33,712vBjPwBMW6Bd4i2xo5pm,1.2023208218610326
7kIyiyXcaOkk0g3SOxPd33,4BedjJsVJvrmSnVr8rLcSU,1.3260823617321569
7kIyiyXcaOkk0g3SOxPd33,0ud4VAfTH1AOb904kWOTzJ,1.4879967831975134
7kIyiyXcaOkk0g3SOxPd33,6tX41Di5fwIaOyW2h02DmO,1.5276477969592905
7kIyiyXcaOkk0g3SOxPd33,3YLBzcPdr3obwR4tqOJEyv,1.5694080299764694
7kIyiyXcaOkk0g3SOxPd33,69zSOewOfa2IvIRMveL1Cc,1.6098324710081062
7kIyiyXcaOkk0g3SOxPd33,4YXKKnIZuk7UtXH5oC0ffa,1.6535031364277688
7kIyiyXcaOkk0g3SOxPd33,32Dc90Bn6NCKMPmdfprhFq,1.6580162989829301
7kIyiyXcaOkk0g3SOxPd33,2E2Yuv42aBOnNhfbbqNoQf,1.669397841141008
7kIyiyXcaOkk0g3SOxPd33,1Ip5p31SowqjJLo2ss1afJ,1.6911277199280683
1aDCjyFTiY6EG9mbl7HMog,4E93IPDPbaNJUDTpur3V63,1.2648352242925098
1aDCjyFTiY6EG9mbl7HMog,35corN4vO44BQSS0VsbwwX,1.3641999661284803
1aDCjyFTiY6EG9mbl7HMog,3q2yXpMGvit2zgBYzKE3Zt,1.5663318009455451
1aDCjyFTiY6EG9mbl7HMog,12SNxpytVKahQ25nOTpbFX,1.5754242857106235
1aDCjyFTiY6EG9mbl7HMog,4nl4KMmBskw45osLZhlhk1,1.6169940157101748
1aDCjyFTiY6EG9mbl7HMog,4Fs8Ae2PYNKQJnZmqSsKuw,1.6697098911227286
1aDCjyFTiY6EG9mbl7HMog,5wpyfg3L9LKs64kJF6XiHF,1.695314920615335
1aDCjyFTiY6EG9mbl7HMog,4QX6kQ5616qedOdz8zrpYj,1.7165785012122379
1aDCjyFTiY6EG9mbl7HMog,1uxFhAQQOrF7nbL49DLcls,1.7275852990763796
1aDCjyFTiY6EG9mbl7HMog,2SLwPaJTN6B6zwcIwsuQAK,1.748474120129496
3GWoY95OyBPD6kN3h996Yy,6zQyEMgmMkHXaNdLEiu7fW,1.309037297711759
3GWoY95OyBPD6kN3h996Yy,6DiFaHCUjPpA3nTAEFmQe1,2.1006246358369953
3GWoY95OyBPD6kN3h996Yy,2W6MQ9T5sIIN7b6i0IIjfu,2.157680205771933
3GWoY95OyBPD6kN3h996Yy,4wOqh7UiXe4jfbotAizdTu,2.279282570420155
3GWoY95OyBPD6kN3h996Yy,2rbbJ2xZFJa2DriR5h0TBS,2.2914122103004577
3GWoY95OyBPD6kN3h996Yy,6nsdMJW0IU4pR3pEmo0LAI,2.3325241309692046
3GWoY95OyBPD6kN3h996Yy,6hu4zxEVl8vhbZwDlqNqK6,2.337504476491119
3GWoY95OyBPD6kN3h996Yy,5Z9gjSD3mglkexfM8QbGHo,2.3537970702018014
3GWoY95OyBPD6kN3h996Yy,7f9I5WdyXm5q1XqnSYgQZb,2.360739623022726
3GWoY95OyBPD6kN3h996Yy,1aL399KnfueCuX3gPML2Rp,2.38024672201107
37obz5Empojp1N6wvHwzCu,1lZzyOyH9LSAWFjHKz9TT2,1.147678047762488
37obz5Empojp1N6wvHwzCu,10t0BfHUkq9iKZzOj4LY3c,1.1786495371106172
37obz5Empojp1N6wvHwzCu,7sJbCv83nl2S94j8ZJz2WP,1.2956511639347479
37obz5Empojp1N6wvHwzCu,2wqiV4aIMOosmQMqnLxXbA,1.3082740638787256
37obz5Empojp1N6wvHwzCu,2gEh41XUP3vI7kAjlEO92n,1.3635428811937316
37obz5Empojp1N6wvHwzCu,0KOAra08PQ11mhmUCX5pJf,1.3866156495004296
37obz5Empojp1N6wvHwzCu,5Cpk0Hg5KSUmm0BdyIkVVW,1.4798967499240043
37obz5Empojp1N6wvHwzCu,0uukw2CgEIApv4IWAjXrBC,1.4894417512113503
37obz5Empojp1N6wvHwzCu,3bMpVBHhoiVVNFUCgeme4P,1.5010900200870876
37obz5Empojp1N6wvHwzCu,0Q5OUoMBRrbQIYb3TZnzQe,1.530156393681327
6pT0lZ3QhOWzjXWqO7aqVq,42rRYDeMFkYfUGOIhDPlF9,0.938531955745503
6pT0lZ3QhOWzjXWqO7aqVq,4lD40vyG33AcLiftmxQSC8,1.0487384878998125
6pT0lZ3QhOWzjXWqO7aqVq,5D6d1DFXMkjUZYoEUf9BAt,1.0533511419174624
6pT0lZ3QhOWzjXWqO7aqVq,6DXazvidTcZ7Nx78cm5hZE,1.060542739288878
6pT0lZ3QhOWzjXWqO7aqVq,4nl4KMmBskw45osLZhlhk1,1.0973567061031488
6pT0lZ3QhOWzjXWqO7aqVq,68Yx4cOTBvQkI7u5sHcZ0l,1.1212182526312355
6pT0lZ3QhOWzjXWqO7aqVq,5wpyfg3L9LKs64kJF6XiHF,1.2887337711314821
6pT0lZ3QhOWzjXWqO7aqVq,2SLwPaJTN6B6zwcIwsuQAK,1.3391707371859067
6pT0lZ3QhOWzjXWqO7aqVq,23XdaKxpbB9D4mPCgoOgou,1.3560967719713017
6pT0lZ3QhOWzjXWqO7aqVq,0z5EJolHD3zV6W17tigtP7,1.356740034214786
0yxEJfni0yeoBgtPeiox24,3DnYVJJH3H6P7Svy4x2DYT,0.9320552912317503
0yxEJfni0yeoBgtPeiox24,3Dk2StRqlP3JmXIY4aWyvA,1.0362680940102886
0yxEJfni0yeoBgtPeiox24,3yuCAw61jqfyv2KzMoVdXA,1.147912364044944
0yxEJfni0yeoBgtPeiox24,31leo5SqxFz5BndXp3HKqw,1.2451707385784996
0yxEJfni0yeoBgtPeiox24,7KnFT8NQPRYtWOZXhWcGGZ,1.7702062777350933
0yxEJfni0yeoBgtPeiox24,46tzAJhfSl7teg1aXgg0fR,1.8120280760017695
0yxEJfni0yeoBgtPeiox24,1GG85UhrPWoftARxxYRcpn,1.9046792088863902
0yxEJfni0yeoBgtPeiox24,7hlsLyn6X1kAuu25nEWqWS,1.9457014601461207
0yxEJfni0yeoBgtPeiox24,2UcUL4jytfVpW0jSXi3Ggi,1.988454706847655
0yxEJfni0yeoBgtPeiox24,20DigsfRILHYKeMqbuDqtx,2.208342189791323
1WsPeKmEE0NSgq6F3y2Ot6,1fGKZqyPR0fHLpXOlMLFvp,1.3174510347243507
1WsPeKmEE0NSgq6F3y2Ot6,2aNCrdzCbgFIkxs0qul8dT,1.4220276657519235
1WsPeKmEE0NSgq6F3y2Ot6,0OxDGZakSMFjEHSoQHEjfy,1.4455152161688525
1WsPeKmEE0NSgq6F3y2Ot6,58pYOqfeO87Uk8zPHuOGBu,1.4575121727961529
1WsPeKmEE0NSgq6F3y2Ot6,4Fs8Ae2PYNKQJnZmqSsKuw,1.5463027998149281
1WsPeKmEE0NSgq6F3y2Ot6,3joSo5cx7WLe18uEEdu3Oj,1.5691628326802305
1WsPeKmEE0NSgq6F3y2Ot6,6mSDD3nBMVP0ZwJoLakFYo,1.5754569953621285
1WsPeKmEE0NSgq6F3y2Ot6,7xuu4ByQkm8qhnwJQk994r,1.5990161664685876
1WsPeKmEE0NSgq6F3y2Ot6,5bphWpcTM84wiP9u0em7Za,1.6307873090011487
1WsPeKmEE0NSgq6F3y2Ot6,4rS66iKCLms3yumMYACKwJ,1.6558994213840992
5wevFONYz7ox3Z5rrDJbkp,0bAuzGnpoaZFpfbAhEWjqO,1.1904467595536379
5wevFONYz7ox3Z5rrDJbkp,6t2gHlvw7kTK6M7M5f7S6K,1.2747626861814654
5wevFONYz7ox3Z5rrDJbkp,3TLgxeugc8nOXkm04LG6Gh,1.3914555322329172
5wevFONYz7ox3Z5rrDJbkp,2kx5sQgmjYug0GiDh1a4sU,1.6532300154131245
5wevFONYz7ox3Z5rrDJbkp,47fOtKyt7VeUIer3SqgNOp,1.6647758544766833
5wevFONYz7ox3Z5rrDJbkp,7GkHIsnziYgk6j1lx2TK6H,1.8193954250935775
5wevFONYz7ox3Z5rrDJbkp,0ZgMBZeFQC8Jja48NuDaSC,1.8707755691205687
5wevFONYz7ox3Z5rrDJbkp,6tX41Di5fwIaOyW2h02DmO,1.9743758019751072
5wevFONYz7ox3Z5rrDJbkp,5ORJq9RvKIVGf1pVWWTUB7,1.9763025440103315
5wevFONYz7ox3Z5rrDJbkp,5FccwnVjJbLIF2azQjCwyP,1.9798574872044004
6ry0z6yotxEiqsxoKHpYBO,6ekLy1OsrYdLMbcqc0KZ8G,1.0654653329887382
6ry0z6yotxEiqsxoKHpYBO,1P7Ik6OX9dV3BnXZi9L4cI,1.1145039649338686
6ry0z6yotxEiqsxoKHpYBO,5T2iobXGYEI9TdrJ4Du6QN,1.3461520222957077
6ry0z6yotxEiqsxoKHpYBO,6ZRwn9JqdtRQyrHT0tKIgy,1.3817777610131805
6ry0z6yotxEiqsxoKHpYBO,7LihoPgTF9hnxMh9lRTNkA,1.430198461767091
6ry0z6yotxEiqsxoKHpYBO,37nppJzOgypngu1szTRD06,1.5669295419699134
6ry0z6yotxEiqsxoKHpYBO,1fdDasmoFSBRdsuCLL3ger,1.6004270030869763
6ry0z6yotxEiqsxoKHpYBO,3JVeCPb470mUJ7otD7i8j4,1.6215204351016512
6ry0z6yotxEiqsxoKHpYBO,2InrK5IWeTPIVRZQPOEDIO,1.642590265973861
6ry0z6yotxEiqsxoKHpYBO,2a9qHSjK62gyvVjg6ZnjB7,1.6536982300479903
7F4jKReNs1h8ujuz02Rsji,6Q4RJGUzVQym5RL5iq6627,1.004076355656423
7F4jKReNs1h8ujuz02Rsji,3bCp61o3h46Yvr0vgMJlaL,1.028955296508891
7F4jKReNs1h8ujuz02Rsji,3QqImhDBzvbGF5Ckj5VnT2,1.1330775977589875
7F4jKReNs1h8ujuz02Rsji,0ZeKQudydO2uQJpfr6gNC8,1.1887009645803681
7F4jKReNs1h8ujuz02Rsji,7rVw4gyhclOgTIrFCtI3ZG,1.201354402957673
7F4jKReNs1h8ujuz02Rsji,76GGgSpRWU1v0mH26n2ZQy,1.2904701704134365
7F4jKReNs1h8ujuz02Rsji,1mhhgEfuEGW0EwB6kNuzkk,1.3017797871252508
7F4jKReNs1h8ujuz02Rsji,3Z4ZuDrY684IFTBz2ze708,1.3253736871539055
7F4jKReNs1h8ujuz02Rsji,19EZKr7Kf0XWCcspyWL8Rp,1.3304615105732884
7F4jKReNs1h8ujuz02Rsji,75ArcxyPjMr0sleM5WXLn7,1.350381837062126
22Yk1yPGtoAaJMUJEFlco2,2KZXF3p2o5oNl4dYme5zhH,0.8308326853346676
22Yk1yPGtoAaJMUJEFlco2,66ERrn57fmkbOq9zhELGPv,0.8551975771291355
22Yk1yPGtoAaJMUJEFlco2,4xQY6PYbE5N5En4xv5nQtM,0.8932169603763103
22Yk1yPGtoAaJMUJEFlco2,5Z4ZRi6fMaqM4gW3VrTxfk,1.0478343244217716
22Yk1yPGtoAaJMUJEFlco2,6CBr1ll9YnZJSPueJwtYrp,1.1435194390483123
22Yk1yPGtoAaJMUJEFlco2,2TJyrrGYcxSDod3MGKcwJj,1.276489612660782
22Yk1yPGtoAaJMUJEFlco2,52UDFFwUueOBfJ2vB5BqRr,1.3449679084591477
22Yk1yPGtoAaJMUJEFlco2,40eZosWnfFnCPyk94awG7a,1.4001156734549167
22Yk1yPGtoAaJMUJEFlco2,7oHDdgBGhiglCDWsJBCa1R,1.4321732139883343
22Yk1yPGtoAaJMUJEFlco2,43nB4BTmfrOZ80QYrD3Ap2,1.4456956604019588
2RWFncSWZEhSRRifqiDNVV,0ct6r3EGTcMLPtrXHDvVjc,0.3834679558627195
2RWFncSWZEhSRRifqiDNVV,6mUHPv34FUMhYVlpytiwdp,0.6691485205836049
2RWFncSWZEhSRRifqiDNVV,0anw2y6ifCI7QS8Cj5Ph7x,0.8810703400745443
2RWFncSWZEhSRRifqiDNVV,65EReuqyiXH0WMIaeFEIlX,0.8812563545755783
2RWFncSWZEhSRRifqiDNVV,6rSNgGImNmGPcosJiPLgzs,0.9001901089490837
2RWFncSWZEhSRRifqiDNVV,2Uxnz7OTTYtgGrwjVcYRlG,0.9370339591357194
2RWFncSWZEhSRRifqiDNVV,0ZeKQudydO2uQJpfr6gNC8,0.9391537438109216
2RWFncSWZEhSRRifqiDNVV,50OIaK14Pr6ZwCmFfHZ0wB,1.0192463128815463
2RWFncSWZEhSRRifqiDNVV,1DqAeuDzc5uUQeAggxmZk5,1.0289605827962198
2RWFncSWZEhSRRifqiDNVV,2sASx6Cz5mYm0xPrKiD8gZ,1.0363488374715608
4OMgqSsMbVhPCFnivcNAqh,4iUbMPVbCQAx51bIh1GhyP,0.7235980403303575
4OMgqSsMbVhPCFnivcNAqh,7AtwQRLPdttsxcLM5tPL0t,0.8121650305174464
4OMgqSsMbVhPCFnivcNAqh,3OtpZhuI28h9yDjDbOkqSb,1.0309794002158015
4OMgqSsMbVhPCFnivcNAqh,3q5Ze7QksOVd2ES9YzdfsE,1.396646077508035
4OMgqSsMbVhPCFnivcNAqh,3MxdMMQ8Rmkmnal7FKqRjr,1.4438625575209463
4OMgqSsMbVhPCFnivcNAqh,4jVu0QPK9BVeNgAmfvkocn,1.4586502514062174
4OMgqSsMbVhPCFnivcNAqh,2JiodPAAXzYPp3OV9oA1gT,1.491593691600119
4OMgqSsMbVhPCFnivcNAqh,1BLOVHYYlH4JUHQGcpt75R,1.5257761878741323
4OMgqSsMbVhPCFnivcNAqh,0qwU4qCtm3aUqcAUISMhMz,1.5506735009866626
4OMgqSsMbVhPCFnivcNAqh,0wUxh6XMc698xPCfgBaPRV,1.5649709294290262
0q7LR23IYycIYTUJuTrQiF,51QsdN4xBmkLhtqNi0J40l,1.0369034011305471
0q7LR23IYycIYTUJuTrQiF,0ggkHZbFGmofl9743xx6JO,1.4645633857304585
0q7LR23IYycIYTUJuTrQiF,3TeGnh9c51Du7BHtRkOeS6,1.4992432473851784
0q7LR23IYycIYTUJuTrQiF,3pmYp7wfaDfr5OwHoxAR9K,1.555788403266368
0q7LR23IYycIYTUJuTrQiF,4X91MJx5PaKwlYnnldv1OZ,1.5878521287241
0q7LR23IYycIYTUJuTrQiF,2wo4Pc7bsWb5rJpG3pESt3,1.6055018626567925
0q7LR23IYycIYTUJuTrQiF,1HrKC8HlC5gTsLVYYbVVop,1.8627699960032027
0q7LR23IYycIYTUJuTrQiF,6a6hIUCbzYNQgxGFae2iBX,1.95297332585192
0q7LR23IYycIYTUJuTrQiF,42r0LZ9g8gq4afWztSw54k,2.0348022032268958
0q7LR23IYycIYTUJuTrQiF,1rfPKTKzzDaz1lDjadZVqb,2.1164956750486827
2CuUB5MbfRShtunR8g5hjR,4FqirD1KsDyNukowu8TWhX,1.3288227965847152
2CuUB5MbfRShtunR8g5hjR,7g90T7PIBzqIpKZG0lzPzS,1.479842801601008
2CuUB5MbfRShtunR8g5hjR,4G9X7CZFiwfG2P99sIaaK2,1.5316629323236304
2CuUB5MbfRShtunR8g5hjR,1D6sRVegPTdQQj9ScxngtR,1.5648996824404742
2CuUB5MbfRShtunR8g5hjR,6EHw6eo7BwCiBDUro7YNdp,1.6115149966454456
2CuUB5MbfRShtunR8g5hjR,3Y4rUyw7XBCK6hGHCOt6rp,1.6861389568882972
2CuUB5MbfRShtunR8g5hjR,5yU9gNHwYeRrWmyRCTUUxv,1.7315697436628754
2CuUB5MbfRShtunR8g5hjR,0H9T97wS2k3bk1JcyOlrrN,1.7976335626647781
2CuUB5MbfRShtunR8g5hjR,2FwKDwQyIKK1YgLAg9wjnV,1.868641946849158
2CuUB5MbfRShtunR8g5hjR,2gCqYL6CgWs0ICgIoyJtkV,1.928072037093606
5PAKAKbcx1gqEoiLZIS6ec,0sXJUHfwsocaJaLM5osoWX,0.5576693467415121
5PAKAKbcx1gqEoiLZIS6ec,2EuRnXkQ1X97VNY3NfSqay,0.8160236066177656
5PAKAKbcx1gqEoiLZIS6ec,43ZA173zlPZnKN3YSjrzHU,0.9987407932673409
5PAKAKbcx1gqEoiLZIS6ec,6SbLvxG1S5LKhbE3yaNSKi,1.0492567498985068
5PAKAKbcx1gqEoiLZIS6ec,51Ht5maNIl3gkur1R9Guwd,1.0901796785019553
5PAKAKbcx1gqEoiLZIS6ec,7GwYyLNFyAsSsmt2aa0z6u,1.1031927666024737
5PAKAKbcx1gqEoiLZIS6ec,7oHDdgBGhiglCDWsJBCa1R,1.1186568591514872
5PAKAKbcx1gqEoiLZIS6ec,5my3f3dMZENvUwAXYVQNmO,1.234694290920815
5PAKAKbcx1gqEoiLZIS6ec,4xQY6PYbE5N5En4xv5nQtM,1.2730045308723448
5PAKAKbcx1gqEoiLZIS6ec,5D6d1DFXMkjUZYoEUf9BAt,1.3211446104254867
4H8mRRUB3uJYxsWnV84dLn,0e8aiEfAhab9fQzxAJEZH7,2.42256657797504
4H8mRRUB3uJYxsWnV84dLn,47BpBh1URWXLF26ckpGT4S,2.523542950172651
4H8mRRUB3uJYxsWnV84dLn,15dNGPxvzuCvTBzFGmveZi,2.644860791111386
4H8mRRUB3uJYxsWnV84dLn,1Suc8pkaJJpHJmgGwH6xaD,2.6581457728109763
4H8mRRUB3uJYxsWnV84dLn,1XiEGQzAtcF1L1DwT7r1Pb,2.876967841885571
4H8mRRUB3uJYxsWnV84dLn,22sno2Y45Ov3ixSl6fN9i8,2.9594445611170768
4H8mRRUB3uJYxsWnV84dLn,78rEtQ4KFBidvcEEiFomDT,3.031405221513713
4H8mRRUB3uJYxsWnV84dLn,0J1NpNoYYMuohXl4frq0aU,3.1367570350808713
4H8mRRUB3uJYxsWnV84dLn,5Yxof5s4AdLjkCmkIfGDSV,3.155044836183875
4H8mRRUB3uJYxsWnV84dLn,5auwSKx96QcROy6CTGnHIl,3.1847467369007965
0nqOcrAskzhTDBvGpOxNrD,3SeowzTaXWE7YsIvltrFgE,0.9560272663853361
0nqOcrAskzhTDBvGpOxNrD,6Y6py4pHq2Toh3xEvBn233,0.9935934257758806
0nqOcrAskzhTDBvGpOxNrD,6vuF3LYipww2DRhRJ9s7CH,1.018905764089428
0nqOcrAskzhTDBvGpOxNrD,2InrK5IWeTPIVRZQPOEDIO,1.1487947672021714
0nqOcrAskzhTDBvGpOxNrD,3nX1nZJoLqfNSBq19RPGS4,1.1700419981190051
0nqOcrAskzhTDBvGpOxNrD,6KaEnhXKR6vSqqWzQOyqxE,1.2303595898292679
0nqOcrAskzhTDBvGpOxNrD,0ILXYaWxMQVEXnKq2eTmjW,1.2414461540891781
0nqOcrAskzhTDBvGpOxNrD,0cJPLFrlV7TTCyPLupHzcH,1.4274715811178307
0nqOcrAskzhTDBvGpOxNrD,3g8DqSjSZyY1o30Y4xnWqs,1.455392799835413
0nqOcrAskzhTDBvGpOxNrD,5bFuHlXKw66Uu2cHKn5bf8,1.456814336647825
7dH53Egj3FVEcAZqD9f481,1wb6pRSvhekFyXO5j3fXol,2.0236617552352643
7dH53Egj3FVEcAZqD9f481,2sf4TXYzqSRdxfwu5auS6r,2.4285847319128773
7dH53Egj3FVEcAZqD9f481,6XTKYGyydndSUV3OHHDwZU,2.667583856522615
7dH53Egj3FVEcAZqD9f481,7zO8xgWtAGQpAKEG9n48Yb,2.8248411064552585
7dH53Egj3FVEcAZqD9f481,31leo5SqxFz5BndXp3HKqw,3.0409271776979643
7dH53Egj3FVEcAZqD9f481,3Dk2StRqlP3JmXIY4aWyvA,3.1931447115907083
7dH53Egj3FVEcAZqD9f481,3DnYVJJH3H6P7Svy4x2DYT,3.3500788137286728
7dH53Egj3FVEcAZqD9f481,6ibmDmnayyljaIfT8hgkVq,3.3761695091877146
7dH53Egj3FVEcAZqD9f481,0yxEJfni0yeoBgtPeiox24,3.5153633906703075
7dH53Egj3FVEcAZqD9f481,2WD2AtCQVUacSSMDUFA2GS,3.629473697302352
5Ims37RILnoKgwv4ih2UKD,12DuRrlFSqJyAtfN0YauMz,0.8778752487652497
5Ims37RILnoKgwv4ih2UKD,4paK7VQa8HRYPSF2hvC4LQ,1.0699375054118658
5Ims37RILnoKgwv4ih2UKD,2sKchp54KqDz6jPofHZ66t,1.1208883259760811
5Ims37RILnoKgwv4ih2UKD,2oya2LiaY0kG9ULocwIoaw,1.1944538968743466
5Ims37RILnoKgwv4ih2UKD,3fPgIknlkDWXs1l2noKZbp,1.2924198082169902
5Ims37RILnoKgwv4ih2UKD,5ulKQUbgBp6fDd9KvRVHaA,1.3061129186477736
5Ims37RILnoKgwv4ih2UKD,4DFPLQ1A5VX3XJ2EdX4RzU,1.3913720676639691
5Ims37RILnoKgwv4ih2UKD,54sxsI1fcUJSAmKyty00r5,1.3929283942127468
5Ims37RILnoKgwv4ih2UKD,2tUChcOi3ktjFzMYu2w5QL,1.4870423313218757
5Ims37RILnoKgwv4ih2UKD,2QZHLFuN2hW8eaTTILNSEC,1.4895981727928989
0uI5SsM7gMEDD2emqmCsKA,4f4NAym3a1cwDslRX39WAj,1.6402432138190512
0uI5SsM7gMEDD2emqmCsKA,6CBr1ll9YnZJSPueJwtYrp,1.7115989646866518
0uI5SsM7gMEDD2emqmCsKA,2TJyrrGYcxSDod3MGKcwJj,1.7244702171124238
0uI5SsM7gMEDD2emqmCsKA,2KZXF3p2o5oNl4dYme5zhH,1.7485168725709306
0uI5SsM7gMEDD2emqmCsKA,40eZosWnfFnCPyk94awG7a,1.7582270814391279
0uI5SsM7gMEDD2emqmCsKA,0dpjuJLetnheYPSzLiQR62,1.7727549447852597
0uI5SsM7gMEDD2emqmCsKA,22Yk1yPGtoAaJMUJEFlco2,1.7969429080634172
0uI5SsM7gMEDD2emqmCsKA,1KO29IUHcexH583hBewKof,1.8090260968946503
0uI5SsM7gMEDD2emqmCsKA,2AwYywTNbeiWqQcLqt8UwP,1.8317573998878123
0uI5SsM7gMEDD2emqmCsKA,4sakBPqSpuj6FJti1rPme7,1.8997466203058997
1leA0GHDe1eQBiRbOqAqIc,38sDn4Exgc4MBFuC90zKMh,1.3366104793343425
1leA0GHDe1eQBiRbOqAqIc,2lffRiAET2Xt6BNb4EmkS2,1.528105853939696
1leA0GHDe1eQBiRbOqAqIc,3iOcbCxe0jW1XrlFb0rvj2,1.6056390997587588
1leA0GHDe1eQBiRbOqAqIc,0bAuzGnpoaZFpfbAhEWjqO,1.608852551022576
1leA0GHDe1eQBiRbOqAqIc,3JVeCPb470mUJ7otD7i8j4,1.6467611741312385
1leA0GHDe1eQBiRbOqAqIc,71wciO7F9Ro8J4vq1lvfru,1.6479321410373051
1leA0GHDe1eQBiRbOqAqIc,2YA5IfmQwAmVzHRP3SVnEd,1.6507085543604165
1leA0GHDe1eQBiRbOqAqIc,718purgMpFb2Axhuz0Hbq1,1.6557086845644902
1leA0GHDe1eQBiRbOqAqIc,47fOtKyt7VeUIer3SqgNOp,1.6743151938549254
1leA0GHDe1eQBiRbOqAqIc,0dcNLhcMbcFd1eduLDNuNT,1.6991362516520507
0l8p1TkaVgcwIUS0xwm6Y5,35CoDqsVF0P2w8Lgir7wrs,0.6014745205258654
0l8p1TkaVgcwIUS0xwm6Y5,0aIW3ekrhK1eh3BYCh11op,0.8549554977786752
0l8p1TkaVgcwIUS0xwm6Y5,3r9eGg4SVPbhtiPTA9UkmK,0.9135867563175121
0l8p1TkaVgcwIUS0xwm6Y5,3euQtj1nSUZsuOAAjH1LK8,0.9986526369795934
0l8p1TkaVgcwIUS0xwm6Y5,2QMAB7AL9WPd0LdRH4BZda,1.0584917641738596
0l8p1TkaVgcwIUS0xwm6Y5,1qnCh4pnEt4Rd6DEePwS08,1.1396035717162463
0l8p1TkaVgcwIUS0xwm6Y5,5bphWpcTM84wiP9u0em7Za,1.18949457209705
0l8p1TkaVgcwIUS0xwm6Y5,52UDFFwUueOBfJ2vB5BqRr,1.1924159566376216
0l8p1TkaVgcwIUS0xwm6Y5,2JAUBPBVkimRLc5BGhAkfJ,1.2225208523138638
0l8p1TkaVgcwIUS0xwm6Y5,66ERrn57fmkbOq9zhELGPv,1.2775771477266282
10nyNJ6zNy2YVYLrcwLccB,4n3mp3DC7JrdXYJCDdwKhd,1.3841457320647528
10nyNJ6zNy2YVYLrcwLccB,7fK3FuYZP6fqlavub180ij,1.5596251637118406
10nyNJ6zNy2YVYLrcwLccB,4OMgqSsMbVhPCFnivcNAqh,1.60895832900563
10nyNJ6zNy2YVYLrcwLccB,7rhVGmZnwvqg2z2JJedkMX,1.6218355768364778
10nyNJ6zNy2YVYLrcwLccB,3z53rfQOg6Eb5pBCRsd7Uu,1.8346299053946908
10nyNJ6zNy2YVYLrcwLccB,5L0uUsxrDhl1wtuTTogDY1,1.8806573603238397
10nyNJ6zNy2YVYLrcwLccB,3OtpZhuI28h9yDjDbOkqSb,1.9331045158718325
10nyNJ6zNy2YVYLrcwLccB,7oHDdgBGhiglCDWsJBCa1R,2.0042599877358884
10nyNJ6zNy2YVYLrcwLccB,4iUbMPVbCQAx51bIh1GhyP,2.00663141610065
10nyNJ6zNy2YVYLrcwLccB,4xQY6PYbE5N5En4xv5nQtM,2.033715703895424
0m3X8i1ggDvQOjtEL5CdV4,2AJL5Z7SjjilD8fAFWp8uo,1.268610050745026
0m3X8i1ggDvQOjtEL5CdV4,6KaEnhXKR6vSqqWzQOyqxE,1.3080779908316966
0m3X8i1ggDvQOjtEL5CdV4,74KSE7y8YHGzaAI4gOTIFn,1.4153770768782516
0m3X8i1ggDvQOjtEL5CdV4,2bTESUiaqSWDvyW9zSA6xG,1.427757517469912
0m3X8i1ggDvQOjtEL5CdV4,3rTk7Ll8NRrd2jspBFtimV,1.4457704791703059
0m3X8i1ggDvQOjtEL5CdV4,1OwJLABgqyipl2dQS0UhKD,1.4981470881862025
0m3X8i1ggDvQOjtEL5CdV4,3nX1nZJoLqfNSBq19RPGS4,1.5463060915442555
0m3X8i1ggDvQOjtEL5CdV4,67al4eD0HtTYVqw1BLcF2d,1.6431349002442162
0m3X8i1ggDvQOjtEL5CdV4,3Msrp56q1eTLQaZFX06Qp3,1.6614270922984118
0m3X8i1ggDvQOjtEL5CdV4,6Y6py4pHq2Toh3xEvBn233,1.6946801701520935
1jt4hk4d51pZ8DZl8yMMmG,36nYdygI2cwOtjBqGxhHzY,0.6273261225600765
1jt4hk4d51pZ8DZl8yMMmG,5CIuhTu5H6req55w8yBejp,0.697154643390277
1jt4hk4d51pZ8DZl8yMMmG,0aKb5riywYeDam6ukd62RO,0.7139271795994019
1jt4hk4d51pZ8DZl8yMMmG,6T1t7fOMfVuVpWSe2Z4Pp9,0.8672799562181381
1jt4hk4d51pZ8DZl8yMMmG,4oowGH3baaetOYlEVUglhU,0.9338107736802888
1jt4hk4d51pZ8DZl8yMMmG,1WqKCdqgzthIO1MpBq76Bv,1.2024800842624856
1jt4hk4d51pZ8DZl8yMMmG,6bWSlgj7GqYXsorKurrxTJ,1.2737067604088537
1jt4hk4d51pZ8DZl8yMMmG,4I0edgb5lVFVllfB7igc91,1.316675110043906
1jt4hk4d51pZ8DZl8yMMmG,68xC2JQSgK9L43IkW7UvNT,1.4030765699511518
1jt4hk4d51pZ8DZl8yMMmG,1vViUoB7DpXUX10isPj7YL,1.4451266828124922
2rkksdiuFUyjSuW5quDJdv,5ncofiedz9Ej6YkvvXMKVn,1.2347547646707013
2rkksdiuFUyjSuW5quDJdv,4DeoucgVChdV0zkeLzNKji,1.5735212691601634
2rkksdiuFUyjSuW5quDJdv,3pHpV3pa96s4vuBP7sQq0V,1.6027346335669155
2rkksdiuFUyjSuW5quDJdv,60sMKR8s0Zs8tXRqKsI8VX,1.771493811344025
2rkksdiuFUyjSuW5quDJdv,5k5QpH6VYu2EZZaw5ceSkJ,1.7802116736981977
2rkksdiuFUyjSuW5quDJdv,2auS62fIl7yMkBkfQy0N2F,1.9646688270327957
2rkksdiuFUyjSuW5quDJdv,3hp6JfJIxkv3sl7E6p7DQj,2.01498836499049
2rkksdiuFUyjSuW5quDJdv,2wjkeM2gmbIa2sBkbnWLb0,2.0189440379435615
2rkksdiuFUyjSuW5quDJdv,6FMonOQySdWYdgNshk6zSs,2.026000643001775
2rkksdiuFUyjSuW5quDJdv,4P4mcw4wHDMysBF031DDZT,2.0355940553514027
19MCvHdBjEheiweLyjiQWX,239SrBPZi0xs1OQZmedr6q,2.8613143587663528
19MCvHdBjEheiweLyjiQWX,1WqKCdqgzthIO1MpBq76Bv,2.9743900789548707
19MCvHdBjEheiweLyjiQWX,6ISmTommsQb47avYPq79yZ,2.980411041782834
19MCvHdBjEheiweLyjiQWX,0bjsMl6oNTuvem3dvX2tDs,3.005164857215455
19MCvHdBjEheiweLyjiQWX,1D6sRVegPTdQQj9ScxngtR,3.0350888398737013
19MCvHdBjEheiweLyjiQWX,3JQ1ZBbqD3JSeTLw6NV4Z6,3.0765025050383406
19MCvHdBjEheiweLyjiQWX,2RJireEKZhGveSCh1cDZjN,3.1668824611287953
19MCvHdBjEheiweLyjiQWX,3Y4rUyw7XBCK6hGHCOt6rp,3.1949173284430823
19MCvHdBjEheiweLyjiQWX,1WfaiA60QqqYIYMmd1IwLR,3.202616050806604
19MCvHdBjEheiweLyjiQWX,4FqirD1KsDyNukowu8TWhX,3.2278782296206887
4sakBPqSpuj6FJti1rPme7,2TJyrrGYcxSDod3MGKcwJj,0.7186222281010154
4sakBPqSpuj6FJti1rPme7,40eZosWnfFnCPyk94awG7a,0.9646614141057013
4sakBPqSpuj6FJti1rPme7,2KZXF3p2o5oNl4dYme5zhH,1.1276482298551627
4sakBPqSpuj6FJti1rPme7,6FMonOQySdWYdgNshk6zSs,1.1420351750978044
4sakBPqSpuj6FJti1rPme7,5m4FuvMmLOnq7Gpt0ckAcf,1.4702387069116578
4sakBPqSpuj6FJti1rPme7,22Yk1yPGtoAaJMUJEFlco2,1.5042201767701235
4sakBPqSpuj6FJti1rPme7,5Z4ZRi6fMaqM4gW3VrTxfk,1.6655549535898462
4sakBPqSpuj6FJti1rPme7,6ZV6lI92ypdfjeGgDQc5Mm,1.6903511171409624
4sakBPqSpuj6FJti1rPme7,6IZIvFwOGpJgI3xEdBNjCB,1.7758176136592154
4sakBPqSpuj6FJti1rPme7,66ERrn57fmkbOq9zhELGPv,1.7944406657142438
3NtC3kB57EmY8FXziu8KOn,3YLBzcPdr3obwR4tqOJEyv,0.5746663724190568
3NtC3kB57EmY8FXziu8KOn,4fhLBWSTK9UeGiDQST7bxP,1.081256434272381
3NtC3kB57EmY8FXziu8KOn,4YXKKnIZuk7UtXH5oC0ffa,1.1031766648991193
3NtC3kB57EmY8FXziu8KOn,00nQri79W2dxFkWmXISlLh,1.1490876522616298
3NtC3kB57EmY8FXziu8KOn,1zZLRpTzRTqPQ7G7uxYI9Y,1.189608694019364
3NtC3kB57EmY8FXziu8KOn,4pY65PI8PkbRumQpEoxElV,1.2344533059305753
3NtC3kB57EmY8FXziu8KOn,712vBjPwBMW6Bd4i2xo5pm,1.301319123709796
3NtC3kB57EmY8FXziu8KOn,3HKENICtez4Mz0tnUqpFIP,1.3080338807569887
3NtC3kB57EmY8FXziu8KOn,5j8cflZIx0GwvlkzPImbtK,1.4363065690833865
3NtC3kB57EmY8FXziu8KOn,5xde0qUR1uUmH8ZVOqoPRo,1.5212296953826878
52qcIvWmjv985NzzL34Te1,4cF6Pk7YaRtv91mSZa4nVi,1.2753385235417558
52qcIvWmjv985NzzL34Te1,4sKGkVi8boc00JTpw7aVB7,1.3261025910875517
52qcIvWmjv985NzzL34Te1,1VAhH6Qrtod1cKtGjHcUtB,1.3463715613122207
52qcIvWmjv985NzzL34Te1,3xLtrBuptxKDFww9lND5Dc,1.4034910051719218
52qcIvWmjv985NzzL34Te1,45FR60U6pxNbiQkA8BOhBD,1.443967224077159
52qcIvWmjv985NzzL34Te1,4DFPLQ1A5VX3XJ2EdX4RzU,1.4577385191115806
52qcIvWmjv985NzzL34Te1,1WheyFsHUcBWQ33WNHcZdI,1.5124279735056392
52qcIvWmjv985NzzL34Te1,3FX9rMHZqWTpv5ZTR7TkpB,1.5134758385023388
52qcIvWmjv985NzzL34Te1,54sxsI1fcUJSAmKyty00r5,1.5535308723953245
52qcIvWmjv985NzzL34Te1,57v7M9jKRFP9NCP3J2ms9M,1.6160740108884064
4bwjXWiAn669DdICw249sD,7n5Jcqw85WSfJHrMXsk5N2,1.0870655718342868
4bwjXWiAn669DdICw249sD,7KFV09JUeoWlKei8kpy530,1.2689228208237446
4bwjXWiAn669DdICw249sD,1YmavNGmgWmsLe6OZX6sJC,1.3827802611937645
4bwjXWiAn669DdICw249sD,0SRPuTnr5QOKRoIxMvvlgK,1.3870233479499594
4bwjXWiAn669DdICw249sD,041Xf2o8yDouqWCDKqkGuC,1.409297674063825
4bwjXWiAn669DdICw249sD,0pZPObivxzE2M6AnzezZWH,1.4924636294476261
4bwjXWiAn669DdICw249sD,3cyN4BZhcTdZyTMcqaCDb3,1.5030902212910777
4bwjXWiAn669DdICw249sD,1nvbESS1keAEEVL7SJjSH4,1.5532891764867076
4bwjXWiAn669DdICw249sD,0jwIgZRcbW2VjYuCbhKnX5,1.5833722323702144
4bwjXWiAn669DdICw249sD,1zSwGQRbtOaxCLLH1caBFA,1.601335042342784
3bc6MVpDA0hm4DbuqD2r9C,3l1LcOxoXu7YfFKFkSSBeI,0.5087551187808051
3bc6MVpDA0hm4DbuqD2r9C,22tot0Y6uKuWdAZnEQyB6g,0.6125316651387392
3bc6MVpDA0hm4DbuqD2r9C,2GOVk9VRBmLVEyHSdZYPEN,0.7087931367310106
3bc6MVpDA0hm4DbuqD2r9C,5nSdJRpyM8OkYOVGa5rlsw,0.7848895848129746
3bc6MVpDA0hm4DbuqD2r9C,2C6fzRAlaWOhKCOsn5a0Nk,0.8610954877455523
3bc6MVpDA0hm4DbuqD2r9C,0jve8lleettzqGktJTB9e2,0.8916930097272615
3bc6MVpDA0hm4DbuqD2r9C,54SQet8YMttOgTqDNGcGpe,0.9191715814498561
3bc6MVpDA0hm4DbuqD2r9C,1c2vVx6knoiZHXbJJ9Mk8L,1.0017970139837027
3bc6MVpDA0hm4DbuqD2r9C,36EVGjdLX0x5SlM1GaL6f0,1.0130680150439155
3bc6MVpDA0hm4DbuqD2r9C,3z4XtoZVf8AOoR18Lnp7e1,1.0201509389565184
4W5HbjNHMU7uw27oZwLaVK,5j4kHNz5syQBR9Jfv3hwbb,1.028116865569735
4W5HbjNHMU7uw27oZwLaVK,3UgiXDauVuj9HZKzFY8TBL,1.1609158540609537
4W5HbjNHMU7uw27oZwLaVK,7gbjLoVKE8FZr8jra24GIR,1.1830586990700573
4W5HbjNHMU7uw27oZwLaVK,4NbUqEJnGQAEDvfb1LB5V3,1.2237528775090492
4W5HbjNHMU7uw27oZwLaVK,55N8cxpE1QDoeaaNqUnoZ2,1.2569847656275475
4W5HbjNHMU7uw27oZwLaVK,2RSTIsdhq5vqqr2GcTFdGM,1.3149928003699585
4W5HbjNHMU7uw27oZwLaVK,2WnYxLsi1D4p9ZPIvRKn93,1.3226711817555314
4W5HbjNHMU7uw27oZwLaVK,1bxtePWzYybaPiUZqvgQVf,1.3305542727489228
4W5HbjNHMU7uw27oZwLaVK,0SvtBdkNRlErX8sPrFgWPW,1.5329815581205666
4W5HbjNHMU7uw27oZwLaVK,4WCywozuuSXGl3CscRHVD5,1.5489205407500473
6ISmTommsQb47avYPq79yZ,3lO1WB5qXgjviQc0KF6ZTb,1.9365116222155487
6ISmTommsQb47avYPq79yZ,4SVIMu13Nii6XS8Ph7IJjH,2.068350405515106
6ISmTommsQb47avYPq79yZ,6qfnPUcs1Qba8eePYBPu8X,2.4397156190679965
6ISmTommsQb47avYPq79yZ,1Db4Qa67eYC7MxnCqFvRQj,2.6558699102985774
6ISmTommsQb47avYPq79yZ,239SrBPZi0xs1OQZmedr6q,2.6958759235440937
6ISmTommsQb47avYPq79yZ,6pAIDhDoB7k4bOsxbQjycO,2.737290108501375
6ISmTommsQb47avYPq79yZ,6ry0z6yotxEiqsxoKHpYBO,2.800814568696782
6ISmTommsQb47avYPq79yZ,5gBkapKElcmuRuw6lQGYlZ,2.84086222802244
6ISmTommsQb47avYPq79yZ,7kYgRZwVlq9a3lvHGHunrb,2.852534937869983
6ISmTommsQb47avYPq79yZ,4yDFEglGw2yP0jvrqCTgfM,2.8686804192747366
2AJL5Z7SjjilD8fAFWp8uo,3rTk7Ll8NRrd2jspBFtimV,1.0601219386971743
2AJL5Z7SjjilD8fAFWp8uo,3Msrp56q1eTLQaZFX06Qp3,1.0605912695417108
2AJL5Z7SjjilD8fAFWp8uo,08l9WKDuRyGeStQ9ojTlFh,1.1435651314637847
2AJL5Z7SjjilD8fAFWp8uo,0m3X8i1ggDvQOjtEL5CdV4,1.268610050745026
2AJL5Z7SjjilD8fAFWp8uo,0XE4aVvC1rOGaS9jLpgsfv,1.2813345388510782
2AJL5Z7SjjilD8fAFWp8uo,5R3TXM4XqQYBZjMs7koHZT,1.3049527329510406
2AJL5Z7SjjilD8fAFWp8uo,7lltIP2aLYnEwbrKdYq0gb,1.345342472104158
2AJL5Z7SjjilD8fAFWp8uo,2dDE3WCSj2cELFYO1IfECD,1.4471243313951947
2AJL5Z7SjjilD8fAFWp8uo,67al4eD0HtTYVqw1BLcF2d,1.4520383266392378
2AJL5Z7SjjilD8fAFWp8uo,0Z7nVJmfPLRjhtStJZh4hm,1.4737899650451132
2AwYywTNbeiWqQcLqt8UwP,3z8h0TU7ReDPLIbEnYhWZb,0.6075762102296993
2AwYywTNbeiWqQcLqt8UwP,60sMKR8s0Zs8tXRqKsI8VX,1.2417246100451422
2AwYywTNbeiWqQcLqt8UwP,4avT69vtIK1qqC8SL7eqGJ,1.2825678609552325
2AwYywTNbeiWqQcLqt8UwP,3hp6JfJIxkv3sl7E6p7DQj,1.3004486202206411
2AwYywTNbeiWqQcLqt8UwP,2Oghfvs0YkMNadU5c31GpJ,1.3777079520466433
2AwYywTNbeiWqQcLqt8UwP,6HKmAGpQgDNQ4sFhAgvkA2,1.4079728120560349
2AwYywTNbeiWqQcLqt8UwP,3NM41PVVUr0ceootKAtkAj,1.4107248836994046
2AwYywTNbeiWqQcLqt8UwP,2YA5IfmQwAmVzHRP3SVnEd,1.477104670684494
2AwYywTNbeiWqQcLqt8UwP,22Yk1yPGtoAaJMUJEFlco2,1.4988621861504716
2AwYywTNbeiWqQcLqt8UwP,5XCtjnFMKtCT7ycDwV3Kdh,1.5068571400871036
19gCnDoMbugHhF7eMpLpe1,341863z079BT4EFPiSw9DP,0.6597126125792449
19gCnDoMbugHhF7eMpLpe1,72655YyFEnLXG54FC6tCtT,0.8725252599181075
19gCnDoMbugHhF7eMpLpe1,5BwUt9x6Ss7bKcnDCi5H2X,1.1276545606507706
19gCnDoMbugHhF7eMpLpe1,5aJuHyYNdOzqX6eGO2XyE8,1.263629950882784
19gCnDoMbugHhF7eMpLpe1,5zFgBVbfMdfo6kCKm5hD6t,1.2820965907336406
19gCnDoMbugHhF7eMpLpe1,2sb6AZQLeoD3VgA4zglQB6,1.2909274747748543
19gCnDoMbugHhF7eMpLpe1,6VScORohpeHSfdLkPUZuZX,1.2968012879989852
19gCnDoMbugHhF7eMpLpe1,3XXTR1PxuCslxeQCpRHpmW,1.330048300368908
19gCnDoMbugHhF7eMpLpe1,0yFjiqcf961CTPJIOxJtjZ,1.4493171013160908
19gCnDoMbugHhF7eMpLpe1,2PJzQvozduq44cToUQBa0B,1.4998911518627223
7rVw4gyhclOgTIrFCtI3ZG,7xs1ksUAb2XswNWJjeyt7V,0.7825498930912571
7rVw4gyhclOgTIrFCtI3ZG,37ZgsOy8t4vMnGtMExr6ah,0.9470187635579536
7rVw4gyhclOgTIrFCtI3ZG,3Z4ZuDrY684IFTBz2ze708,1.01098458866552
7rVw4gyhclOgTIrFCtI3ZG,5ee2y1hdrYRYlGzKfkQdBw,1.0279946638917237
7rVw4gyhclOgTIrFCtI3ZG,0U7SRbyBhkdXdulXr3veKQ,1.0447979797420914
7rVw4gyhclOgTIrFCtI3ZG,76GGgSpRWU1v0mH26n2ZQy,1.0526112545498345
7rVw4gyhclOgTIrFCtI3ZG,2VSGzQqy9nqJefcYGJNWst,1.064692284635807
7rVw4gyhclOgTIrFCtI3ZG,4REZYGhSITpkC8xUiHAi2T,1.069007616599633
7rVw4gyhclOgTIrFCtI3ZG,6F4w6yDhupUdnrx1U6AiUg,1.0945502611480065
7rVw4gyhclOgTIrFCtI3ZG,1kG7gfH4HDUlDht0VZYkiP,1.1331887151541582
0uGTUhUrqGx9LYkkiLUXE4,006Bi4j0yzwOc3y69GOlYV,0.9104574460745939
0uGTUhUrqGx9LYkkiLUXE4,1JfcfNnW1pfsaYdqO6Vrkn,1.1036818147962542
0uGTUhUrqGx9LYkkiLUXE4,6n6zJJFmKJ1DoKq2eMCbEb,1.1342728957892676
0uGTUhUrqGx9LYkkiLUXE4,10n66m41IGjA2ZulKPK7Ew,1.1674292982860264
0uGTUhUrqGx9LYkkiLUXE4,6cARFkZxx2JR3JlvDzeLZc,1.268001413994549
0uGTUhUrqGx9LYkkiLUXE4,2MMt0H8lE5pDs4b0fZEBzT,1.2738841883193799
0uGTUhUrqGx9LYkkiLUXE4,1hMZDDqL6ThRyJQ5rsLiB5,1.2859795504845637
0uGTUhUrqGx9LYkkiLUXE4,7m0ZqFw6SHoAvtEccpMOs3,1.2930473778224332
0uGTUhUrqGx9LYkkiLUXE4,6RNDeRnWsRMjPdNVgupZCs,1.2982764244063998
0uGTUhUrqGx9LYkkiLUXE4,7uBdncahX0bULWkpaDax8y,1.3057339439435118
2UcUL4jytfVpW0jSXi3Ggi,4wNIVLMwvz1P4hjWBmyKqa,1.2622159271964033
2UcUL4jytfVpW0jSXi3Ggi,3DnYVJJH3H6P7Svy4x2DYT,1.5971415507133704
2UcUL4jytfVpW0jSXi3Ggi,3Dk2StRqlP3JmXIY4aWyvA,1.6243870558212796
2UcUL4jytfVpW0jSXi3Ggi,6onFDeU84yMtLmYfTlHkoI,1.7851032442844323
2UcUL4jytfVpW0jSXi3Ggi,3yuCAw61jqfyv2KzMoVdXA,1.832496639316068
2UcUL4jytfVpW0jSXi3Ggi,0yxEJfni0yeoBgtPeiox24,1.988454706847655
2UcUL4jytfVpW0jSXi3Ggi,1WfaiA60QqqYIYMmd1IwLR,2.004953257222865
2UcUL4jytfVpW0jSXi3Ggi,68xC2JQSgK9L43IkW7UvNT,2.0787877992992794
2UcUL4jytfVpW0jSXi3Ggi,1pBHxJzQEiO0PG1BsN096D,2.1465775842728756
2UcUL4jytfVpW0jSXi3Ggi,6bWSlgj7GqYXsorKurrxTJ,2.292564476620035
3J1BQ2acB1OHTQKeI1cWkR,6S1BoAiJeJ96A09tHIwJuy,0.5634185825475899
3J1BQ2acB1OHTQKeI1cWkR,3O3lsUYkkrolKZEfH4pTQn,0.667456475538668
3J1BQ2acB1OHTQKeI1cWkR,1sKt4HswC1nmkjuhhG0KFt,0.7323788179322137
3J1BQ2acB1OHTQKeI1cWkR,0elH6ukMGLyCHJavHutEza,0.7999538505667747
3J1BQ2acB1OHTQKeI1cWkR,3iTgKW7MWI0M0acyEoQXds,0.8034514221442793
3J1BQ2acB1OHTQKeI1cWkR,5x4vgABKiGp4Vg7ZyFRxhn,0.8089468330115867
3J1BQ2acB1OHTQKeI1cWkR,2fyIS6GXMgUcSv4oejx63f,0.9634851684091755
3J1BQ2acB1OHTQKeI1cWkR,5H3JW2JiQG432dldneCyW1,0.9748560219716194
3J1BQ2acB1OHTQKeI1cWkR,2O2oWOUJM14dWhQNpkcSbD,0.982488174824199
3J1BQ2acB1OHTQKeI1cWkR,0wUxh6XMc698xPCfgBaPRV,1.0174107540676638
6RNDeRnWsRMjPdNVgupZCs,52aj920Nd9VlhlehQVsfwS,0.8158492331541723
6RNDeRnWsRMjPdNVgupZCs,78cj9M7Ax1yDruYM5QeG39,0.8279603303441521
6RNDeRnWsRMjPdNVgupZCs,6IlQmJorOrT6eWZFqUzzES,0.8605828735694463
6RNDeRnWsRMjPdNVgupZCs,1rrPwnC71ZmXcIXuPudHYo,0.9395070601547584
6RNDeRnWsRMjPdNVgupZCs,006Bi4j0yzwOc3y69GOlYV,0.9603465899661838
6RNDeRnWsRMjPdNVgupZCs,7uBdncahX0bULWkpaDax8y,0.9752025087423251
6RNDeRnWsRMjPdNVgupZCs,163l4xzEe3JAfPbv0kYNQo,0.9761463278982568
6RNDeRnWsRMjPdNVgupZCs,4sNG6zQBmtq7M8aeeKJRMQ,1.035844531692707
6RNDeRnWsRMjPdNVgupZCs,3HKENICtez4Mz0tnUqpFIP,1.0374459136349423
6RNDeRnWsRMjPdNVgupZCs,1VAhH6Qrtod1cKtGjHcUtB,1.059439165489019
4k2iYdpCZYH3eQX2bVKOku,0gKuF5cAyTLUflACTah7yC,0.7566440292169576
4k2iYdpCZYH3eQX2bVKOku,5QvW5lK6mkfTegpAK9JOO7,0.9177158527884464
4k2iYdpCZYH3eQX2bVKOku,7vrLphPq4yjaX7jiDdd2Nc,0.9586200162361654
4k2iYdpCZYH3eQX2bVKOku,7Gc9OoiYsUrByC8tzD7kYY,1.1004779855458995
4k2iYdpCZYH3eQX2bVKOku,09obJ3DFME6R9uIZYPZxhG,1.2116649198223663
4k2iYdpCZYH3eQX2bVKOku,2RSTIsdhq5vqqr2GcTFdGM,1.3955930912418486
4k2iYdpCZYH3eQX2bVKOku,3bCp61o3h46Yvr0vgMJlaL,1.4024775234155356
4k2iYdpCZYH3eQX2bVKOku,3UgiXDauVuj9HZKzFY8TBL,1.4598038733974277
4k2iYdpCZYH3eQX2bVKOku,3znPiywA0q1VK2jgAZFDoI,1.460486491613092
4k2iYdpCZYH3eQX2bVKOku,2gEh41XUP3vI7kAjlEO92n,1.4609413448167932
7eEL9KyVPyH1lqqgoEIvxZ,67cR7hkzHhFAdg1UzPM3Xz,1.068393791614699
7eEL9KyVPyH1lqqgoEIvxZ,0m4jVVZrsv0bLkAr1uM6UG,1.1629219717366122
7eEL9KyVPyH1lqqgoEIvxZ,00nQri79W2dxFkWmXISlLh,1.2357664410630493
7eEL9KyVPyH1lqqgoEIvxZ,2sAwO9nafCv50ttjhI77a2,1.2883897333392687
7eEL9KyVPyH1lqqgoEIvxZ,0kI4AfCbkK5MP2B7Xgh6kB,1.3991282570658692
7eEL9KyVPyH1lqqgoEIvxZ,3I9tSAQMVzAuX8QQUBG9rP,1.4115190323754876
7eEL9KyVPyH1lqqgoEIvxZ,5Gox2FHWcB882eGsRIkdrt,1.4238478815436733
7eEL9KyVPyH1lqqgoEIvxZ,5jvwBfP3afteHaLNrPrUCN,1.4252073026840888
7eEL9KyVPyH1lqqgoEIvxZ,4mUiW3rsg9kicTIYwjwSsG,1.4252073026840888
7eEL9KyVPyH1lqqgoEIvxZ,20McUFi8KCIVdNDLrkTDuZ,1.4253719197741186
32Dc90Bn6NCKMPmdfprhFq,0ZgMBZeFQC8Jja48NuDaSC,0.6859648150906319
32Dc90Bn6NCKMPmdfprhFq,3I9tSAQMVzAuX8QQUBG9rP,0.8241724345461112
32Dc90Bn6NCKMPmdfprhFq,2n0U2OG5d6TuW5mKx7YrC0,0.9203889211997094
32Dc90Bn6NCKMPmdfprhFq,4siZLgCKM0IKnD1ek6Bt4d,0.9383197769715274
32Dc90Bn6NCKMPmdfprhFq,2kx5sQgmjYug0GiDh1a4sU,1.0207271014811576
32Dc90Bn6NCKMPmdfprhFq,0ud4VAfTH1AOb904kWOTzJ,1.0359034279009705
32Dc90Bn6NCKMPmdfprhFq,7qrvxjTqvXvaiGhnUfCOAB,1.0389042085173554
32Dc90Bn6NCKMPmdfprhFq,1ypx1v2k1cQFX0Vrda7nEl,1.066109876282699
32Dc90Bn6NCKMPmdfprhFq,0Id7swY6cWbvYLtVVF0wvq,1.0759778904837176
32Dc90Bn6NCKMPmdfprhFq,2RfncplwWMhuFY7nv2Dwwa,1.087368209848269
3JQ1ZBbqD3JSeTLw6NV4Z6,19MCvHdBjEheiweLyjiQWX,3.0765025050383406
3JQ1ZBbqD3JSeTLw6NV4Z6,3kWwbDlhgCoYdGYnsE7uCj,3.1392132916225384
3JQ1ZBbqD3JSeTLw6NV4Z6,4I0edgb5lVFVllfB7igc91,3.804736305375558
3JQ1ZBbqD3JSeTLw6NV4Z6,34vrK3lgywolG3SVyglWax,3.9383917447953505
3JQ1ZBbqD3JSeTLw6NV4Z6,0bjsMl6oNTuvem3dvX2tDs,4.070296905632454
3JQ1ZBbqD3JSeTLw6NV4Z6,1eK9FbqhWUoolfJdiQtKaO,4.111709770594628
3JQ1ZBbqD3JSeTLw6NV4Z6,5RKw6NA1kH7ZZpeuYDpK8M,4.13126019551464
3JQ1ZBbqD3JSeTLw6NV4Z6,6T1t7fOMfVuVpWSe2Z4Pp9,4.149260501242145
3JQ1ZBbqD3JSeTLw6NV4Z6,3S2XrrnhWLbz1IjpLIUDVU,4.195511501644281
3JQ1ZBbqD3JSeTLw6NV4Z6,4HKFF8kQupjxkx0SKxcPPZ,4.214049185991169
12SNxpytVKahQ25nOTpbFX,0m4jVVZrsv0bLkAr1uM6UG,0.933707464595183
12SNxpytVKahQ25nOTpbFX,72zHuDxFQTjbL51qJQSA7j,0.9694331760572928
12SNxpytVKahQ25nOTpbFX,2SLwPaJTN6B6zwcIwsuQAK,0.9805157169274905
12SNxpytVKahQ25nOTpbFX,5wpyfg3L9LKs64kJF6XiHF,1.0989255671190108
12SNxpytVKahQ25nOTpbFX,2QMAB7AL9WPd0LdRH4BZda,1.1300094164295775
12SNxpytVKahQ25nOTpbFX,25xhL1egtULWxHD5YDJ9XY,1.1386024367410663
12SNxpytVKahQ25nOTpbFX,6GfqNqXkAofNOakU77MWEb,1.1486025806767817
12SNxpytVKahQ25nOTpbFX,5frWFPeKH8Pam3rKLFCytt,1.1542686903487527
12SNxpytVKahQ25nOTpbFX,4nl4KMmBskw45osLZhlhk1,1.1611586165851042
12SNxpytVKahQ25nOTpbFX,0z5EJolHD3zV6W17tigtP7,1.1651527858587145
45FR60U6pxNbiQkA8BOhBD,4sKGkVi8boc00JTpw7aVB7,0.47291276448373637
45FR60U6pxNbiQkA8BOhBD,0mtn3uti60qnEwTJJIQ29v,0.8892658370737235
45FR60U6pxNbiQkA8BOhBD,1OyOTy8cZ5TGbMaHpfrQpY,0.9169639604952413
45FR60U6pxNbiQkA8BOhBD,7bfocP7GYoLOutUYpTI8tx,0.9652246649969223
45FR60U6pxNbiQkA8BOhBD,1VAhH6Qrtod1cKtGjHcUtB,0.9946852340614376
45FR60U6pxNbiQkA8BOhBD,2YG0kV3M9JNde63YtelgUt,1.0095935802258198
45FR60U6pxNbiQkA8BOhBD,3ctDo5gZFNOiMjqa0XDBif,1.0267051235008269
45FR60U6pxNbiQkA8BOhBD,52aj920Nd9VlhlehQVsfwS,1.067630771698279
45FR60U6pxNbiQkA8BOhBD,7uBdncahX0bULWkpaDax8y,1.0685653189219024
45FR60U6pxNbiQkA8BOhBD,3FX9rMHZqWTpv5ZTR7TkpB,1.0693412734300893
1Db4Qa67eYC7MxnCqFvRQj,6pAIDhDoB7k4bOsxbQjycO,1.2693336001931683
1Db4Qa67eYC7MxnCqFvRQj,6t2gHlvw7kTK6M7M5f7S6K,1.4304350033134121
1Db4Qa67eYC7MxnCqFvRQj,1VtPE3YY4Uc9KCaQATcVJh,1.445183322260384
1Db4Qa67eYC7MxnCqFvRQj,5ApWy8SWLq7q7wgKcOxEQ9,1.5377153105196815
1Db4Qa67eYC7MxnCqFvRQj,0bAuzGnpoaZFpfbAhEWjqO,1.6182013285702979
1Db4Qa67eYC7MxnCqFvRQj,3dRjPo78q6rb7vaRElKNRl,1.6342984882594718
1Db4Qa67eYC7MxnCqFvRQj,7C3lbQVR3vlo8WCHNiwycv,1.727947990436862
1Db4Qa67eYC7MxnCqFvRQj,5FccwnVjJbLIF2azQjCwyP,1.8051488434444058
1Db4Qa67eYC7MxnCqFvRQj,7hQAxslFR1rqimWs7f2sKl,1.860480979631319
1Db4Qa67eYC7MxnCqFvRQj,3TLgxeugc8nOXkm04LG6Gh,1.890598858236371
0KpTFH1SzexN8SGc0GPILC,79uspTY5GVI0EOBsnWAjxx,1.3398666750946624
0KpTFH1SzexN8SGc0GPILC,2SoHnESLR60erIgFi8zFFi,1.5056106461394014
0KpTFH1SzexN8SGc0GPILC,4YLv4bDhfubAu142fY8QN1,1.6272246695746762
0KpTFH1SzexN8SGc0GPILC,1hP0hDL5VREpThmMOa1pta,1.630877932271937
0KpTFH1SzexN8SGc0GPILC,0zmrF4iO4zaaJKQ06Yb6GO,1.6907650548306974
0KpTFH1SzexN8SGc0GPILC,4X91MJx5PaKwlYnnldv1OZ,1.6953353379714577
0KpTFH1SzexN8SGc0GPILC,3pmYp7wfaDfr5OwHoxAR9K,1.7207877106434992
0KpTFH1SzexN8SGc0GPILC,4nWxif1dt6FCg4GFZcPIbO,1.952562500588431
0KpTFH1SzexN8SGc0GPILC,1erM5eAa42t5PizveNnsbY,1.963685603130448
0KpTFH1SzexN8SGc0GPILC,2VAP7blVVE9odqmMyM6HFf,2.0085478119494042
5tqgvcRaFZYV2Wu8xWgG3R,6RWhxVhLfVNxvE3ubp97SN,1.2152125605873083
5tqgvcRaFZYV2Wu8xWgG3R,6d1AuFOL1YBzLcruapNbZV,1.2188929573279563
5tqgvcRaFZYV2Wu8xWgG3R,4grmYnfTTC5s25gdSmACiU,1.2189070422633392
5tqgvcRaFZYV2Wu8xWgG3R,5ZgnlpPg7qfiopdvqdrs2M,1.2206701062548702
5tqgvcRaFZYV2Wu8xWgG3R,2YA5IfmQwAmVzHRP3SVnEd,1.2768012946236473
5tqgvcRaFZYV2Wu8xWgG3R,2Oa4PQ6WVqng8AnB7Gbabs,1.2768719868183886
5tqgvcRaFZYV2Wu8xWgG3R,37cb7mzkQKksGm0noGDXeh,1.3128159533647785
5tqgvcRaFZYV2Wu8xWgG3R,3iOcbCxe0jW1XrlFb0rvj2,1.3446883608400608
5tqgvcRaFZYV2Wu8xWgG3R,75ArcxyPjMr0sleM5WXLn7,1.3691839362726275
5tqgvcRaFZYV2Wu8xWgG3R,6hVLkc1612BQeD6EQFKECm,1.3743309657146667
31tqdc6hO91Byv18aRLhNE,2aYW6K8f6ESAqPINJHfmGn,2.1423359158389794
31tqdc6hO91Byv18aRLhNE,626KJ8oTkNs9znR1nDqq1k,2.291536614510628
31tqdc6hO91Byv18aRLhNE,2jL3urmIC1PepoT93Mskmm,2.296940566293548
31tqdc6hO91Byv18aRLhNE,5Dj4dtQ0HXxvKRdzqELup0,2.370502914839571
31tqdc6hO91Byv18aRLhNE,3Dg6BUqz0IaTOEq4ySdhhQ,2.4000461937638713
31tqdc6hO91Byv18aRLhNE,7rMB3EFvXYfXvkw7BBLoX1,2.4052165460637402
31tqdc6hO91Byv18aRLhNE,6r9qDqJMdeMTWvHAcQfsHg,2.4485649613733607
31tqdc6hO91Byv18aRLhNE,16V5thzOT3WBnbmwkRe8jB,2.513301599373342
31tqdc6hO91Byv18aRLhNE,7lozyelzonSChypzS5dPPb,2.529211372566286
31tqdc6hO91Byv18aRLhNE,1AdUK37moo4ba9vRJJ7zVp,2.6307806012330937
5aAjcWycNzzlnnwRB8z0zL,1sKt4HswC1nmkjuhhG0KFt,0.8352304082641869
5aAjcWycNzzlnnwRB8z0zL,20McUFi8KCIVdNDLrkTDuZ,0.9831323488440945
5aAjcWycNzzlnnwRB8z0zL,5Gox2FHWcB882eGsRIkdrt,0.993049435264283
5aAjcWycNzzlnnwRB8z0zL,2L1KDMlUbzuaXce1VvWV57,1.0155676032581826
5aAjcWycNzzlnnwRB8z0zL,6qFWAs54gSDIUh0J9XY8qx,1.0527021787789974
5aAjcWycNzzlnnwRB8z0zL,0p4D8tKBjpTqOpFhwxIXe1,1.0539872563161843
5aAjcWycNzzlnnwRB8z0zL,5IUtvfNvOyVYZUa6AJFrnP,1.0555164356462803
5aAjcWycNzzlnnwRB8z0zL,2O2oWOUJM14dWhQNpkcSbD,1.0689846751762755
5aAjcWycNzzlnnwRB8z0zL,5frWFPeKH8Pam3rKLFCytt,1.073765192626834
5aAjcWycNzzlnnwRB8z0zL,5H3JW2JiQG432dldneCyW1,1.0941720436971016
2gNMXJDKRmKWuevBGjN8wo,1UR0RbyH4bKoovDNnGd53G,1.201586614515559
2gNMXJDKRmKWuevBGjN8wo,2MTwDvHo3Mc8lKp7FeEHJJ,1.2552334535227172
2gNMXJDKRmKWuevBGjN8wo,0IFMbLUK5ttPmXyK16qUQu,1.3475548971848312
2gNMXJDKRmKWuevBGjN8wo,2bXI4Rbw1D7aVeHWLjn1Lb,1.3986582184138965
2gNMXJDKRmKWuevBGjN8wo,1AdUK37moo4ba9vRJJ7zVp,1.657396533734822
2gNMXJDKRmKWuevBGjN8wo,0BFtrq3fyv1kRcId4o18mK,1.6913654396702182
2gNMXJDKRmKWuevBGjN8wo,1UfJ3Z0pPyejEKi37A0utw,1.7452659358997173
2gNMXJDKRmKWuevBGjN8wo,1jcHOVANDK94K5UXQLs8Fz,1.8032875692217116
2gNMXJDKRmKWuevBGjN8wo,7AW4g4I9fPfUIyqtbsuAkM,1.8504340672834578
2gNMXJDKRmKWuevBGjN8wo,59eugpPzqGZW1ZsV5JTAk2,1.8961547192668873
2JiodPAAXzYPp3OV9oA1gT,7AtwQRLPdttsxcLM5tPL0t,1.1430485752224366
2JiodPAAXzYPp3OV9oA1gT,34nDmYlzfXjBoiWl9XoCUU,1.21131567503221
2JiodPAAXzYPp3OV9oA1gT,5ynCNwoLOOHoJU4N40m97V,1.3356026662164868
2JiodPAAXzYPp3OV9oA1gT,6KMbJSTSecyfoD5NgXiQvh,1.3930744515529558
2JiodPAAXzYPp3OV9oA1gT,2QxzpDE6uQPy17dhBTQgpu,1.39789303521805
2JiodPAAXzYPp3OV9oA1gT,2G71B13s2bF5SkaieZTOgA,1.4187985802691188
2JiodPAAXzYPp3OV9oA1gT,6txgVVRJkvrSfcOQJIMFbf,1.427651210471815
2JiodPAAXzYPp3OV9oA1gT,7t1UzsIKRBXXVdwJRIaDxn,1.4659501071992003
2JiodPAAXzYPp3OV9oA1gT,4iUbMPVbCQAx51bIh1GhyP,1.484476321189206
2JiodPAAXzYPp3OV9oA1gT,4OMgqSsMbVhPCFnivcNAqh,1.491593691600119
6V4k01Xr3HsVrfqUyQSIqt,6d3jo3AUpEsOrMsbtyeW7y,1.1953096424241567
6V4k01Xr3HsVrfqUyQSIqt,7gbjLoVKE8FZr8jra24GIR,1.3373255848673449
6V4k01Xr3HsVrfqUyQSIqt,3UgiXDauVuj9HZKzFY8TBL,1.3756329268339478
6V4k01Xr3HsVrfqUyQSIqt,1mhhgEfuEGW0EwB6kNuzkk,1.3856479833614523
6V4k01Xr3HsVrfqUyQSIqt,55N8cxpE1QDoeaaNqUnoZ2,1.4591533714270508
6V4k01Xr3HsVrfqUyQSIqt,0gKuF5cAyTLUflACTah7yC,1.5181383452700965
6V4k01Xr3HsVrfqUyQSIqt,2Uxnz7OTTYtgGrwjVcYRlG,1.5268656364829307
6V4k01Xr3HsVrfqUyQSIqt,2RSTIsdhq5vqqr2GcTFdGM,1.5385986352245862
6V4k01Xr3HsVrfqUyQSIqt,3bCp61o3h46Yvr0vgMJlaL,1.5414834278561156
6V4k01Xr3HsVrfqUyQSIqt,4k2iYdpCZYH3eQX2bVKOku,1.5626026345334396
7f9I5WdyXm5q1XqnSYgQZb,4wOqh7UiXe4jfbotAizdTu,0.6030595428476497
7f9I5WdyXm5q1XqnSYgQZb,6nsdMJW0IU4pR3pEmo0LAI,1.0176995924460635
7f9I5WdyXm5q1XqnSYgQZb,3I8w8mVY4KFBXbhcP5NqqH,1.0620849900136036
7f9I5WdyXm5q1XqnSYgQZb,1f9jv3jIHqwZhVW7NMAgYN,1.1468434543408161
7f9I5WdyXm5q1XqnSYgQZb,0A4z93tJeaBRgZV6L5WP9h,1.1601694126542164
7f9I5WdyXm5q1XqnSYgQZb,7s4XK58jwdioXsBdXianI8,1.170339960446338
7f9I5WdyXm5q1XqnSYgQZb,3znPiywA0q1VK2jgAZFDoI,1.1735519475014247
7f9I5WdyXm5q1XqnSYgQZb,5ALPzPUKl3Np5BrYTFs4Pb,1.2533064758201118
7f9I5WdyXm5q1XqnSYgQZb,2wjkeM2gmbIa2sBkbnWLb0,1.3006528038958494
7f9I5WdyXm5q1XqnSYgQZb,71fSn6OIF7HnCbgCzOBqpj,1.3086968513521562
33LleOXlYSGmHinXyHWU7g,7s4XK58jwdioXsBdXianI8,1.0071869357728584
33LleOXlYSGmHinXyHWU7g,4f3g4NIJMywPIeTY74wh9b,1.0671746519738672
33LleOXlYSGmHinXyHWU7g,2nT4y8qTzu2IBYuw7j8TPi,1.096468668115963
33LleOXlYSGmHinXyHWU7g,3pQ0zUFOi4e1KZ8yQkeD42,1.1327590420716953
33LleOXlYSGmHinXyHWU7g,3znPiywA0q1VK2jgAZFDoI,1.1650854055756383
33LleOXlYSGmHinXyHWU7g,2w2MXZEONSMh1HzOUpuqIx,1.244799528188158
33LleOXlYSGmHinXyHWU7g,5bdXzykQmyiUB91lqrNvOC,1.2687660030733547
33LleOXlYSGmHinXyHWU7g,2wjkeM2gmbIa2sBkbnWLb0,1.2689537342428105
33LleOXlYSGmHinXyHWU7g,6nsdMJW0IU4pR3pEmo0LAI,1.3002341780105746
33LleOXlYSGmHinXyHWU7g,7f9I5WdyXm5q1XqnSYgQZb,1.3119663341248464
7nBeVCe5XQ6sn6dzqFvglv,4Z4ATORVrIp25FqUmtBb8r,1.0336414382536818
7nBeVCe5XQ6sn6dzqFvglv,382pQ7OIddHeCHHdaFxyYn,1.2769367060499142
7nBeVCe5XQ6sn6dzqFvglv,6d0sSZ2bfKUWeICsNRPyCt,1.284755616647958
7nBeVCe5XQ6sn6dzqFvglv,1lnEWFVBzbjQqBUEMC1i6P,1.3002185432692006
7nBeVCe5XQ6sn6dzqFvglv,3yuxU2iHhz7tocZG9ohT1A,1.3504431886872938
7nBeVCe5XQ6sn6dzqFvglv,2LyRC7gfWFJd6JI5i8fTJe,1.3585485199983613
7nBeVCe5XQ6sn6dzqFvglv,2gfHZWYVhzCQg3dvlmS421,1.4369396743161305
7nBeVCe5XQ6sn6dzqFvglv,6LiB2EaS3yxxJF4TWFgbno,1.493039708951756
7nBeVCe5XQ6sn6dzqFvglv,4KC2Z9dL4jL61Ys35N6srg,1.6656705488220287
7nBeVCe5XQ6sn6dzqFvglv,5A7HJmgaZU0buq4hpuqZ4Q,1.681251414209324
4REZYGhSITpkC8xUiHAi2T,4ileLT7ldd2uX8bMemWqbm,0.6141861647099134
4REZYGhSITpkC8xUiHAi2T,3v8CoiN19zAzkTG0E7TBTN,0.6950322376439266
4REZYGhSITpkC8xUiHAi2T,7G8hUONVhvJnkD3Ak8mNF1,0.7522322398983277
4REZYGhSITpkC8xUiHAi2T,2RsAajgo0g7bMCHxwH3Sk0,0.9746942675643857
4REZYGhSITpkC8xUiHAi2T,5ALPzPUKl3Np5BrYTFs4Pb,0.9940289689919053
4REZYGhSITpkC8xUiHAi2T,4grmYnfTTC5s25gdSmACiU,1.0200996067131618
4REZYGhSITpkC8xUiHAi2T,4X6kRZnZM8mZPkeMUmn8G6,1.0347901811892932
4REZYGhSITpkC8xUiHAi2T,0OwEskGUqCMgkSY7JkJS7x,1.0590757936675008
4REZYGhSITpkC8xUiHAi2T,4UF1eupXP9Zz5GpYepyOxI,1.061719893064193
4REZYGhSITpkC8xUiHAi2T,6Z0gK8Fp0AqS9EX8Icp4hj,1.06579474654505
3kWwbDlhgCoYdGYnsE7uCj,2FBI52O3q5IlldKBImv1Zq,1.9290697236181935
3kWwbDlhgCoYdGYnsE7uCj,4HKFF8kQupjxkx0SKxcPPZ,1.9612186713401782
3kWwbDlhgCoYdGYnsE7uCj,1RtoOw5CS2PBcVG8A783Q0,2.17156489297121
3kWwbDlhgCoYdGYnsE7uCj,4GAhAw0RCzNVP976NRMOqO,2.239328285581317
3kWwbDlhgCoYdGYnsE7uCj,7nZu5xIQlEceMFpfQbjK1P,2.25700014237611
3kWwbDlhgCoYdGYnsE7uCj,0jsXpJsdXhnwnwnCLKjYLF,2.4460391591005464
3kWwbDlhgCoYdGYnsE7uCj,5my3f3dMZENvUwAXYVQNmO,2.50562115712959
3kWwbDlhgCoYdGYnsE7uCj,0sXJUHfwsocaJaLM5osoWX,2.553482943293576
3kWwbDlhgCoYdGYnsE7uCj,3XXTR1PxuCslxeQCpRHpmW,2.5772522224126675
3kWwbDlhgCoYdGYnsE7uCj,6CBr1ll9YnZJSPueJwtYrp,2.599313178155716
2G5EuwNgAYXKT5xJQ9KoOC,4ngv7whSPSAwD8ZP3zMHsd,1.0554276224715071
2G5EuwNgAYXKT5xJQ9KoOC,23XdaKxpbB9D4mPCgoOgou,1.2101943226112462
2G5EuwNgAYXKT5xJQ9KoOC,42rRYDeMFkYfUGOIhDPlF9,1.3275588583098734
2G5EuwNgAYXKT5xJQ9KoOC,6pT0lZ3QhOWzjXWqO7aqVq,1.6056055323996057
2G5EuwNgAYXKT5xJQ9KoOC,4yNk9iz9WVJikRFle3XEvn,1.6214308895171197
2G5EuwNgAYXKT5xJQ9KoOC,6DXazvidTcZ7Nx78cm5hZE,1.7155076031725254
2G5EuwNgAYXKT5xJQ9KoOC,4lD40vyG33AcLiftmxQSC8,1.7500728732531508
2G5EuwNgAYXKT5xJQ9KoOC,2EuRnXkQ1X97VNY3NfSqay,1.761041822918385
2G5EuwNgAYXKT5xJQ9KoOC,4Fs8Ae2PYNKQJnZmqSsKuw,1.7860524527935528
2G5EuwNgAYXKT5xJQ9KoOC,6SbLvxG1S5LKhbE3yaNSKi,1.7923798834099045
3HKENICtez4Mz0tnUqpFIP,6IlQmJorOrT6eWZFqUzzES,0.7095452978764225
3HKENICtez4Mz0tnUqpFIP,6RNDeRnWsRMjPdNVgupZCs,1.0374459136349423
3HKENICtez4Mz0tnUqpFIP,52aj920Nd9VlhlehQVsfwS,1.14011465020918
3HKENICtez4Mz0tnUqpFIP,2Hbad5lRjdQBvKRahhFTsw,1.2067835568340224
3HKENICtez4Mz0tnUqpFIP,78cj9M7Ax1yDruYM5QeG39,1.2361792423939675
3HKENICtez4Mz0tnUqpFIP,3mtJfeHl9dp6Rq5fXPIErc,1.2385338897948965
3HKENICtez4Mz0tnUqpFIP,1rrPwnC71ZmXcIXuPudHYo,1.2413561955027796
3HKENICtez4Mz0tnUqpFIP,0apq2ENNMlYg9Os1osfJ3Y,1.2482650872734244
3HKENICtez4Mz0tnUqpFIP,3SSp8LMvyCmm0rlwpxD4LQ,1.2667728714687025
3HKENICtez4Mz0tnUqpFIP,3NtC3kB57EmY8FXziu8KOn,1.3080338807569887
1tJPPxQ18pJL0MnfS4nQZn,3PDf2Xk2fHt3EexYRrVS0j,0.68488283895492
1tJPPxQ18pJL0MnfS4nQZn,0SRPuTnr5QOKRoIxMvvlgK,0.9123102682995791
1tJPPxQ18pJL0MnfS4nQZn,5ulKQUbgBp6fDd9KvRVHaA,0.9915410172276853
1tJPPxQ18pJL0MnfS4nQZn,17x6eyS7sD6uqWfc8yn1EY,1.0535875038862634
1tJPPxQ18pJL0MnfS4nQZn,3BpAJmSlThgkxBmzKzJHX0,1.0931755754327936
1tJPPxQ18pJL0MnfS4nQZn,3FX9rMHZqWTpv5ZTR7TkpB,1.1250619807090356
1tJPPxQ18pJL0MnfS4nQZn,2YIzmw4FfKEL0LF6EtJCxW,1.167335892103918
1tJPPxQ18pJL0MnfS4nQZn,5r5cp9IpziiIsR6b93vcnQ,1.2032287490249913
1tJPPxQ18pJL0MnfS4nQZn,3fPgIknlkDWXs1l2noKZbp,1.2404839491005095
1tJPPxQ18pJL0MnfS4nQZn,3CRT6IQTfsEZjiXfZ49g9w,1.2739628301603236
5k5QpH6VYu2EZZaw5ceSkJ,2wjkeM2gmbIa2sBkbnWLb0,0.9651006817775452
5k5QpH6VYu2EZZaw5ceSkJ,3pQ0zUFOi4e1KZ8yQkeD42,1.054016347355873
5k5QpH6VYu2EZZaw5ceSkJ,6nsdMJW0IU4pR3pEmo0LAI,1.2531876255469598
5k5QpH6VYu2EZZaw5ceSkJ,7s4XK58jwdioXsBdXianI8,1.3366763432243967
5k5QpH6VYu2EZZaw5ceSkJ,1wCxDPQUF3YBMgeJMJkRGH,1.4043432043222541
5k5QpH6VYu2EZZaw5ceSkJ,3pHpV3pa96s4vuBP7sQq0V,1.44878993853512
5k5QpH6VYu2EZZaw5ceSkJ,3I8w8mVY4KFBXbhcP5NqqH,1.5101103260668225
5k5QpH6VYu2EZZaw5ceSkJ,34CkAgBoiRuElQEKoi1zVF,1.5113974169408046
5k5QpH6VYu2EZZaw5ceSkJ,46cEIa1iQPSQLnPVP2hmVm,1.5307142754928917
5k5QpH6VYu2EZZaw5ceSkJ,4P4mcw4wHDMysBF031DDZT,1.544897669080883
59eugpPzqGZW1ZsV5JTAk2,0BFtrq3fyv1kRcId4o18mK,1.3021580786068303
59eugpPzqGZW1ZsV5JTAk2,1UfJ3Z0pPyejEKi37A0utw,1.4613594472559597
59eugpPzqGZW1ZsV5JTAk2,2esbthZf8kgJK8x8n9BYNe,1.5047493243778691
59eugpPzqGZW1ZsV5JTAk2,5inWUDecQMC4l2eOFzaIaf,1.729792096525706
59eugpPzqGZW1ZsV5JTAk2,6VZ4iuA1y0utK4YR9dMfhu,1.7574401775652653
59eugpPzqGZW1ZsV5JTAk2,2MTwDvHo3Mc8lKp7FeEHJJ,1.8886993190840484
59eugpPzqGZW1ZsV5JTAk2,2gNMXJDKRmKWuevBGjN8wo,1.8961547192668873
59eugpPzqGZW1ZsV5JTAk2,1jcHOVANDK94K5UXQLs8Fz,1.9368126198198732
59eugpPzqGZW1ZsV5JTAk2,0u5mGjvZPRx3uFCwXKcXCP,2.0351229082976903
59eugpPzqGZW1ZsV5JTAk2,2bXI4Rbw1D7aVeHWLjn1Lb,2.0783831479811887
7hQAxslFR1rqimWs7f2sKl,6t2gHlvw7kTK6M7M5f7S6K,1.5180315819667847
7hQAxslFR1rqimWs7f2sKl,5FccwnVjJbLIF2azQjCwyP,1.5222653080064357
7hQAxslFR1rqimWs7f2sKl,7LihoPgTF9hnxMh9lRTNkA,1.635764454943918
7hQAxslFR1rqimWs7f2sKl,6ekLy1OsrYdLMbcqc0KZ8G,1.765131583101573
7hQAxslFR1rqimWs7f2sKl,6ry0z6yotxEiqsxoKHpYBO,1.7880535416757863
7hQAxslFR1rqimWs7f2sKl,239SrBPZi0xs1OQZmedr6q,1.8049199926182333
7hQAxslFR1rqimWs7f2sKl,4j6P3mLiZRfNPGFIQlq9vX,1.8204831139266913
7hQAxslFR1rqimWs7f2sKl,1Db4Qa67eYC7MxnCqFvRQj,1.860480979631319
7hQAxslFR1rqimWs7f2sKl,5yU9gNHwYeRrWmyRCTUUxv,1.8605984430669873
7hQAxslFR1rqimWs7f2sKl,5T2iobXGYEI9TdrJ4Du6QN,1.865857560184159
3q2yXpMGvit2zgBYzKE3Zt,2jcMktZrayNaiWRnRmItnY,1.4671743830836579
3q2yXpMGvit2zgBYzKE3Zt,7nMBN3eKuRfcQGEnzDeNKP,1.5487021175875633
3q2yXpMGvit2zgBYzKE3Zt,0BZagFWMAL33p7y6HsL3jT,1.5654312010009326
3q2yXpMGvit2zgBYzKE3Zt,1aDCjyFTiY6EG9mbl7HMog,1.5663318009455451
3q2yXpMGvit2zgBYzKE3Zt,1BLOVHYYlH4JUHQGcpt75R,1.575016770291437
3q2yXpMGvit2zgBYzKE3Zt,6aHFdm58mPF4YPJX3FgI0z,1.5999172278728255
3q2yXpMGvit2zgBYzKE3Zt,4OMgqSsMbVhPCFnivcNAqh,1.6805115448278072
3q2yXpMGvit2zgBYzKE3Zt,0xdYzkbBBfTevSyOJqWUSX,1.688836223600162
3q2yXpMGvit2zgBYzKE3Zt,0wUxh6XMc698xPCfgBaPRV,1.6917835571273676
3q2yXpMGvit2zgBYzKE3Zt,3q5Ze7QksOVd2ES9YzdfsE,1.6959419858534903
75gWtvF9RJfVRbWD39cSuZ,1SEZDfakTMMmUcHildSzsx,1.3480219663476216
75gWtvF9RJfVRbWD39cSuZ,7eX5SypK35V8Y9d9pS6rWy,1.5397244003931378
75gWtvF9RJfVRbWD39cSuZ,2LMloFiV7DHpBhITOaBSam,1.5479778344175081
75gWtvF9RJfVRbWD39cSuZ,4GRgeMNKXKSqmkKRqzoXB7,1.5951138086342784
75gWtvF9RJfVRbWD39cSuZ,7IZ7SwZfnXMKKwMIGdE6o8,1.8222455743866288
75gWtvF9RJfVRbWD39cSuZ,6y4ySPeb68KGoAi1dk130F,1.9105753304203872
75gWtvF9RJfVRbWD39cSuZ,3kKb3U3a8jmUJQB9ypE1Jl,1.9485268365698738
75gWtvF9RJfVRbWD39cSuZ,0Z7nVJmfPLRjhtStJZh4hm,1.9750353444946527
75gWtvF9RJfVRbWD39cSuZ,0dcNLhcMbcFd1eduLDNuNT,1.9780564608074247
75gWtvF9RJfVRbWD39cSuZ,5IXpJkpRvk97JoLMTitMPG,2.0920993955991194
0BFtrq3fyv1kRcId4o18mK,1UfJ3Z0pPyejEKi37A0utw,1.171441276308938
0BFtrq3fyv1kRcId4o18mK,59eugpPzqGZW1ZsV5JTAk2,1.3021580786068303
0BFtrq3fyv1kRcId4o18mK,5inWUDecQMC4l2eOFzaIaf,1.4369661272664034
0BFtrq3fyv1kRcId4o18mK,6VZ4iuA1y0utK4YR9dMfhu,1.4835404535444128
0BFtrq3fyv1kRcId4o18mK,2esbthZf8kgJK8x8n9BYNe,1.5997372851564948
0BFtrq3fyv1kRcId4o18mK,2gNMXJDKRmKWuevBGjN8wo,1.6913654396702182
0BFtrq3fyv1kRcId4o18mK,4JITK6LNul3oc5aDcCYlLx,1.841864788164135
0BFtrq3fyv1kRcId4o18mK,0u5mGjvZPRx3uFCwXKcXCP,1.9282257892979087
0BFtrq3fyv1kRcId4o18mK,2MTwDvHo3Mc8lKp7FeEHJJ,1.9329725762949235
0BFtrq3fyv1kRcId4o18mK,1jcHOVANDK94K5UXQLs8Fz,1.9357835437858668
1nBDeSiqD2z1ofv9hEttfi,6ZRwn9JqdtRQyrHT0tKIgy,0.7517616460349774
1nBDeSiqD2z1ofv9hEttfi,1XLe4yeCt8cFemyxnICcZN,0.9085782267730599
1nBDeSiqD2z1ofv9hEttfi,6ekLy1OsrYdLMbcqc0KZ8G,0.9345195862771548
1nBDeSiqD2z1ofv9hEttfi,4x9l3fDzgvzg9t7Csbufrn,1.1390980262270212
1nBDeSiqD2z1ofv9hEttfi,3dRjPo78q6rb7vaRElKNRl,1.1467797172289491
1nBDeSiqD2z1ofv9hEttfi,1VtPE3YY4Uc9KCaQATcVJh,1.1555539250686615
1nBDeSiqD2z1ofv9hEttfi,37nppJzOgypngu1szTRD06,1.1881451963484828
1nBDeSiqD2z1ofv9hEttfi,6XDdcBC0hQkRcQfYovxd4c,1.2166864998770577
1nBDeSiqD2z1ofv9hEttfi,7grNHTSADMlLZ96mH4wI85,1.2750938156615212
1nBDeSiqD2z1ofv9hEttfi,1Zd1Y1UeG8PB5fDSgKQaH6,1.2824919587501502
7oHDdgBGhiglCDWsJBCa1R,6SbLvxG1S5LKhbE3yaNSKi,0.8430572548664345
7oHDdgBGhiglCDWsJBCa1R,6DXazvidTcZ7Nx78cm5hZE,1.0163522185111717
7oHDdgBGhiglCDWsJBCa1R,5D6d1DFXMkjUZYoEUf9BAt,1.0960367405594151
7oHDdgBGhiglCDWsJBCa1R,5PAKAKbcx1gqEoiLZIS6ec,1.1186568591514872
7oHDdgBGhiglCDWsJBCa1R,7GwYyLNFyAsSsmt2aa0z6u,1.1907018894822685
7oHDdgBGhiglCDWsJBCa1R,4xQY6PYbE5N5En4xv5nQtM,1.2315185951053411
7oHDdgBGhiglCDWsJBCa1R,43nB4BTmfrOZ80QYrD3Ap2,1.2363588982736653
7oHDdgBGhiglCDWsJBCa1R,23XdaKxpbB9D4mPCgoOgou,1.312331683458075
7oHDdgBGhiglCDWsJBCa1R,0sXJUHfwsocaJaLM5osoWX,1.3603758717267964
7oHDdgBGhiglCDWsJBCa1R,43ZA173zlPZnKN3YSjrzHU,1.3707140948075913
6HrYi2gwKxrwEtZX3Orype,02GGlQrUckPW2fJmYVpU8l,0.7520345618077979
6HrYi2gwKxrwEtZX3Orype,3QgInVIXkrZDRVQfuKUxSm,0.9944397149301368
6HrYi2gwKxrwEtZX3Orype,4HyxYaIV98fUKeApfxHEHv,1.04525597406576
6HrYi2gwKxrwEtZX3Orype,26op06vMM21RB0hej3b0lG,1.0672389904890136
6HrYi2gwKxrwEtZX3Orype,7pagL6jtEVbRq6vVK6ua3S,1.0716002584225195
6HrYi2gwKxrwEtZX3Orype,3z4XtoZVf8AOoR18Lnp7e1,1.1080022663379194
6HrYi2gwKxrwEtZX3Orype,6vpyvi70JNqAJa9IqNx8qy,1.1093076868816503
6HrYi2gwKxrwEtZX3Orype,2oya2LiaY0kG9ULocwIoaw,1.1239176734486906
6HrYi2gwKxrwEtZX3Orype,2tUChcOi3ktjFzMYu2w5QL,1.1489980127418011
6HrYi2gwKxrwEtZX3Orype,2C6fzRAlaWOhKCOsn5a0Nk,1.1931037933591995
1mhhgEfuEGW0EwB6kNuzkk,2Uxnz7OTTYtgGrwjVcYRlG,0.4899430783614841
1mhhgEfuEGW0EwB6kNuzkk,3bCp61o3h46Yvr0vgMJlaL,0.7046534196167137
1mhhgEfuEGW0EwB6kNuzkk,7gbjLoVKE8FZr8jra24GIR,0.7975656326773275
1mhhgEfuEGW0EwB6kNuzkk,09obJ3DFME6R9uIZYPZxhG,1.038422861244889
1mhhgEfuEGW0EwB6kNuzkk,3UgiXDauVuj9HZKzFY8TBL,1.0555746887934703
1mhhgEfuEGW0EwB6kNuzkk,5ruzrDWcT0vuJIOMW7gMnW,1.0697015486790693
1mhhgEfuEGW0EwB6kNuzkk,0ZeKQudydO2uQJpfr6gNC8,1.0919402754805192
1mhhgEfuEGW0EwB6kNuzkk,0ICnFVjsMEQDIXKVKV9KZF,1.1168932680733803
1mhhgEfuEGW0EwB6kNuzkk,2RWFncSWZEhSRRifqiDNVV,1.1225374993384372
1mhhgEfuEGW0EwB6kNuzkk,3RoHAivw8gRyzlWDsvbFTB,1.1471977665074535
6qfnPUcs1Qba8eePYBPu8X,239SrBPZi0xs1OQZmedr6q,1.4521399920430196
6qfnPUcs1Qba8eePYBPu8X,3TLgxeugc8nOXkm04LG6Gh,1.631736413906627
6qfnPUcs1Qba8eePYBPu8X,3J5rWdL10nRlpP0TVXjhea,1.9920948049937715
6qfnPUcs1Qba8eePYBPu8X,5FccwnVjJbLIF2azQjCwyP,1.9980714129811334
6qfnPUcs1Qba8eePYBPu8X,6pAIDhDoB7k4bOsxbQjycO,2.0030859818545554
6qfnPUcs1Qba8eePYBPu8X,5T2iobXGYEI9TdrJ4Du6QN,2.03028396045437
6qfnPUcs1Qba8eePYBPu8X,1FlY15vdP570PJucy6JdYm,2.05302618453386
6qfnPUcs1Qba8eePYBPu8X,5yU9gNHwYeRrWmyRCTUUxv,2.0787251206448754
6qfnPUcs1Qba8eePYBPu8X,6t2gHlvw7kTK6M7M5f7S6K,2.1174147917275814
6qfnPUcs1Qba8eePYBPu8X,1Db4Qa67eYC7MxnCqFvRQj,2.1479806695469157
38G0crZCYBRSt0EbouSqRE,3kKb3U3a8jmUJQB9ypE1Jl,1.4592260422595182
38G0crZCYBRSt0EbouSqRE,2LMloFiV7DHpBhITOaBSam,1.851329620021409
38G0crZCYBRSt0EbouSqRE,6y4ySPeb68KGoAi1dk130F,2.089673777050464
38G0crZCYBRSt0EbouSqRE,6lnnaGN20kl0jEYJSxCgU9,2.185433903442498
38G0crZCYBRSt0EbouSqRE,5GKVcvTgnFYtfh25qKQtRg,2.2220900154184386
38G0crZCYBRSt0EbouSqRE,1SEZDfakTMMmUcHildSzsx,2.314350856355174
38G0crZCYBRSt0EbouSqRE,6TRYv8brfH12SfgV8lMraP,2.356220104793704
38G0crZCYBRSt0EbouSqRE,7eX5SypK35V8Y9d9pS6rWy,2.3763517402365237
38G0crZCYBRSt0EbouSqRE,6MXJQlaY0IcNjVDNYeYj8y,2.386163440150022
38G0crZCYBRSt0EbouSqRE,4IUgpL0CgSiloUOHzgd6Qe,2.4163478115932557
6apacvSkVWWtCxc68FBsZV,0EhYGqH7kjogumPfbKWh0t,0.7763281419228276
6apacvSkVWWtCxc68FBsZV,1ypx1v2k1cQFX0Vrda7nEl,0.9534353273419552
6apacvSkVWWtCxc68FBsZV,2sAwO9nafCv50ttjhI77a2,1.0082710556617123
6apacvSkVWWtCxc68FBsZV,6SP4AXgL3VCUTmdm7axe9C,1.1621374379866067
6apacvSkVWWtCxc68FBsZV,2zhL0n71GK0lhgDc83VT9A,1.1673709951082787
6apacvSkVWWtCxc68FBsZV,7qrvxjTqvXvaiGhnUfCOAB,1.1788673821215734
6apacvSkVWWtCxc68FBsZV,2FsrKLHO91CaT8vvY85DD6,1.180373762942025
6apacvSkVWWtCxc68FBsZV,0ZgMBZeFQC8Jja48NuDaSC,1.1953946316843895
6apacvSkVWWtCxc68FBsZV,2cZDlNMZOAwZygOvaBrJvn,1.2113688767874782
6apacvSkVWWtCxc68FBsZV,6tvlaXBPNl1bu7NZsbbn9R,1.2491384913650332
6IVXCSCTZOqUDDuGA5vUwH,68JioFRhzBZrpbON6KI6Zq,1.0291970735066225
6IVXCSCTZOqUDDuGA5vUwH,4S4qLTfC7kXxIMEB9xuGnw,1.1575095905989354
6IVXCSCTZOqUDDuGA5vUwH,5Cpk0Hg5KSUmm0BdyIkVVW,1.2120604816971083
6IVXCSCTZOqUDDuGA5vUwH,6LyA7ACKgmVyPfiuIwC5E0,1.2202232709503449
6IVXCSCTZOqUDDuGA5vUwH,7sJbCv83nl2S94j8ZJz2WP,1.2435696117969235
6IVXCSCTZOqUDDuGA5vUwH,34nDmYlzfXjBoiWl9XoCUU,1.32174120243144
6IVXCSCTZOqUDDuGA5vUwH,0Q5OUoMBRrbQIYb3TZnzQe,1.3329505723934159
6IVXCSCTZOqUDDuGA5vUwH,0CxXdYtBAWzE58Inc2Zius,1.4793525677752226
6IVXCSCTZOqUDDuGA5vUwH,1lZzyOyH9LSAWFjHKz9TT2,1.496518092049932
6IVXCSCTZOqUDDuGA5vUwH,7AtwQRLPdttsxcLM5tPL0t,1.5171281605659712
6Q3FXpvUNVHiWHU3xVMnQR,0UIrLwFq3cvTg5vBMmlfjp,0.5590169647227683
6Q3FXpvUNVHiWHU3xVMnQR,5nSdJRpyM8OkYOVGa5rlsw,0.6323379683416874
6Q3FXpvUNVHiWHU3xVMnQR,0EmYZZ8OqeALedVhijSjsg,0.7743889307551343
6Q3FXpvUNVHiWHU3xVMnQR,6IRzBP4gVoV4D2zHmocoWy,0.8052602010890778
6Q3FXpvUNVHiWHU3xVMnQR,02HdjmfXq1F2OsX6yPg86n,0.8212827848401131
6Q3FXpvUNVHiWHU3xVMnQR,2GOVk9VRBmLVEyHSdZYPEN,0.8539391441624938
6Q3FXpvUNVHiWHU3xVMnQR,6yQAwPJmFn0OBTKWOnQFfv,0.8680442198846058
6Q3FXpvUNVHiWHU3xVMnQR,1aOxOpH4AkGAd8OMrKjyNY,0.8754673040675501
6Q3FXpvUNVHiWHU3xVMnQR,4hQ6UGyWQIGJmHSo0J88JW,0.8774186318674873
6Q3FXpvUNVHiWHU3xVMnQR,0OGw7V8wAI6OsZIQ12JkTP,0.9073547582246758
7lltIP2aLYnEwbrKdYq0gb,2dDE3WCSj2cELFYO1IfECD,0.7212915081619492
7lltIP2aLYnEwbrKdYq0gb,3rTk7Ll8NRrd2jspBFtimV,1.1595614187101941
7lltIP2aLYnEwbrKdYq0gb,3mYCd23hPxJW5okSvMoy3x,1.1725263768811336
7lltIP2aLYnEwbrKdYq0gb,1yo3kUDbRC60FCroxINeJQ,1.178987471501776
7lltIP2aLYnEwbrKdYq0gb,3Msrp56q1eTLQaZFX06Qp3,1.24304506972839
7lltIP2aLYnEwbrKdYq0gb,5R3TXM4XqQYBZjMs7koHZT,1.270076143013092
7lltIP2aLYnEwbrKdYq0gb,2AJL5Z7SjjilD8fAFWp8uo,1.345342472104158
7lltIP2aLYnEwbrKdYq0gb,1zc9mfxeNZ6HiSxRzY7JIA,1.4699188303942672
7lltIP2aLYnEwbrKdYq0gb,08l9WKDuRyGeStQ9ojTlFh,1.6216174230455775
7lltIP2aLYnEwbrKdYq0gb,0dy6iXYIF0piirySAzCBwF,1.6430037000922126
0J1NpNoYYMuohXl4frq0aU,5zzfKibxNlJPWGkkhAGlLg,0.32651134577620056
0J1NpNoYYMuohXl4frq0aU,1XiEGQzAtcF1L1DwT7r1Pb,1.0468663073163804
0J1NpNoYYMuohXl4frq0aU,1rfPKTKzzDaz1lDjadZVqb,1.3625224026890248
0J1NpNoYYMuohXl4frq0aU,2eI1OQTaBJFwmQEEYfy9OU,1.5245691690460152
0J1NpNoYYMuohXl4frq0aU,4rtyV2gthc3k6D0rjcQJOR,1.564604348521262
0J1NpNoYYMuohXl4frq0aU,1erM5eAa42t5PizveNnsbY,1.6819489265811818
0J1NpNoYYMuohXl4frq0aU,22sno2Y45Ov3ixSl6fN9i8,1.7002776320322417
0J1NpNoYYMuohXl4frq0aU,4X91MJx5PaKwlYnnldv1OZ,1.8262379447917092
0J1NpNoYYMuohXl4frq0aU,2VAP7blVVE9odqmMyM6HFf,1.9041661447420228
0J1NpNoYYMuohXl4frq0aU,4nWxif1dt6FCg4GFZcPIbO,1.9158043801022864
47fOtKyt7VeUIer3SqgNOp,5ORJq9RvKIVGf1pVWWTUB7,0.9275462280383912
47fOtKyt7VeUIer3SqgNOp,2O2oWOUJM14dWhQNpkcSbD,1.3514701133200948
47fOtKyt7VeUIer3SqgNOp,3iOcbCxe0jW1XrlFb0rvj2,1.4975341374051332
47fOtKyt7VeUIer3SqgNOp,0p4D8tKBjpTqOpFhwxIXe1,1.52245899112762
47fOtKyt7VeUIer3SqgNOp,3uUuGVFu1V7jTQL60S1r8z,1.5811673345998707
47fOtKyt7VeUIer3SqgNOp,0bAuzGnpoaZFpfbAhEWjqO,1.5846886173812726
47fOtKyt7VeUIer3SqgNOp,6YNdQ5utvFnK4CTAnBga06,1.6193695790894624
47fOtKyt7VeUIer3SqgNOp,2YA5IfmQwAmVzHRP3SVnEd,1.641036145994213
47fOtKyt7VeUIer3SqgNOp,5wevFONYz7ox3Z5rrDJbkp,1.6647758544766833
47fOtKyt7VeUIer3SqgNOp,1leA0GHDe1eQBiRbOqAqIc,1.6743151938549254
37LMtqQkT9aEVZEedBJfw5,3Fqq8l8ToyiC9ZyHyxMxFo,0.6436878548581457
37LMtqQkT9aEVZEedBJfw5,2rbkwvwtdWpDwthWnTpJMj,0.7879553552343773
37LMtqQkT9aEVZEedBJfw5,5a8O0CAraAuR4iLZXg0s46,0.8999645241776456
37LMtqQkT9aEVZEedBJfw5,6tBt0o5KS4xYaC7aKd7RY0,0.9864784435267739
37LMtqQkT9aEVZEedBJfw5,25xhL1egtULWxHD5YDJ9XY,1.1777957642062726
37LMtqQkT9aEVZEedBJfw5,6GfqNqXkAofNOakU77MWEb,1.1931608458235925
37LMtqQkT9aEVZEedBJfw5,0kI4AfCbkK5MP2B7Xgh6kB,1.2051729368386275
37LMtqQkT9aEVZEedBJfw5,7FxxBNwN27gcqRjzSE6T9N,1.277577837767556
37LMtqQkT9aEVZEedBJfw5,2SLwPaJTN6B6zwcIwsuQAK,1.306902460204278
37LMtqQkT9aEVZEedBJfw5,4QX6kQ5616qedOdz8zrpYj,1.3380992202667576
3l1LcOxoXu7YfFKFkSSBeI,3bc6MVpDA0hm4DbuqD2r9C,0.5087551187808051
3l1LcOxoXu7YfFKFkSSBeI,0jve8lleettzqGktJTB9e2,0.6346609584956837
3l1LcOxoXu7YfFKFkSSBeI,2GOVk9VRBmLVEyHSdZYPEN,0.8470789857482753
3l1LcOxoXu7YfFKFkSSBeI,2oya2LiaY0kG9ULocwIoaw,0.8518484221125021
3l1LcOxoXu7YfFKFkSSBeI,22tot0Y6uKuWdAZnEQyB6g,0.8746132215474347
3l1LcOxoXu7YfFKFkSSBeI,2C6fzRAlaWOhKCOsn5a0Nk,0.9223490224661416
3l1LcOxoXu7YfFKFkSSBeI,5nSdJRpyM8OkYOVGa5rlsw,0.9408171792572239
3l1LcOxoXu7YfFKFkSSBeI,3z4XtoZVf8AOoR18Lnp7e1,0.9539279424404673
3l1LcOxoXu7YfFKFkSSBeI,54SQet8YMttOgTqDNGcGpe,0.9935186308583995
3l1LcOxoXu7YfFKFkSSBeI,36EVGjdLX0x5SlM1GaL6f0,1.0181020491758392
6F4w6yDhupUdnrx1U6AiUg,7AeKwxmlwwLFOF8D7M3Anb,0.8424420554298845
6F4w6yDhupUdnrx1U6AiUg,0jve8lleettzqGktJTB9e2,1.0534128684870798
6F4w6yDhupUdnrx1U6AiUg,5ee2y1hdrYRYlGzKfkQdBw,1.0617586692223373
6F4w6yDhupUdnrx1U6AiUg,03eIq0bpMhwR41b8ddQyQS,1.0728784714689281
6F4w6yDhupUdnrx1U6AiUg,2C6fzRAlaWOhKCOsn5a0Nk,1.0779154296101812
6F4w6yDhupUdnrx1U6AiUg,7xs1ksUAb2XswNWJjeyt7V,1.0863698715265813
6F4w6yDhupUdnrx1U6AiUg,7rVw4gyhclOgTIrFCtI3ZG,1.0945502611480065
6F4w6yDhupUdnrx1U6AiUg,37ZgsOy8t4vMnGtMExr6ah,1.1268737954687533
6F4w6yDhupUdnrx1U6AiUg,2VSGzQqy9nqJefcYGJNWst,1.1414148672604112
6F4w6yDhupUdnrx1U6AiUg,4hRr4NjbQvJlvmUKttEAqX,1.1489280097782093
0uukw2CgEIApv4IWAjXrBC,5ynCNwoLOOHoJU4N40m97V,0.7415659114216221
0uukw2CgEIApv4IWAjXrBC,2wqiV4aIMOosmQMqnLxXbA,0.7947282543806296
0uukw2CgEIApv4IWAjXrBC,43ueXmQ6KjITk0hKKOPOLA,0.8027157233965572
0uukw2CgEIApv4IWAjXrBC,5Cpk0Hg5KSUmm0BdyIkVVW,0.915308102464644
0uukw2CgEIApv4IWAjXrBC,58pYOqfeO87Uk8zPHuOGBu,0.9623658071601492
0uukw2CgEIApv4IWAjXrBC,0Q5OUoMBRrbQIYb3TZnzQe,0.9711641360257737
0uukw2CgEIApv4IWAjXrBC,1lZzyOyH9LSAWFjHKz9TT2,1.0327098567843649
0uukw2CgEIApv4IWAjXrBC,2gEh41XUP3vI7kAjlEO92n,1.0398522245492816
0uukw2CgEIApv4IWAjXrBC,0CxXdYtBAWzE58Inc2Zius,1.1325202443061295
0uukw2CgEIApv4IWAjXrBC,7t1UzsIKRBXXVdwJRIaDxn,1.2079795000335924
5A7HJmgaZU0buq4hpuqZ4Q,4vdg59Hg8I6u6MDkga5y2R,0.6543830744861658
5A7HJmgaZU0buq4hpuqZ4Q,2C6fzRAlaWOhKCOsn5a0Nk,1.0199418690470505
5A7HJmgaZU0buq4hpuqZ4Q,5jhIWm2hXdVQJaRDE9AGhW,1.0566366690314426
5A7HJmgaZU0buq4hpuqZ4Q,2oya2LiaY0kG9ULocwIoaw,1.0968718169793084
5A7HJmgaZU0buq4hpuqZ4Q,1wxw8BkVBHfBEiqm69rA48,1.1284264071631742
5A7HJmgaZU0buq4hpuqZ4Q,36EVGjdLX0x5SlM1GaL6f0,1.1548517091837769
5A7HJmgaZU0buq4hpuqZ4Q,7AeKwxmlwwLFOF8D7M3Anb,1.2065308694709715
5A7HJmgaZU0buq4hpuqZ4Q,4Z4ATORVrIp25FqUmtBb8r,1.2118467095377934
5A7HJmgaZU0buq4hpuqZ4Q,6HrYi2gwKxrwEtZX3Orype,1.21860477972314
5A7HJmgaZU0buq4hpuqZ4Q,09pr5CPnpXjEQKRqgI7ZnZ,1.222788329009945
1AdUK37moo4ba9vRJJ7zVp,0pZPObivxzE2M6AnzezZWH,1.3381864469091291
1AdUK37moo4ba9vRJJ7zVp,2bXI4Rbw1D7aVeHWLjn1Lb,1.340894196455487
1AdUK37moo4ba9vRJJ7zVp,0IFMbLUK5ttPmXyK16qUQu,1.402656461388181
1AdUK37moo4ba9vRJJ7zVp,2MTwDvHo3Mc8lKp7FeEHJJ,1.414766303374051
1AdUK37moo4ba9vRJJ7zVp,1UR0RbyH4bKoovDNnGd53G,1.431332429891607
1AdUK37moo4ba9vRJJ7zVp,041Xf2o8yDouqWCDKqkGuC,1.4975657413505912
1AdUK37moo4ba9vRJJ7zVp,77Jbr7aQyYsH20luHDn7iv,1.5460562318827116
1AdUK37moo4ba9vRJJ7zVp,7AW4g4I9fPfUIyqtbsuAkM,1.5804042728103325
1AdUK37moo4ba9vRJJ7zVp,3Dg6BUqz0IaTOEq4ySdhhQ,1.6561908121597173
1AdUK37moo4ba9vRJJ7zVp,2gNMXJDKRmKWuevBGjN8wo,1.657396533734822
79uspTY5GVI0EOBsnWAjxx,2SoHnESLR60erIgFi8zFFi,1.025981432130569
79uspTY5GVI0EOBsnWAjxx,45eEjffcfZfXgILWoY2tZw,1.1944892859037508
79uspTY5GVI0EOBsnWAjxx,0KpTFH1SzexN8SGc0GPILC,1.3398666750946624
79uspTY5GVI0EOBsnWAjxx,4YLv4bDhfubAu142fY8QN1,1.6239911771519346
79uspTY5GVI0EOBsnWAjxx,0zmrF4iO4zaaJKQ06Yb6GO,1.8886157484498705
79uspTY5GVI0EOBsnWAjxx,78rEtQ4KFBidvcEEiFomDT,1.9456495937799794
79uspTY5GVI0EOBsnWAjxx,5XiVCvi3bXYcFCRpRxk0p2,1.9925209561299504
79uspTY5GVI0EOBsnWAjxx,4rtyV2gthc3k6D0rjcQJOR,2.0672324323837423
79uspTY5GVI0EOBsnWAjxx,3ujzd7pcdAhILCnS3oGbaU,2.0691361827911456
79uspTY5GVI0EOBsnWAjxx,7GCfKBpY3l2n3LAhsqjBtO,2.1785931356987804
6hu4zxEVl8vhbZwDlqNqK6,2rbbJ2xZFJa2DriR5h0TBS,1.5986936814082573
6hu4zxEVl8vhbZwDlqNqK6,6DJKQqo9uQlSsQyITjDImC,1.8373910583443647
6hu4zxEVl8vhbZwDlqNqK6,3TgDMAVLGG3jM15i810cbu,1.839986859653598
6hu4zxEVl8vhbZwDlqNqK6,4k2iYdpCZYH3eQX2bVKOku,1.9526703844500748
6hu4zxEVl8vhbZwDlqNqK6,6zQyEMgmMkHXaNdLEiu7fW,2.0335666846749767
6hu4zxEVl8vhbZwDlqNqK6,2W6MQ9T5sIIN7b6i0IIjfu,2.037451876255411
6hu4zxEVl8vhbZwDlqNqK6,7rMB3EFvXYfXvkw7BBLoX1,2.1608337478665134
6hu4zxEVl8vhbZwDlqNqK6,10aDiDITMu33TQNqVR35iM,2.17270583176079
6hu4zxEVl8vhbZwDlqNqK6,5QvW5lK6mkfTegpAK9JOO7,2.196745405100759
6hu4zxEVl8vhbZwDlqNqK6,1UR0RbyH4bKoovDNnGd53G,2.202372418220762
0XE4aVvC1rOGaS9jLpgsfv,67al4eD0HtTYVqw1BLcF2d,1.2242682374881928
0XE4aVvC1rOGaS9jLpgsfv,2AJL5Z7SjjilD8fAFWp8uo,1.2813345388510782
0XE4aVvC1rOGaS9jLpgsfv,72Br67AOUPrirJtaMoXOUk,1.3103805920219447
0XE4aVvC1rOGaS9jLpgsfv,5R3TXM4XqQYBZjMs7koHZT,1.3221850355555418
0XE4aVvC1rOGaS9jLpgsfv,1yo3kUDbRC60FCroxINeJQ,1.542129145389806
0XE4aVvC1rOGaS9jLpgsfv,2HKTVg3VL4LULPp7F8SUQa,1.7065530617522953
0XE4aVvC1rOGaS9jLpgsfv,0WK1p8CduOKInJdZcjDy5A,1.7154088183695464
0XE4aVvC1rOGaS9jLpgsfv,0m3X8i1ggDvQOjtEL5CdV4,1.7401184777237835
0XE4aVvC1rOGaS9jLpgsfv,2IkCJvsnygJFSoZV8nhQoq,1.8340537228467235
0XE4aVvC1rOGaS9jLpgsfv,2dDE3WCSj2cELFYO1IfECD,1.8793487868664667
4f4NAym3a1cwDslRX39WAj,1KO29IUHcexH583hBewKof,1.2893998878320456
4f4NAym3a1cwDslRX39WAj,3r9eGg4SVPbhtiPTA9UkmK,1.3367104097924976
4f4NAym3a1cwDslRX39WAj,6CBr1ll9YnZJSPueJwtYrp,1.3554976066747706
4f4NAym3a1cwDslRX39WAj,0nBXAd6tU3ESx9rdyEjGbD,1.4636627191284663
4f4NAym3a1cwDslRX39WAj,0uI5SsM7gMEDD2emqmCsKA,1.6402432138190512
4f4NAym3a1cwDslRX39WAj,42OUnOczRtCTyPTqvBsHzW,1.7411215311719093
4f4NAym3a1cwDslRX39WAj,2KZXF3p2o5oNl4dYme5zhH,1.778590300676093
4f4NAym3a1cwDslRX39WAj,5Z4ZRi6fMaqM4gW3VrTxfk,1.7796635131509757
4f4NAym3a1cwDslRX39WAj,7bBEhjBUUHwkONgReD5xmB,1.7903795996450236
4f4NAym3a1cwDslRX39WAj,0l8p1TkaVgcwIUS0xwm6Y5,1.808092133533861
6mUHPv34FUMhYVlpytiwdp,0ct6r3EGTcMLPtrXHDvVjc,0.37607139095480396
6mUHPv34FUMhYVlpytiwdp,1DqAeuDzc5uUQeAggxmZk5,0.663185091845301
6mUHPv34FUMhYVlpytiwdp,2RWFncSWZEhSRRifqiDNVV,0.6691485205836049
6mUHPv34FUMhYVlpytiwdp,0j6zVHUhezcz02iLhmpy2e,0.7334163926203566
6mUHPv34FUMhYVlpytiwdp,0anw2y6ifCI7QS8Cj5Ph7x,0.7687697955084692
6mUHPv34FUMhYVlpytiwdp,2RsAajgo0g7bMCHxwH3Sk0,0.8219915793111328
6mUHPv34FUMhYVlpytiwdp,7oS2EnBWSHxzR2m6CxNJYA,0.9090641993440867
6mUHPv34FUMhYVlpytiwdp,2Uxnz7OTTYtgGrwjVcYRlG,0.9177008878766151
6mUHPv34FUMhYVlpytiwdp,6rSNgGImNmGPcosJiPLgzs,0.9584536862367191
6mUHPv34FUMhYVlpytiwdp,0UIrLwFq3cvTg5vBMmlfjp,0.9672476200238294
2sb6AZQLeoD3VgA4zglQB6,5Tw688qLFIieMBeD7wnEgw,0.8312913683874739
2sb6AZQLeoD3VgA4zglQB6,5zFgBVbfMdfo6kCKm5hD6t,0.9244939321924391
2sb6AZQLeoD3VgA4zglQB6,6tvlaXBPNl1bu7NZsbbn9R,1.1247695938537443
2sb6AZQLeoD3VgA4zglQB6,6VScORohpeHSfdLkPUZuZX,1.1398982646494238
2sb6AZQLeoD3VgA4zglQB6,5wpyfg3L9LKs64kJF6XiHF,1.1665536022100034
2sb6AZQLeoD3VgA4zglQB6,2FsrKLHO91CaT8vvY85DD6,1.189908056567591
2sb6AZQLeoD3VgA4zglQB6,3euQtj1nSUZsuOAAjH1LK8,1.2008426514323614
2sb6AZQLeoD3VgA4zglQB6,4nl4KMmBskw45osLZhlhk1,1.240399418995015
2sb6AZQLeoD3VgA4zglQB6,1JnHZagDFvrT2lx4QovSOo,1.2611967845229173
2sb6AZQLeoD3VgA4zglQB6,68Yx4cOTBvQkI7u5sHcZ0l,1.2693272373261042
36EVGjdLX0x5SlM1GaL6f0,4PdNeARTAYoZCwdhJninRq,0.4961303414885216
36EVGjdLX0x5SlM1GaL6f0,09pr5CPnpXjEQKRqgI7ZnZ,0.628858501521408
36EVGjdLX0x5SlM1GaL6f0,1wxw8BkVBHfBEiqm69rA48,0.7661857224261226
36EVGjdLX0x5SlM1GaL6f0,4hRr4NjbQvJlvmUKttEAqX,0.811756136374126
36EVGjdLX0x5SlM1GaL6f0,22tot0Y6uKuWdAZnEQyB6g,0.8188203087586412
36EVGjdLX0x5SlM1GaL6f0,0jve8lleettzqGktJTB9e2,0.8378635946452372
36EVGjdLX0x5SlM1GaL6f0,7kzKAuUzOITUauHAhoMoxA,0.8421968300843939
36EVGjdLX0x5SlM1GaL6f0,57v7M9jKRFP9NCP3J2ms9M,0.8603440289317696
36EVGjdLX0x5SlM1GaL6f0,2C6fzRAlaWOhKCOsn5a0Nk,0.8638830927995726
36EVGjdLX0x5SlM1GaL6f0,2sgpYwWVQAXWetqtO9Kh24,0.8942065314820695
4asON1CkiW73QaQSRrumH4,7IZ7SwZfnXMKKwMIGdE6o8,2.400351334376086
4asON1CkiW73QaQSRrumH4,75gWtvF9RJfVRbWD39cSuZ,2.4141431988221154
4asON1CkiW73QaQSRrumH4,5IXpJkpRvk97JoLMTitMPG,2.550144347611568
4asON1CkiW73QaQSRrumH4,2gCqYL6CgWs0ICgIoyJtkV,2.6153760636095127
4asON1CkiW73QaQSRrumH4,55ZOwV8VlGuI8f7wc4vofi,2.638210573227761
4asON1CkiW73QaQSRrumH4,6L9MB7o26MmvG6ST9TSOYa,2.648477743857656
4asON1CkiW73QaQSRrumH4,1SEZDfakTMMmUcHildSzsx,2.6713115456208945
4asON1CkiW73QaQSRrumH4,1WfaiA60QqqYIYMmd1IwLR,2.745947557399097
4asON1CkiW73QaQSRrumH4,0FlPKWNvl0ZJxQvw3UK3ja,2.8319284166543697
4asON1CkiW73QaQSRrumH4,4wNIVLMwvz1P4hjWBmyKqa,2.861360155364908
25xhL1egtULWxHD5YDJ9XY,0m4jVVZrsv0bLkAr1uM6UG,0.6904754855754791
25xhL1egtULWxHD5YDJ9XY,4mUiW3rsg9kicTIYwjwSsG,0.7980615775448386
25xhL1egtULWxHD5YDJ9XY,5jvwBfP3afteHaLNrPrUCN,0.7980615775448386
25xhL1egtULWxHD5YDJ9XY,6iYQCMnUucNMM9Frw2kreu,1.0021154556441365
25xhL1egtULWxHD5YDJ9XY,040wa7JKXeVWLjkVYHxtQe,1.0061529242557203
25xhL1egtULWxHD5YDJ9XY,3Fqq8l8ToyiC9ZyHyxMxFo,1.0071873850310382
25xhL1egtULWxHD5YDJ9XY,1VhGRC4yzcDFBM4yQSpUGg,1.050937923639088
25xhL1egtULWxHD5YDJ9XY,67cR7hkzHhFAdg1UzPM3Xz,1.0786143654528904
25xhL1egtULWxHD5YDJ9XY,12SNxpytVKahQ25nOTpbFX,1.1386024367410663
25xhL1egtULWxHD5YDJ9XY,0kI4AfCbkK5MP2B7Xgh6kB,1.1598006118294983
2Racq7HrXkYvF8w9zXvlTp,5ee2y1hdrYRYlGzKfkQdBw,0.7297492692937089
2Racq7HrXkYvF8w9zXvlTp,20McUFi8KCIVdNDLrkTDuZ,0.7801302809011391
2Racq7HrXkYvF8w9zXvlTp,5xde0qUR1uUmH8ZVOqoPRo,0.8527667141658721
2Racq7HrXkYvF8w9zXvlTp,78cj9M7Ax1yDruYM5QeG39,0.9158924490297388
2Racq7HrXkYvF8w9zXvlTp,5nSdJRpyM8OkYOVGa5rlsw,0.9541665412566499
2Racq7HrXkYvF8w9zXvlTp,7xs1ksUAb2XswNWJjeyt7V,0.9696261090819043
2Racq7HrXkYvF8w9zXvlTp,2VSGzQqy9nqJefcYGJNWst,1.0044170695891619
2Racq7HrXkYvF8w9zXvlTp,2YG0kV3M9JNde63YtelgUt,1.0308308402186994
2Racq7HrXkYvF8w9zXvlTp,3CRT6IQTfsEZjiXfZ49g9w,1.051697476378082
2Racq7HrXkYvF8w9zXvlTp,45FR60U6pxNbiQkA8BOhBD,1.0967430369035538
1XLe4yeCt8cFemyxnICcZN,37nppJzOgypngu1szTRD06,0.6748414710352829
1XLe4yeCt8cFemyxnICcZN,6ZRwn9JqdtRQyrHT0tKIgy,0.7038230647659782
1XLe4yeCt8cFemyxnICcZN,1nBDeSiqD2z1ofv9hEttfi,0.9085782267730599
1XLe4yeCt8cFemyxnICcZN,1yTZAe3F0X7BUpxbj8iMwH,1.0100724031766082
1XLe4yeCt8cFemyxnICcZN,3dRjPo78q6rb7vaRElKNRl,1.0707052629675646
1XLe4yeCt8cFemyxnICcZN,1Zd1Y1UeG8PB5fDSgKQaH6,1.262981936473717
1XLe4yeCt8cFemyxnICcZN,1VEO3XUn4W2dCCB0mCA5DG,1.278098933566189
1XLe4yeCt8cFemyxnICcZN,6ekLy1OsrYdLMbcqc0KZ8G,1.2811751729250784
1XLe4yeCt8cFemyxnICcZN,4MpYL0NBKcz41y2TW3UCW8,1.2911178111213821
1XLe4yeCt8cFemyxnICcZN,7LihoPgTF9hnxMh9lRTNkA,1.4224613720934212
1HrKC8HlC5gTsLVYYbVVop,59D6U4erIjSUoUrXM82edy,1.3856124815010025
1HrKC8HlC5gTsLVYYbVVop,5OSpHOjCFDWRY67fJFZ1ZQ,1.4576725817333447
1HrKC8HlC5gTsLVYYbVVop,2wo4Pc7bsWb5rJpG3pESt3,1.6296475129376071
1HrKC8HlC5gTsLVYYbVVop,5Dj4dtQ0HXxvKRdzqELup0,1.6727955974759514
1HrKC8HlC5gTsLVYYbVVop,0PPIpnwOzCZMUaGiHbAEqc,1.6810478741854413
1HrKC8HlC5gTsLVYYbVVop,4zLtcR5Hfm80fSqogapUEc,1.701303245121471
1HrKC8HlC5gTsLVYYbVVop,5uCidx258qlEgnaj895hbm,1.703179241960251
1HrKC8HlC5gTsLVYYbVVop,1fGKZqyPR0fHLpXOlMLFvp,1.8241362945874133
1HrKC8HlC5gTsLVYYbVVop,42r0LZ9g8gq4afWztSw54k,1.8258255216614112
1HrKC8HlC5gTsLVYYbVVop,0q7LR23IYycIYTUJuTrQiF,1.8627699960032027
293xyTq2gy7G5PFaMeBbmd,7GCfKBpY3l2n3LAhsqjBtO,1.187011887330377
293xyTq2gy7G5PFaMeBbmd,0XmvrI2Fczr9zkvgQvqeNx,1.69576811836112
293xyTq2gy7G5PFaMeBbmd,45eEjffcfZfXgILWoY2tZw,1.9431479925767507
293xyTq2gy7G5PFaMeBbmd,0zmrF4iO4zaaJKQ06Yb6GO,1.9828602595352491
293xyTq2gy7G5PFaMeBbmd,3TeGnh9c51Du7BHtRkOeS6,1.9927846881947153
293xyTq2gy7G5PFaMeBbmd,42r0LZ9g8gq4afWztSw54k,2.043182068717432
293xyTq2gy7G5PFaMeBbmd,34vrK3lgywolG3SVyglWax,2.067921038482326
293xyTq2gy7G5PFaMeBbmd,0ggkHZbFGmofl9743xx6JO,2.0865769571245947
293xyTq2gy7G5PFaMeBbmd,3pmYp7wfaDfr5OwHoxAR9K,2.09806058521197
293xyTq2gy7G5PFaMeBbmd,4rtyV2gthc3k6D0rjcQJOR,2.1380424751493026
5my3f3dMZENvUwAXYVQNmO,1RtoOw5CS2PBcVG8A783Q0,0.8887707612202667
5my3f3dMZENvUwAXYVQNmO,7nZu5xIQlEceMFpfQbjK1P,0.9973546264002611
5my3f3dMZENvUwAXYVQNmO,43ZA173zlPZnKN3YSjrzHU,1.0216423412077928
5my3f3dMZENvUwAXYVQNmO,0sXJUHfwsocaJaLM5osoWX,1.0313260984649255
5my3f3dMZENvUwAXYVQNmO,43nB4BTmfrOZ80QYrD3Ap2,1.2121518854238027
5my3f3dMZENvUwAXYVQNmO,5PAKAKbcx1gqEoiLZIS6ec,1.234694290920815
5my3f3dMZENvUwAXYVQNmO,42OUnOczRtCTyPTqvBsHzW,1.308898706251775
5my3f3dMZENvUwAXYVQNmO,7GwYyLNFyAsSsmt2aa0z6u,1.3409388315613766
5my3f3dMZENvUwAXYVQNmO,2JAUBPBVkimRLc5BGhAkfJ,1.3696955689669892
5my3f3dMZENvUwAXYVQNmO,3XXTR1PxuCslxeQCpRHpmW,1.380775447619548
0obvnPQaTe8fRAQHWyOWBv,3Dg6BUqz0IaTOEq4ySdhhQ,1.5636425681808321
0obvnPQaTe8fRAQHWyOWBv,3y8doSsikONxr7FMYCt41C,1.6189156706016168
0obvnPQaTe8fRAQHWyOWBv,5sJCZacFx35j9g7lAaYTmg,1.7893667384987078
0obvnPQaTe8fRAQHWyOWBv,7HM1onSgR6op93vH7jNTV5,1.8622320768586818
0obvnPQaTe8fRAQHWyOWBv,07R7LVnlKmNqNI7BA4K2ld,1.8655618794751012
0obvnPQaTe8fRAQHWyOWBv,7n5Jcqw85WSfJHrMXsk5N2,1.9649863567766348
0obvnPQaTe8fRAQHWyOWBv,2QZHLFuN2hW8eaTTILNSEC,1.98089015278499
0obvnPQaTe8fRAQHWyOWBv,12DuRrlFSqJyAtfN0YauMz,2.027624439139671
0obvnPQaTe8fRAQHWyOWBv,2sKchp54KqDz6jPofHZ66t,2.0537579323310853
0obvnPQaTe8fRAQHWyOWBv,10aDiDITMu33TQNqVR35iM,2.058157621324635
4yDFEglGw2yP0jvrqCTgfM,5T2iobXGYEI9TdrJ4Du6QN,1.2107297608986427
4yDFEglGw2yP0jvrqCTgfM,0dcNLhcMbcFd1eduLDNuNT,1.2283880393840794
4yDFEglGw2yP0jvrqCTgfM,5gBkapKElcmuRuw6lQGYlZ,1.3054429181133573
4yDFEglGw2yP0jvrqCTgfM,55ZOwV8VlGuI8f7wc4vofi,1.4752292543723906
4yDFEglGw2yP0jvrqCTgfM,5FccwnVjJbLIF2azQjCwyP,1.4849606435075977
4yDFEglGw2yP0jvrqCTgfM,3lO1WB5qXgjviQc0KF6ZTb,1.5168012475238508
4yDFEglGw2yP0jvrqCTgfM,1VtPE3YY4Uc9KCaQATcVJh,1.6707589695834244
4yDFEglGw2yP0jvrqCTgfM,4j6P3mLiZRfNPGFIQlq9vX,1.7275062367022949
4yDFEglGw2yP0jvrqCTgfM,6ry0z6yotxEiqsxoKHpYBO,1.7376194822759032
4yDFEglGw2yP0jvrqCTgfM,6ekLy1OsrYdLMbcqc0KZ8G,1.7469054392581602
3hzxBcOpm0wmr6YDD1EPq5,6yQAwPJmFn0OBTKWOnQFfv,0.6629320281445832
3hzxBcOpm0wmr6YDD1EPq5,1aOxOpH4AkGAd8OMrKjyNY,0.7825474987769542
3hzxBcOpm0wmr6YDD1EPq5,4DHkzbZSWxsCsvRoEzr28A,0.7896732134026848
3hzxBcOpm0wmr6YDD1EPq5,06Q3gof2rs8ErXzBrW1aVg,0.8986553928236962
3hzxBcOpm0wmr6YDD1EPq5,3ZffCQKLFLUvYM59XKLbVm,0.9118155369111894
3hzxBcOpm0wmr6YDD1EPq5,2QxzpDE6uQPy17dhBTQgpu,0.9424825674655151
3hzxBcOpm0wmr6YDD1EPq5,7t1UzsIKRBXXVdwJRIaDxn,0.9540170955872187
3hzxBcOpm0wmr6YDD1EPq5,4CVOUJki8YUWol3jhLphgs,1.0806408456309373
3hzxBcOpm0wmr6YDD1EPq5,1GxXPNNkNymHPn6yTgWPxu,1.0902734930714229
3hzxBcOpm0wmr6YDD1EPq5,6IRzBP4gVoV4D2zHmocoWy,1.0977429331112378
6EHw6eo7BwCiBDUro7YNdp,0H9T97wS2k3bk1JcyOlrrN,1.586326149726858
6EHw6eo7BwCiBDUro7YNdp,2CuUB5MbfRShtunR8g5hjR,1.6115149966454456
6EHw6eo7BwCiBDUro7YNdp,3Y4rUyw7XBCK6hGHCOt6rp,1.620929002697148
6EHw6eo7BwCiBDUro7YNdp,6VScORohpeHSfdLkPUZuZX,1.6781031887947717
6EHw6eo7BwCiBDUro7YNdp,4G9X7CZFiwfG2P99sIaaK2,1.7176885570882041
6EHw6eo7BwCiBDUro7YNdp,19gCnDoMbugHhF7eMpLpe1,1.7401446831875385
6EHw6eo7BwCiBDUro7YNdp,4FqirD1KsDyNukowu8TWhX,1.7849052166728934
6EHw6eo7BwCiBDUro7YNdp,5zFgBVbfMdfo6kCKm5hD6t,1.8326696001839344
6EHw6eo7BwCiBDUro7YNdp,5Tw688qLFIieMBeD7wnEgw,1.8595095654296936
6EHw6eo7BwCiBDUro7YNdp,3XXTR1PxuCslxeQCpRHpmW,1.8615363238612685
2gCqYL6CgWs0ICgIoyJtkV,6L9MB7o26MmvG6ST9TSOYa,0.4829527934758465
2gCqYL6CgWs0ICgIoyJtkV,1WfaiA60QqqYIYMmd1IwLR,0.9481540271065452
2gCqYL6CgWs0ICgIoyJtkV,1D6sRVegPTdQQj9ScxngtR,1.000831738495591
2gCqYL6CgWs0ICgIoyJtkV,1WqKCdqgzthIO1MpBq76Bv,1.3220012319401044
2gCqYL6CgWs0ICgIoyJtkV,68xC2JQSgK9L43IkW7UvNT,1.4518656628676914
2gCqYL6CgWs0ICgIoyJtkV,2FwKDwQyIKK1YgLAg9wjnV,1.4734407274067913
2gCqYL6CgWs0ICgIoyJtkV,6bWSlgj7GqYXsorKurrxTJ,1.6476105421967717
2gCqYL6CgWs0ICgIoyJtkV,4wNIVLMwvz1P4hjWBmyKqa,1.678421595503454
2gCqYL6CgWs0ICgIoyJtkV,6onFDeU84yMtLmYfTlHkoI,1.678888510988886
2gCqYL6CgWs0ICgIoyJtkV,4HKFF8kQupjxkx0SKxcPPZ,1.9252936601137272
34vrK3lgywolG3SVyglWax,0XmvrI2Fczr9zkvgQvqeNx,1.0290320925793717
34vrK3lgywolG3SVyglWax,7GCfKBpY3l2n3LAhsqjBtO,1.9713755368782622
34vrK3lgywolG3SVyglWax,293xyTq2gy7G5PFaMeBbmd,2.067921038482326
34vrK3lgywolG3SVyglWax,3pmYp7wfaDfr5OwHoxAR9K,2.088581567899577
34vrK3lgywolG3SVyglWax,0ggkHZbFGmofl9743xx6JO,2.116273224503433
34vrK3lgywolG3SVyglWax,0bjsMl6oNTuvem3dvX2tDs,2.3847223545674354
34vrK3lgywolG3SVyglWax,3TeGnh9c51Du7BHtRkOeS6,2.464026020138417
34vrK3lgywolG3SVyglWax,42r0LZ9g8gq4afWztSw54k,2.574798703889534
34vrK3lgywolG3SVyglWax,1eK9FbqhWUoolfJdiQtKaO,2.5900839477559545
34vrK3lgywolG3SVyglWax,5Dj4dtQ0HXxvKRdzqELup0,2.596917415607296
2kx5sQgmjYug0GiDh1a4sU,0ZgMBZeFQC8Jja48NuDaSC,0.74209789851725
2kx5sQgmjYug0GiDh1a4sU,2n0U2OG5d6TuW5mKx7YrC0,0.8375000941187455
2kx5sQgmjYug0GiDh1a4sU,0Id7swY6cWbvYLtVVF0wvq,0.9344860060305946
2kx5sQgmjYug0GiDh1a4sU,32Dc90Bn6NCKMPmdfprhFq,1.0207271014811576
2kx5sQgmjYug0GiDh1a4sU,7GkHIsnziYgk6j1lx2TK6H,1.031483721904589
2kx5sQgmjYug0GiDh1a4sU,1zx6GSqLYI2ynzAHnPRKBR,1.0802036176449183
2kx5sQgmjYug0GiDh1a4sU,0ud4VAfTH1AOb904kWOTzJ,1.1553334066743162
2kx5sQgmjYug0GiDh1a4sU,4oOmRoG2lWjv6COrTT8Z28,1.1558492440153532
2kx5sQgmjYug0GiDh1a4sU,6SP4AXgL3VCUTmdm7axe9C,1.2032197832155402
2kx5sQgmjYug0GiDh1a4sU,1ypx1v2k1cQFX0Vrda7nEl,1.2525005358086976
6YNdQ5utvFnK4CTAnBga06,3iOcbCxe0jW1XrlFb0rvj2,0.5652083453363096
6YNdQ5utvFnK4CTAnBga06,71wciO7F9Ro8J4vq1lvfru,0.5822068088972565
6YNdQ5utvFnK4CTAnBga06,0D3J5hfXcaQLeMmZVxD4S7,0.6199855139287568
6YNdQ5utvFnK4CTAnBga06,2YA5IfmQwAmVzHRP3SVnEd,0.7455431421594446
6YNdQ5utvFnK4CTAnBga06,48RAUxA6ZlqIuM4pON0GVC,0.8639550853832231
6YNdQ5utvFnK4CTAnBga06,4dk12UlAYNruc5pwHEXncR,0.8722643241311003
6YNdQ5utvFnK4CTAnBga06,2O2oWOUJM14dWhQNpkcSbD,0.8844729742269483
6YNdQ5utvFnK4CTAnBga06,0wUxh6XMc698xPCfgBaPRV,0.9330039651207059
6YNdQ5utvFnK4CTAnBga06,3O3lsUYkkrolKZEfH4pTQn,0.936818847206803
6YNdQ5utvFnK4CTAnBga06,0p4D8tKBjpTqOpFhwxIXe1,0.9534234594402996
3DnYVJJH3H6P7Svy4x2DYT,3Dk2StRqlP3JmXIY4aWyvA,0.7232431636926009
3DnYVJJH3H6P7Svy4x2DYT,0yxEJfni0yeoBgtPeiox24,0.9320552912317503
3DnYVJJH3H6P7Svy4x2DYT,3yuCAw61jqfyv2KzMoVdXA,1.043046261965681
3DnYVJJH3H6P7Svy4x2DYT,31leo5SqxFz5BndXp3HKqw,1.2834546201188226
3DnYVJJH3H6P7Svy4x2DYT,2UcUL4jytfVpW0jSXi3Ggi,1.5971415507133704
3DnYVJJH3H6P7Svy4x2DYT,7KnFT8NQPRYtWOZXhWcGGZ,1.9298101368979785
3DnYVJJH3H6P7Svy4x2DYT,4wNIVLMwvz1P4hjWBmyKqa,2.0148883733223957
3DnYVJJH3H6P7Svy4x2DYT,2sf4TXYzqSRdxfwu5auS6r,2.0971235157442267
3DnYVJJH3H6P7Svy4x2DYT,46tzAJhfSl7teg1aXgg0fR,2.31033436164397
3DnYVJJH3H6P7Svy4x2DYT,68xC2JQSgK9L43IkW7UvNT,2.32656804204316
1eK9FbqhWUoolfJdiQtKaO,5XiVCvi3bXYcFCRpRxk0p2,1.4567215859291425
1eK9FbqhWUoolfJdiQtKaO,0bjsMl6oNTuvem3dvX2tDs,1.6579520088681836
1eK9FbqhWUoolfJdiQtKaO,2WHlwCAZB6hLFsrXffOmxx,1.6729542802619237
1eK9FbqhWUoolfJdiQtKaO,4f4NAym3a1cwDslRX39WAj,1.9283589591147883
1eK9FbqhWUoolfJdiQtKaO,7GdmthJKzEggNQqkREPLDY,2.0499336897367515
1eK9FbqhWUoolfJdiQtKaO,0nBXAd6tU3ESx9rdyEjGbD,2.122125859563293
1eK9FbqhWUoolfJdiQtKaO,5bBt3WYHKsMVfbGhAPuQHF,2.1597170393891387
1eK9FbqhWUoolfJdiQtKaO,3fjhdbUop7FSLTyD8wHMD2,2.366910031105742
1eK9FbqhWUoolfJdiQtKaO,0zmrF4iO4zaaJKQ06Yb6GO,2.4326385970486735
1eK9FbqhWUoolfJdiQtKaO,3AP4xOuOQe6KeAeubj3qlF,2.4455532419791703
3z4XtoZVf8AOoR18Lnp7e1,54SQet8YMttOgTqDNGcGpe,0.7574891646107308
3z4XtoZVf8AOoR18Lnp7e1,2C6fzRAlaWOhKCOsn5a0Nk,0.8166468195416454
3z4XtoZVf8AOoR18Lnp7e1,6vpyvi70JNqAJa9IqNx8qy,0.8557303886218123
3z4XtoZVf8AOoR18Lnp7e1,2oya2LiaY0kG9ULocwIoaw,0.8994167151068789
3z4XtoZVf8AOoR18Lnp7e1,3l1LcOxoXu7YfFKFkSSBeI,0.9539279424404673
3z4XtoZVf8AOoR18Lnp7e1,60Cohjy8lgh1jIkTpGz9S1,0.9966955459946928
3z4XtoZVf8AOoR18Lnp7e1,3bc6MVpDA0hm4DbuqD2r9C,1.0201509389565184
3z4XtoZVf8AOoR18Lnp7e1,1c2vVx6knoiZHXbJJ9Mk8L,1.0376137044471594
3z4XtoZVf8AOoR18Lnp7e1,3QgInVIXkrZDRVQfuKUxSm,1.0394712087671778
3z4XtoZVf8AOoR18Lnp7e1,1kG7gfH4HDUlDht0VZYkiP,1.043597166489105
7GwYyLNFyAsSsmt2aa0z6u,43ZA173zlPZnKN3YSjrzHU,0.8557496544612022
7GwYyLNFyAsSsmt2aa0z6u,6DXazvidTcZ7Nx78cm5hZE,0.9306987507523203
7GwYyLNFyAsSsmt2aa0z6u,2EuRnXkQ1X97VNY3NfSqay,0.9823874019724269
7GwYyLNFyAsSsmt2aa0z6u,6SbLvxG1S5LKhbE3yaNSKi,1.0572346379029356
7GwYyLNFyAsSsmt2aa0z6u,5D6d1DFXMkjUZYoEUf9BAt,1.0872490859370885
7GwYyLNFyAsSsmt2aa0z6u,5PAKAKbcx1gqEoiLZIS6ec,1.1031927666024737
7GwYyLNFyAsSsmt2aa0z6u,2JAUBPBVkimRLc5BGhAkfJ,1.1114130504200734
7GwYyLNFyAsSsmt2aa0z6u,3euQtj1nSUZsuOAAjH1LK8,1.1723346439168765
7GwYyLNFyAsSsmt2aa0z6u,43nB4BTmfrOZ80QYrD3Ap2,1.187853751562016
7GwYyLNFyAsSsmt2aa0z6u,7oHDdgBGhiglCDWsJBCa1R,1.1907018894822685
0U7SRbyBhkdXdulXr3veKQ,7xs1ksUAb2XswNWJjeyt7V,0.5581523463754993
0U7SRbyBhkdXdulXr3veKQ,5xde0qUR1uUmH8ZVOqoPRo,0.8421451446423011
0U7SRbyBhkdXdulXr3veKQ,78cj9M7Ax1yDruYM5QeG39,0.8630438500719458
0U7SRbyBhkdXdulXr3veKQ,6vpyvi70JNqAJa9IqNx8qy,0.9370536869155354
0U7SRbyBhkdXdulXr3veKQ,54SQet8YMttOgTqDNGcGpe,0.9603812432055416
0U7SRbyBhkdXdulXr3veKQ,37ZgsOy8t4vMnGtMExr6ah,0.9845807200377841
0U7SRbyBhkdXdulXr3veKQ,4MNXKskyfqES2LAlbrrRbV,0.989281727402527
0U7SRbyBhkdXdulXr3veKQ,4sNG6zQBmtq7M8aeeKJRMQ,1.0264348389468352
0U7SRbyBhkdXdulXr3veKQ,2VSGzQqy9nqJefcYGJNWst,1.0349934837375143
0U7SRbyBhkdXdulXr3veKQ,7rVw4gyhclOgTIrFCtI3ZG,1.0447979797420914
1pIMxRddmCGalHnRbLFkWg,3kUYO8UMNxuOCPuERmQYKa,0.7838772231135807
1pIMxRddmCGalHnRbLFkWg,0QAelR36l8kKZjccUbJ6ah,0.7854434665055932
1pIMxRddmCGalHnRbLFkWg,6GfqNqXkAofNOakU77MWEb,0.9368073764214904
1pIMxRddmCGalHnRbLFkWg,4hQ6UGyWQIGJmHSo0J88JW,0.9481158952772909
1pIMxRddmCGalHnRbLFkWg,6kls8cSlUyHW2BUOkDJIZE,0.986214524995947
1pIMxRddmCGalHnRbLFkWg,0BZagFWMAL33p7y6HsL3jT,1.117883366731525
1pIMxRddmCGalHnRbLFkWg,2Tv4NhYavSni05V7IIT17w,1.1265038449175984
1pIMxRddmCGalHnRbLFkWg,5H3JW2JiQG432dldneCyW1,1.1342039414519627
1pIMxRddmCGalHnRbLFkWg,3q5Ze7QksOVd2ES9YzdfsE,1.1593516142708005
1pIMxRddmCGalHnRbLFkWg,0xdYzkbBBfTevSyOJqWUSX,1.1610712327419028
4fhLBWSTK9UeGiDQST7bxP,1zZLRpTzRTqPQ7G7uxYI9Y,0.8224421851257967
4fhLBWSTK9UeGiDQST7bxP,5a8O0CAraAuR4iLZXg0s46,1.0153098072065903
4fhLBWSTK9UeGiDQST7bxP,4YXKKnIZuk7UtXH5oC0ffa,1.0577291811194358
4fhLBWSTK9UeGiDQST7bxP,5j8cflZIx0GwvlkzPImbtK,1.0750045548507525
4fhLBWSTK9UeGiDQST7bxP,3NtC3kB57EmY8FXziu8KOn,1.081256434272381
4fhLBWSTK9UeGiDQST7bxP,1nvbESS1keAEEVL7SJjSH4,1.2698824841042144
4fhLBWSTK9UeGiDQST7bxP,0apq2ENNMlYg9Os1osfJ3Y,1.272969543363154
4fhLBWSTK9UeGiDQST7bxP,5xde0qUR1uUmH8ZVOqoPRo,1.2927384524282863
4fhLBWSTK9UeGiDQST7bxP,3ZcLmonVVD1MTQtmQb8yf3,1.3158473371609576
4fhLBWSTK9UeGiDQST7bxP,3YLBzcPdr3obwR4tqOJEyv,1.3620349867241623
2sASx6Cz5mYm0xPrKiD8gZ,0anw2y6ifCI7QS8Cj5Ph7x,0.5694136743606356
2sASx6Cz5mYm0xPrKiD8gZ,0ct6r3EGTcMLPtrXHDvVjc,0.9566112381033155
2sASx6Cz5mYm0xPrKiD8gZ,7kzKAuUzOITUauHAhoMoxA,0.9888160921513044
2sASx6Cz5mYm0xPrKiD8gZ,2RWFncSWZEhSRRifqiDNVV,1.0363488374715608
2sASx6Cz5mYm0xPrKiD8gZ,7kljF41HGcnuU4tBRQ8d6k,1.0380796538600103
2sASx6Cz5mYm0xPrKiD8gZ,1JfcfNnW1pfsaYdqO6Vrkn,1.0468455164657162
2sASx6Cz5mYm0xPrKiD8gZ,6mUHPv34FUMhYVlpytiwdp,1.0545229210969842
2sASx6Cz5mYm0xPrKiD8gZ,4xHA5RyRlbVeT2sDslkczq,1.0835450611089203
2sASx6Cz5mYm0xPrKiD8gZ,7b1XzNeXhfwGNJWE6gHFRz,1.0865344932558845
2sASx6Cz5mYm0xPrKiD8gZ,4rS66iKCLms3yumMYACKwJ,1.0912166810276573
0wUxh6XMc698xPCfgBaPRV,4DHkzbZSWxsCsvRoEzr28A,0.6708014753445888
0wUxh6XMc698xPCfgBaPRV,3O3lsUYkkrolKZEfH4pTQn,0.8094389877399332
0wUxh6XMc698xPCfgBaPRV,3ZffCQKLFLUvYM59XKLbVm,0.8609062611246859
0wUxh6XMc698xPCfgBaPRV,1aOxOpH4AkGAd8OMrKjyNY,0.8610069657569993
0wUxh6XMc698xPCfgBaPRV,0elH6ukMGLyCHJavHutEza,0.8659996290976906
0wUxh6XMc698xPCfgBaPRV,5H3JW2JiQG432dldneCyW1,0.9214055423117661
0wUxh6XMc698xPCfgBaPRV,6YNdQ5utvFnK4CTAnBga06,0.9330039651207059
0wUxh6XMc698xPCfgBaPRV,5bFuHlXKw66Uu2cHKn5bf8,0.9878148289826678
0wUxh6XMc698xPCfgBaPRV,4jVu0QPK9BVeNgAmfvkocn,0.9951855568678736
0wUxh6XMc698xPCfgBaPRV,7nMBN3eKuRfcQGEnzDeNKP,1.0147110429863395
6rSNgGImNmGPcosJiPLgzs,2RWFncSWZEhSRRifqiDNVV,0.9001901089490837
6rSNgGImNmGPcosJiPLgzs,6mUHPv34FUMhYVlpytiwdp,0.9584536862367191
6rSNgGImNmGPcosJiPLgzs,0ct6r3EGTcMLPtrXHDvVjc,0.9878660225059119
6rSNgGImNmGPcosJiPLgzs,3Hg1OJWwiNeKWX7suTNJ1Y,0.9904307184735823
6rSNgGImNmGPcosJiPLgzs,3bCp61o3h46Yvr0vgMJlaL,0.9943406891172251
6rSNgGImNmGPcosJiPLgzs,7xuu4ByQkm8qhnwJQk994r,1.0028570968541006
6rSNgGImNmGPcosJiPLgzs,7oS2EnBWSHxzR2m6CxNJYA,1.0136959727797812
6rSNgGImNmGPcosJiPLgzs,0BFWUoOu91FcOEtpTdWFrN,1.0613123470121655
6rSNgGImNmGPcosJiPLgzs,0qwU4qCtm3aUqcAUISMhMz,1.0837935956510796
6rSNgGImNmGPcosJiPLgzs,0jNRJBmHgJDOmiIvk10J9C,1.1024023042045945
0Id7swY6cWbvYLtVVF0wvq,0ZgMBZeFQC8Jja48NuDaSC,0.701548027108459
0Id7swY6cWbvYLtVVF0wvq,1ypx1v2k1cQFX0Vrda7nEl,0.7483427189908176
0Id7swY6cWbvYLtVVF0wvq,1zx6GSqLYI2ynzAHnPRKBR,0.8700289139071135
0Id7swY6cWbvYLtVVF0wvq,2kx5sQgmjYug0GiDh1a4sU,0.9344860060305946
0Id7swY6cWbvYLtVVF0wvq,5Z4ZRi6fMaqM4gW3VrTxfk,0.965423944046697
0Id7swY6cWbvYLtVVF0wvq,2n0U2OG5d6TuW5mKx7YrC0,1.0370801950525899
0Id7swY6cWbvYLtVVF0wvq,32Dc90Bn6NCKMPmdfprhFq,1.0759778904837176
0Id7swY6cWbvYLtVVF0wvq,52UDFFwUueOBfJ2vB5BqRr,1.0881200267774496
0Id7swY6cWbvYLtVVF0wvq,0d1PUwvlNvCKfypNaaKJoz,1.1395787770506014
0Id7swY6cWbvYLtVVF0wvq,4nbILrYODP667b3d66ZMzI,1.1742583082200684
0EhYGqH7kjogumPfbKWh0t,2zhL0n71GK0lhgDc83VT9A,0.7060313106421877
0EhYGqH7kjogumPfbKWh0t,6apacvSkVWWtCxc68FBsZV,0.7763281419228276
0EhYGqH7kjogumPfbKWh0t,2sAwO9nafCv50ttjhI77a2,0.9530617457662663
0EhYGqH7kjogumPfbKWh0t,0bxBXbMWl45I6GrA7yleeP,1.059454603543653
0EhYGqH7kjogumPfbKWh0t,0Fzt24jmCa6G0ED7pW3IM1,1.1452261979413378
0EhYGqH7kjogumPfbKWh0t,1ypx1v2k1cQFX0Vrda7nEl,1.1647266566957069
0EhYGqH7kjogumPfbKWh0t,6tvlaXBPNl1bu7NZsbbn9R,1.1648344110826057
0EhYGqH7kjogumPfbKWh0t,2cZDlNMZOAwZygOvaBrJvn,1.2025683478396916
0EhYGqH7kjogumPfbKWh0t,7qrvxjTqvXvaiGhnUfCOAB,1.342009495365773
0EhYGqH7kjogumPfbKWh0t,4nbILrYODP667b3d66ZMzI,1.3752020075977835
6ecXZdsvfOQjjQcVNs4WkN,4zLtcR5Hfm80fSqogapUEc,1.0650123097705424
6ecXZdsvfOQjjQcVNs4WkN,4rS66iKCLms3yumMYACKwJ,1.10933886758058
6ecXZdsvfOQjjQcVNs4WkN,3G4GIs0jGwIbLFGBL3ZSNc,1.131336974330696
6ecXZdsvfOQjjQcVNs4WkN,0jwIgZRcbW2VjYuCbhKnX5,1.1946429223459858
6ecXZdsvfOQjjQcVNs4WkN,6Q4RJGUzVQym5RL5iq6627,1.2197248636008238
6ecXZdsvfOQjjQcVNs4WkN,4MNXKskyfqES2LAlbrrRbV,1.2463428815047508
6ecXZdsvfOQjjQcVNs4WkN,5lfWrciYtohtIMVDVZd0Rf,1.2977522557849956
6ecXZdsvfOQjjQcVNs4WkN,7xs1ksUAb2XswNWJjeyt7V,1.3292603398433083
6ecXZdsvfOQjjQcVNs4WkN,02xRKYZ1jY4B6utPa59qSf,1.3820570647104427
6ecXZdsvfOQjjQcVNs4WkN,3XmIlmYem8DGp7aorcpBay,1.3978489083344627
7gbjLoVKE8FZr8jra24GIR,3UgiXDauVuj9HZKzFY8TBL,0.6149811973274067
7gbjLoVKE8FZr8jra24GIR,2Uxnz7OTTYtgGrwjVcYRlG,0.7508451744020995
7gbjLoVKE8FZr8jra24GIR,1mhhgEfuEGW0EwB6kNuzkk,0.7975656326773275
7gbjLoVKE8FZr8jra24GIR,55N8cxpE1QDoeaaNqUnoZ2,1.008993752007798
7gbjLoVKE8FZr8jra24GIR,2RSTIsdhq5vqqr2GcTFdGM,1.1405884644968027
7gbjLoVKE8FZr8jra24GIR,4W5HbjNHMU7uw27oZwLaVK,1.1830586990700573
7gbjLoVKE8FZr8jra24GIR,3jl1I9gvCXo5V9hu4hYGLY,1.2073331249105566
7gbjLoVKE8FZr8jra24GIR,3znPiywA0q1VK2jgAZFDoI,1.2194325552986012
7gbjLoVKE8FZr8jra24GIR,2WnYxLsi1D4p9ZPIvRKn93,1.242090384675317
7gbjLoVKE8FZr8jra24GIR,3bCp61o3h46Yvr0vgMJlaL,1.2579716696765124
4qk8TRTKURbYICrtfAfDYr,3ENn9ahP78mdUTHXDhnyFu,0.5260358396313665
4qk8TRTKURbYICrtfAfDYr,1ypx1v2k1cQFX0Vrda7nEl,0.9223983736364326
4qk8TRTKURbYICrtfAfDYr,2FsrKLHO91CaT8vvY85DD6,0.9490232548778404
4qk8TRTKURbYICrtfAfDYr,6VScORohpeHSfdLkPUZuZX,0.9616740544024125
4qk8TRTKURbYICrtfAfDYr,2RfncplwWMhuFY7nv2Dwwa,1.0114511376118898
4qk8TRTKURbYICrtfAfDYr,1W0voVAoKVow8VhpwWBHl5,1.012230705782362
4qk8TRTKURbYICrtfAfDYr,4nbILrYODP667b3d66ZMzI,1.0195139879179924
4qk8TRTKURbYICrtfAfDYr,52UDFFwUueOBfJ2vB5BqRr,1.086991134553818
4qk8TRTKURbYICrtfAfDYr,6SP4AXgL3VCUTmdm7axe9C,1.1141803861029302
4qk8TRTKURbYICrtfAfDYr,7qrvxjTqvXvaiGhnUfCOAB,1.168159873310644
10n66m41IGjA2ZulKPK7Ew,0BumkbMOjaGROaVCR2I4An,0.9378446891044693
10n66m41IGjA2ZulKPK7Ew,2pAD0PKMUMtxlMvz33tYzB,0.9828490934625077
10n66m41IGjA2ZulKPK7Ew,0uGTUhUrqGx9LYkkiLUXE4,1.1674292982860264
10n66m41IGjA2ZulKPK7Ew,56NkIxSZZiMpFP5ZNSxtnT,1.2783085344275396
10n66m41IGjA2ZulKPK7Ew,1HZQUXcbIXCNzNrVQabWal,1.3384274175075728
10n66m41IGjA2ZulKPK7Ew,0OxDGZakSMFjEHSoQHEjfy,1.3817159657271725
10n66m41IGjA2ZulKPK7Ew,1JfcfNnW1pfsaYdqO6Vrkn,1.4277136397234924
10n66m41IGjA2ZulKPK7Ew,0PPIpnwOzCZMUaGiHbAEqc,1.521837449098956
10n66m41IGjA2ZulKPK7Ew,3VpVwKT10A5a4eqN4Pyad1,1.5341596853292132
10n66m41IGjA2ZulKPK7Ew,2rbkwvwtdWpDwthWnTpJMj,1.6124453429686751
0dpjuJLetnheYPSzLiQR62,0jsXpJsdXhnwnwnCLKjYLF,1.4719509320241668
0dpjuJLetnheYPSzLiQR62,40eZosWnfFnCPyk94awG7a,1.6873447531310357
0dpjuJLetnheYPSzLiQR62,0uI5SsM7gMEDD2emqmCsKA,1.7727549447852597
0dpjuJLetnheYPSzLiQR62,1KO29IUHcexH583hBewKof,1.797836278841526
0dpjuJLetnheYPSzLiQR62,4dz4lrmcFATwpvpCyfC20b,1.8563065084963901
0dpjuJLetnheYPSzLiQR62,4GAhAw0RCzNVP976NRMOqO,1.9092606158955112
0dpjuJLetnheYPSzLiQR62,4sakBPqSpuj6FJti1rPme7,1.9349645289346706
0dpjuJLetnheYPSzLiQR62,4f4NAym3a1cwDslRX39WAj,1.9574587337660574
0dpjuJLetnheYPSzLiQR62,2TJyrrGYcxSDod3MGKcwJj,2.038053383301817
0dpjuJLetnheYPSzLiQR62,2KZXF3p2o5oNl4dYme5zhH,2.092319622340319
6DBqULxLjq66GX2dim7opR,2ThdB23G9Rgf1ExndFGEEg,1.0398630646010272
6DBqULxLjq66GX2dim7opR,0qZ0m8Gq4Ug5kBxKe9BVvj,1.1496411736733918
6DBqULxLjq66GX2dim7opR,2ifYUfvMNbXQDPJEyk68rP,1.2172486589751472
6DBqULxLjq66GX2dim7opR,2cTOee6bTauDFK1QuDS1BD,1.3680061558620797
6DBqULxLjq66GX2dim7opR,6d3jo3AUpEsOrMsbtyeW7y,1.386056296362095
6DBqULxLjq66GX2dim7opR,4yqRW7Ovd47DcgfuWXzEGR,1.440321248107265
6DBqULxLjq66GX2dim7opR,3g8DqSjSZyY1o30Y4xnWqs,1.446469932042492
6DBqULxLjq66GX2dim7opR,4cF6Pk7YaRtv91mSZa4nVi,1.5943674856238395
6DBqULxLjq66GX2dim7opR,0lxxm52IjT7k182jL1JdK9,1.6024953832379627
6DBqULxLjq66GX2dim7opR,1v685OFD51NsY493VwO7FK,1.6371310175660696
4zUHDRC4EJNcLag5uluuNE,21ox43RiEnhW9T398iSgAN,1.0326910923313979
4zUHDRC4EJNcLag5uluuNE,4ZXZKLCXALRAD9xWkPd5Yr,1.1857648237823009
4zUHDRC4EJNcLag5uluuNE,2n0U2OG5d6TuW5mKx7YrC0,1.3050475515936093
4zUHDRC4EJNcLag5uluuNE,7lu6YLrlB1MU7HW8DJSuPa,1.3086256258596014
4zUHDRC4EJNcLag5uluuNE,7GkHIsnziYgk6j1lx2TK6H,1.432834962464001
4zUHDRC4EJNcLag5uluuNE,5bBt3WYHKsMVfbGhAPuQHF,1.4450188937157933
4zUHDRC4EJNcLag5uluuNE,1zx6GSqLYI2ynzAHnPRKBR,1.4547211719353446
4zUHDRC4EJNcLag5uluuNE,75ArcxyPjMr0sleM5WXLn7,1.4631950393263669
4zUHDRC4EJNcLag5uluuNE,2RfncplwWMhuFY7nv2Dwwa,1.477449509993893
4zUHDRC4EJNcLag5uluuNE,69zSOewOfa2IvIRMveL1Cc,1.496979753465842
3AP4xOuOQe6KeAeubj3qlF,2Oghfvs0YkMNadU5c31GpJ,1.7007491209646408
3AP4xOuOQe6KeAeubj3qlF,2AwYywTNbeiWqQcLqt8UwP,1.8295689223667007
3AP4xOuOQe6KeAeubj3qlF,4avT69vtIK1qqC8SL7eqGJ,1.8309887009496029
3AP4xOuOQe6KeAeubj3qlF,60sMKR8s0Zs8tXRqKsI8VX,1.9439449796049735
3AP4xOuOQe6KeAeubj3qlF,5XiVCvi3bXYcFCRpRxk0p2,1.9647467688520157
3AP4xOuOQe6KeAeubj3qlF,6HKmAGpQgDNQ4sFhAgvkA2,2.00090867798997
3AP4xOuOQe6KeAeubj3qlF,4DeoucgVChdV0zkeLzNKji,2.028684631561264
3AP4xOuOQe6KeAeubj3qlF,3z8h0TU7ReDPLIbEnYhWZb,2.105293690365897
3AP4xOuOQe6KeAeubj3qlF,0SvtBdkNRlErX8sPrFgWPW,2.1218528598278135
3AP4xOuOQe6KeAeubj3qlF,75ArcxyPjMr0sleM5WXLn7,2.1465048740388073
2esbthZf8kgJK8x8n9BYNe,0u5mGjvZPRx3uFCwXKcXCP,1.0991082077386143
2esbthZf8kgJK8x8n9BYNe,1UfJ3Z0pPyejEKi37A0utw,1.3085739377007726
2esbthZf8kgJK8x8n9BYNe,1I2OwO2Z6tMdahxDcH3p1H,1.4760543519168725
2esbthZf8kgJK8x8n9BYNe,59eugpPzqGZW1ZsV5JTAk2,1.5047493243778691
2esbthZf8kgJK8x8n9BYNe,0mtn3uti60qnEwTJJIQ29v,1.5638410343644815
2esbthZf8kgJK8x8n9BYNe,0BFtrq3fyv1kRcId4o18mK,1.5997372851564948
2esbthZf8kgJK8x8n9BYNe,3cyN4BZhcTdZyTMcqaCDb3,1.676431123487744
2esbthZf8kgJK8x8n9BYNe,4vUCHtGTRH3kok4KZMZmWh,1.6765827153811657
2esbthZf8kgJK8x8n9BYNe,7lvobfYGCBe0okzSwMtvRK,1.711682183862459
2esbthZf8kgJK8x8n9BYNe,6VZ4iuA1y0utK4YR9dMfhu,1.7184112556994304
4paK7VQa8HRYPSF2hvC4LQ,6Yp3K2cy35hXnWQFE1yWrJ,0.8179696208399604
4paK7VQa8HRYPSF2hvC4LQ,4PdNeARTAYoZCwdhJninRq,0.8368663358524846
4paK7VQa8HRYPSF2hvC4LQ,0EpdLuptraYGFZ6J7HNSLc,0.9932062838190602
4paK7VQa8HRYPSF2hvC4LQ,4DFPLQ1A5VX3XJ2EdX4RzU,1.0108267152464132
4paK7VQa8HRYPSF2hvC4LQ,2sgpYwWVQAXWetqtO9Kh24,1.03153481456247
4paK7VQa8HRYPSF2hvC4LQ,36EVGjdLX0x5SlM1GaL6f0,1.0396438551213358
4paK7VQa8HRYPSF2hvC4LQ,3fPgIknlkDWXs1l2noKZbp,1.0583866844249683
4paK7VQa8HRYPSF2hvC4LQ,5Ims37RILnoKgwv4ih2UKD,1.0699375054118658
4paK7VQa8HRYPSF2hvC4LQ,57WO3RacxniSNSeHwcrkVZ,1.081155786983652
4paK7VQa8HRYPSF2hvC4LQ,57v7M9jKRFP9NCP3J2ms9M,1.1361472108830755
4BedjJsVJvrmSnVr8rLcSU,2ueWCiQRtVdj5pSs87CDla,1.2759681349679737
4BedjJsVJvrmSnVr8rLcSU,7kIyiyXcaOkk0g3SOxPd33,1.3260823617321569
4BedjJsVJvrmSnVr8rLcSU,0ud4VAfTH1AOb904kWOTzJ,1.327437992004264
4BedjJsVJvrmSnVr8rLcSU,0DC7Zs2qvAbNK1owWQ4mlL,1.4251952247535418
4BedjJsVJvrmSnVr8rLcSU,2DEHcqIwG3umK94P0tlh7X,1.5070199915469331
4BedjJsVJvrmSnVr8rLcSU,2W6MQ9T5sIIN7b6i0IIjfu,1.5235305425803929
4BedjJsVJvrmSnVr8rLcSU,7pagL6jtEVbRq6vVK6ua3S,1.5937478465490162
4BedjJsVJvrmSnVr8rLcSU,3QqImhDBzvbGF5Ckj5VnT2,1.5954617705695473
4BedjJsVJvrmSnVr8rLcSU,712vBjPwBMW6Bd4i2xo5pm,1.5977604111385457
4BedjJsVJvrmSnVr8rLcSU,69zSOewOfa2IvIRMveL1Cc,1.628250532908545
50etdpjrySctCaS4yw0a72,0vIkYCzLD9QH7w8m1dC8Mf,0.0
50etdpjrySctCaS4yw0a72,3Z4ZuDrY684IFTBz2ze708,0.7208884023350409
50etdpjrySctCaS4yw0a72,21kVD9H40rRQkGmcMi01Fl,1.14348499564815
50etdpjrySctCaS4yw0a72,6d1AuFOL1YBzLcruapNbZV,1.1907549503938435
50etdpjrySctCaS4yw0a72,4dk12UlAYNruc5pwHEXncR,1.1914754458169432
50etdpjrySctCaS4yw0a72,3bCp61o3h46Yvr0vgMJlaL,1.197384194337462
50etdpjrySctCaS4yw0a72,513qzL4sJwVPpzdc7AXZvH,1.2181423908965252
50etdpjrySctCaS4yw0a72,3jl1I9gvCXo5V9hu4hYGLY,1.2287813789347524
50etdpjrySctCaS4yw0a72,3lMGhsGVaAO37AKy5CV8HB,1.2362634260057925
50etdpjrySctCaS4yw0a72,3iTgKW7MWI0M0acyEoQXds,1.2411582322086523
4DHkzbZSWxsCsvRoEzr28A,3ZffCQKLFLUvYM59XKLbVm,0.4008223079907179
4DHkzbZSWxsCsvRoEzr28A,1aOxOpH4AkGAd8OMrKjyNY,0.6404680844383094
4DHkzbZSWxsCsvRoEzr28A,0wUxh6XMc698xPCfgBaPRV,0.6708014753445888
4DHkzbZSWxsCsvRoEzr28A,3hzxBcOpm0wmr6YDD1EPq5,0.7896732134026848
4DHkzbZSWxsCsvRoEzr28A,6yQAwPJmFn0OBTKWOnQFfv,0.8129508706617371
4DHkzbZSWxsCsvRoEzr28A,2t0wwvR15fc3K1ey8OiOaN,0.8266920876231004
4DHkzbZSWxsCsvRoEzr28A,3O3lsUYkkrolKZEfH4pTQn,0.8965188674658533
4DHkzbZSWxsCsvRoEzr28A,06Q3gof2rs8ErXzBrW1aVg,0.9119562095911499
4DHkzbZSWxsCsvRoEzr28A,0ILXYaWxMQVEXnKq2eTmjW,0.9397774660309459
4DHkzbZSWxsCsvRoEzr28A,7t1UzsIKRBXXVdwJRIaDxn,0.9940608440565932
4xQY6PYbE5N5En4xv5nQtM,22Yk1yPGtoAaJMUJEFlco2,0.8932169603763103
4xQY6PYbE5N5En4xv5nQtM,7oHDdgBGhiglCDWsJBCa1R,1.2315185951053411
4xQY6PYbE5N5En4xv5nQtM,5PAKAKbcx1gqEoiLZIS6ec,1.2730045308723448
4xQY6PYbE5N5En4xv5nQtM,6CBr1ll9YnZJSPueJwtYrp,1.3129852036754848
4xQY6PYbE5N5En4xv5nQtM,0sXJUHfwsocaJaLM5osoWX,1.3254459179869609
4xQY6PYbE5N5En4xv5nQtM,66ERrn57fmkbOq9zhELGPv,1.47971973365378
4xQY6PYbE5N5En4xv5nQtM,43nB4BTmfrOZ80QYrD3Ap2,1.503541310615239
4xQY6PYbE5N5En4xv5nQtM,2KZXF3p2o5oNl4dYme5zhH,1.5063514610123745
4xQY6PYbE5N5En4xv5nQtM,5Z4ZRi6fMaqM4gW3VrTxfk,1.569375464318156
4xQY6PYbE5N5En4xv5nQtM,2AwYywTNbeiWqQcLqt8UwP,1.6081823579073171
71fSn6OIF7HnCbgCzOBqpj,0J2OnBNKwt0KICDyDFPUvl,0.8284215421823343
71fSn6OIF7HnCbgCzOBqpj,4wOqh7UiXe4jfbotAizdTu,1.0906705654050157
71fSn6OIF7HnCbgCzOBqpj,55N8cxpE1QDoeaaNqUnoZ2,1.1128788172467876
71fSn6OIF7HnCbgCzOBqpj,3znPiywA0q1VK2jgAZFDoI,1.1146037576386647
71fSn6OIF7HnCbgCzOBqpj,3I8w8mVY4KFBXbhcP5NqqH,1.1158988056015617
71fSn6OIF7HnCbgCzOBqpj,5bdXzykQmyiUB91lqrNvOC,1.1162191473869358
71fSn6OIF7HnCbgCzOBqpj,7CkNtT4Ptb9cime7heim8c,1.187774220428316
71fSn6OIF7HnCbgCzOBqpj,1tbjeelOKIjolYNUNnPMAD,1.1890403906293856
71fSn6OIF7HnCbgCzOBqpj,5ALPzPUKl3Np5BrYTFs4Pb,1.1985384303350943
71fSn6OIF7HnCbgCzOBqpj,2nT4y8qTzu2IBYuw7j8TPi,1.2194167952502903
2klWfM19A7TfwlxBQLNbIZ,2UxxDidNYPuTLiMNKBHMiK,0.7716232876629019
2klWfM19A7TfwlxBQLNbIZ,4rrDNJIlcE03cUe4RA74Z6,1.5128495000028173
2klWfM19A7TfwlxBQLNbIZ,1nPfUuE8XYrnsaToI81yyO,1.6396210259407413
2klWfM19A7TfwlxBQLNbIZ,39hGEPjG5RmfFKgCs1oA1o,1.8231863709025153
2klWfM19A7TfwlxBQLNbIZ,7kYgRZwVlq9a3lvHGHunrb,1.894635668974332
2klWfM19A7TfwlxBQLNbIZ,718purgMpFb2Axhuz0Hbq1,1.9705201883496863
2klWfM19A7TfwlxBQLNbIZ,1FlY15vdP570PJucy6JdYm,2.0305919378506005
2klWfM19A7TfwlxBQLNbIZ,4uFXfaNBVQw1MJ9K19P8QS,2.106527813345868
2klWfM19A7TfwlxBQLNbIZ,5ApWy8SWLq7q7wgKcOxEQ9,2.1117958537759294
2klWfM19A7TfwlxBQLNbIZ,5FccwnVjJbLIF2azQjCwyP,2.209879207240125
2EuRnXkQ1X97VNY3NfSqay,43ZA173zlPZnKN3YSjrzHU,0.806105473662084
2EuRnXkQ1X97VNY3NfSqay,5PAKAKbcx1gqEoiLZIS6ec,0.8160236066177656
2EuRnXkQ1X97VNY3NfSqay,7GwYyLNFyAsSsmt2aa0z6u,0.9823874019724269
2EuRnXkQ1X97VNY3NfSqay,6SbLvxG1S5LKhbE3yaNSKi,1.0009681161013768
2EuRnXkQ1X97VNY3NfSqay,0sXJUHfwsocaJaLM5osoWX,1.2282199416810486
2EuRnXkQ1X97VNY3NfSqay,5D6d1DFXMkjUZYoEUf9BAt,1.2692839476045055
2EuRnXkQ1X97VNY3NfSqay,6DXazvidTcZ7Nx78cm5hZE,1.33408065519311
2EuRnXkQ1X97VNY3NfSqay,51Ht5maNIl3gkur1R9Guwd,1.340899138851121
2EuRnXkQ1X97VNY3NfSqay,1qnCh4pnEt4Rd6DEePwS08,1.3749316868472297
2EuRnXkQ1X97VNY3NfSqay,23XdaKxpbB9D4mPCgoOgou,1.3753113974536955
7m0ZqFw6SHoAvtEccpMOs3,6n6zJJFmKJ1DoKq2eMCbEb,0.8907894851550688
7m0ZqFw6SHoAvtEccpMOs3,1JfcfNnW1pfsaYdqO6Vrkn,1.0552555343337724
7m0ZqFw6SHoAvtEccpMOs3,57v7M9jKRFP9NCP3J2ms9M,1.061110568134862
7m0ZqFw6SHoAvtEccpMOs3,3SSp8LMvyCmm0rlwpxD4LQ,1.0611142256767012
7m0ZqFw6SHoAvtEccpMOs3,6cARFkZxx2JR3JlvDzeLZc,1.082014187996387
7m0ZqFw6SHoAvtEccpMOs3,6mVD1SfTvlFAPVi7txFL5H,1.1023087541677405
7m0ZqFw6SHoAvtEccpMOs3,2dHCfHPFdccesaPhiisAed,1.115416690412147
7m0ZqFw6SHoAvtEccpMOs3,1byfhRPkrLvnQ4ib1SWNxQ,1.1361496658699155
7m0ZqFw6SHoAvtEccpMOs3,3KAn1EEsOVjep0Y15UNtTr,1.1670882416386485
7m0ZqFw6SHoAvtEccpMOs3,4q6ZHerrtO7gcF67KFX0BF,1.2575139381052272
0ZeKQudydO2uQJpfr6gNC8,09obJ3DFME6R9uIZYPZxhG,0.7991463805445469
0ZeKQudydO2uQJpfr6gNC8,2RWFncSWZEhSRRifqiDNVV,0.9391537438109216
0ZeKQudydO2uQJpfr6gNC8,3bCp61o3h46Yvr0vgMJlaL,0.9948773138050203
0ZeKQudydO2uQJpfr6gNC8,3nbRFWzOJrHIRh3xc53bKK,1.0413120394615547
0ZeKQudydO2uQJpfr6gNC8,2Uxnz7OTTYtgGrwjVcYRlG,1.0612657774321688
0ZeKQudydO2uQJpfr6gNC8,1mhhgEfuEGW0EwB6kNuzkk,1.0919402754805192
0ZeKQudydO2uQJpfr6gNC8,6MnzjGoeZyEzSml6Ohi0at,1.0942513220439942
0ZeKQudydO2uQJpfr6gNC8,0ct6r3EGTcMLPtrXHDvVjc,1.1030332800160274
0ZeKQudydO2uQJpfr6gNC8,5QvW5lK6mkfTegpAK9JOO7,1.104134947863128
0ZeKQudydO2uQJpfr6gNC8,65EReuqyiXH0WMIaeFEIlX,1.1451636716420808
3MxdMMQ8Rmkmnal7FKqRjr,1BLOVHYYlH4JUHQGcpt75R,1.1513997459140544
3MxdMMQ8Rmkmnal7FKqRjr,3q5Ze7QksOVd2ES9YzdfsE,1.2326971167179512
3MxdMMQ8Rmkmnal7FKqRjr,4jVu0QPK9BVeNgAmfvkocn,1.2523658611226962
3MxdMMQ8Rmkmnal7FKqRjr,2Tv4NhYavSni05V7IIT17w,1.2607808650111874
3MxdMMQ8Rmkmnal7FKqRjr,0wUxh6XMc698xPCfgBaPRV,1.3415373779700128
3MxdMMQ8Rmkmnal7FKqRjr,4DHkzbZSWxsCsvRoEzr28A,1.347606848836687
3MxdMMQ8Rmkmnal7FKqRjr,3hzxBcOpm0wmr6YDD1EPq5,1.4111201555773791
3MxdMMQ8Rmkmnal7FKqRjr,7n4Y9BCKLHi4hqI2NctuAq,1.4212068933028716
3MxdMMQ8Rmkmnal7FKqRjr,4OMgqSsMbVhPCFnivcNAqh,1.4438625575209463
3MxdMMQ8Rmkmnal7FKqRjr,1aOxOpH4AkGAd8OMrKjyNY,1.4474187665664116
6SP4AXgL3VCUTmdm7axe9C,2FsrKLHO91CaT8vvY85DD6,0.516544358032538
6SP4AXgL3VCUTmdm7axe9C,0ZgMBZeFQC8Jja48NuDaSC,0.844076850709504
6SP4AXgL3VCUTmdm7axe9C,0z5EJolHD3zV6W17tigtP7,0.849342975678535
6SP4AXgL3VCUTmdm7axe9C,0aIW3ekrhK1eh3BYCh11op,0.8954390378394912
6SP4AXgL3VCUTmdm7axe9C,3nImoHhXBOqYcdTN8gt9eE,0.9883156127149596
6SP4AXgL3VCUTmdm7axe9C,0ecW7IqLKhzKTPeqLSNc0V,0.9902438596071194
6SP4AXgL3VCUTmdm7axe9C,2RfncplwWMhuFY7nv2Dwwa,1.0011757377442965
6SP4AXgL3VCUTmdm7axe9C,1JnHZagDFvrT2lx4QovSOo,1.0537140709041024
6SP4AXgL3VCUTmdm7axe9C,1ypx1v2k1cQFX0Vrda7nEl,1.0568465216849257
6SP4AXgL3VCUTmdm7axe9C,4qk8TRTKURbYICrtfAfDYr,1.1141803861029302
2RSTIsdhq5vqqr2GcTFdGM,3UgiXDauVuj9HZKzFY8TBL,0.8139105981631664
2RSTIsdhq5vqqr2GcTFdGM,4NbUqEJnGQAEDvfb1LB5V3,0.8553638397846023
2RSTIsdhq5vqqr2GcTFdGM,5j4kHNz5syQBR9Jfv3hwbb,0.944180829248814
2RSTIsdhq5vqqr2GcTFdGM,2gEh41XUP3vI7kAjlEO92n,1.0147334302385143
2RSTIsdhq5vqqr2GcTFdGM,1bxtePWzYybaPiUZqvgQVf,1.0393324961316315
2RSTIsdhq5vqqr2GcTFdGM,3jl1I9gvCXo5V9hu4hYGLY,1.1187224291194904
2RSTIsdhq5vqqr2GcTFdGM,7gbjLoVKE8FZr8jra24GIR,1.1405884644968027
2RSTIsdhq5vqqr2GcTFdGM,55N8cxpE1QDoeaaNqUnoZ2,1.228108605110161
2RSTIsdhq5vqqr2GcTFdGM,7sJbCv83nl2S94j8ZJz2WP,1.2530877980173143
2RSTIsdhq5vqqr2GcTFdGM,3mnZxecdxSU4ZXSxK522sV,1.2598591510394785
3SeowzTaXWE7YsIvltrFgE,0nqOcrAskzhTDBvGpOxNrD,0.9560272663853361
3SeowzTaXWE7YsIvltrFgE,2InrK5IWeTPIVRZQPOEDIO,1.0367042197097005
3SeowzTaXWE7YsIvltrFgE,3mnZxecdxSU4ZXSxK522sV,1.1868832775596516
3SeowzTaXWE7YsIvltrFgE,0ILXYaWxMQVEXnKq2eTmjW,1.2011792888103379
3SeowzTaXWE7YsIvltrFgE,1GxXPNNkNymHPn6yTgWPxu,1.29378453153242
3SeowzTaXWE7YsIvltrFgE,6Y6py4pHq2Toh3xEvBn233,1.3036696170454094
3SeowzTaXWE7YsIvltrFgE,3nX1nZJoLqfNSBq19RPGS4,1.4231965673653078
3SeowzTaXWE7YsIvltrFgE,06Q3gof2rs8ErXzBrW1aVg,1.4257080555035382
3SeowzTaXWE7YsIvltrFgE,3g3Ht5QpT6uPLmAmDVQOjj,1.5027269907004661
3SeowzTaXWE7YsIvltrFgE,4CVOUJki8YUWol3jhLphgs,1.519964668844311
6hVLkc1612BQeD6EQFKECm,2DEHcqIwG3umK94P0tlh7X,1.0169918456058473
6hVLkc1612BQeD6EQFKECm,71wciO7F9Ro8J4vq1lvfru,1.0489936072564834
6hVLkc1612BQeD6EQFKECm,6RWhxVhLfVNxvE3ubp97SN,1.0647207534359433
6hVLkc1612BQeD6EQFKECm,0D3J5hfXcaQLeMmZVxD4S7,1.0849313488501449
6hVLkc1612BQeD6EQFKECm,2YA5IfmQwAmVzHRP3SVnEd,1.1104816528902974
6hVLkc1612BQeD6EQFKECm,3ApLFFuaXsKBnDhspuQrWj,1.126132683249518
6hVLkc1612BQeD6EQFKECm,3z8h0TU7ReDPLIbEnYhWZb,1.1650082724825541
6hVLkc1612BQeD6EQFKECm,3z53rfQOg6Eb5pBCRsd7Uu,1.315168584629453
6hVLkc1612BQeD6EQFKECm,6d1AuFOL1YBzLcruapNbZV,1.3433945593945096
6hVLkc1612BQeD6EQFKECm,6HKmAGpQgDNQ4sFhAgvkA2,1.3503289054148118
4yNk9iz9WVJikRFle3XEvn,0T5iIrXA4p5GsubkhuBIKV,0.8786236828113643
4yNk9iz9WVJikRFle3XEvn,2QMAB7AL9WPd0LdRH4BZda,1.2891793839859893
4yNk9iz9WVJikRFle3XEvn,72zHuDxFQTjbL51qJQSA7j,1.3168119474665072
4yNk9iz9WVJikRFle3XEvn,4ngv7whSPSAwD8ZP3zMHsd,1.3375896873388788
4yNk9iz9WVJikRFle3XEvn,1BLOVHYYlH4JUHQGcpt75R,1.342421209185271
4yNk9iz9WVJikRFle3XEvn,23XdaKxpbB9D4mPCgoOgou,1.3502525647675543
4yNk9iz9WVJikRFle3XEvn,2SLwPaJTN6B6zwcIwsuQAK,1.4349538457728936
4yNk9iz9WVJikRFle3XEvn,5ORJq9RvKIVGf1pVWWTUB7,1.4361496739984034
4yNk9iz9WVJikRFle3XEvn,7h9VHJe3SJnNpedITpOQWO,1.559843821480064
4yNk9iz9WVJikRFle3XEvn,6aHFdm58mPF4YPJX3FgI0z,1.5652542407826915
4SKRNfT7WI73MJho3suqYl,7h8N0QlHxIEYfnHDVps8dS,1.359852711089113
4SKRNfT7WI73MJho3suqYl,59eCy91JDrnpbPLF3T3L03,1.6048067034388147
4SKRNfT7WI73MJho3suqYl,20DigsfRILHYKeMqbuDqtx,1.6831253054222284
4SKRNfT7WI73MJho3suqYl,3TLgxeugc8nOXkm04LG6Gh,1.6863999404020202
4SKRNfT7WI73MJho3suqYl,6t2gHlvw7kTK6M7M5f7S6K,1.874956258807671
4SKRNfT7WI73MJho3suqYl,2hw1sBTzjB9zghnlLpqeAj,1.926930155061611
4SKRNfT7WI73MJho3suqYl,1Db4Qa67eYC7MxnCqFvRQj,2.0132992701430044
4SKRNfT7WI73MJho3suqYl,0bAuzGnpoaZFpfbAhEWjqO,2.0494603838275576
4SKRNfT7WI73MJho3suqYl,1eGdw1BbGAYaXbgPcVIkGm,2.0943716681809805
4SKRNfT7WI73MJho3suqYl,3Y4rUyw7XBCK6hGHCOt6rp,2.1183183767704414
6ZV6lI92ypdfjeGgDQc5Mm,5Z4ZRi6fMaqM4gW3VrTxfk,0.9857936487711632
6ZV6lI92ypdfjeGgDQc5Mm,52UDFFwUueOBfJ2vB5BqRr,1.123880356672547
6ZV6lI92ypdfjeGgDQc5Mm,66ERrn57fmkbOq9zhELGPv,1.1395586821575183
6ZV6lI92ypdfjeGgDQc5Mm,0d1PUwvlNvCKfypNaaKJoz,1.194840158445122
6ZV6lI92ypdfjeGgDQc5Mm,0Id7swY6cWbvYLtVVF0wvq,1.2260059920792479
6ZV6lI92ypdfjeGgDQc5Mm,3TXF9mdeWd18WEW1alIGOT,1.3305042693458586
6ZV6lI92ypdfjeGgDQc5Mm,2KZXF3p2o5oNl4dYme5zhH,1.3549330683839873
6ZV6lI92ypdfjeGgDQc5Mm,1ypx1v2k1cQFX0Vrda7nEl,1.3699779673530952
6ZV6lI92ypdfjeGgDQc5Mm,4qk8TRTKURbYICrtfAfDYr,1.4627002072305642
6ZV6lI92ypdfjeGgDQc5Mm,1zx6GSqLYI2ynzAHnPRKBR,1.557460796878978
5aJuHyYNdOzqX6eGO2XyE8,2PJzQvozduq44cToUQBa0B,0.7469133380864453
5aJuHyYNdOzqX6eGO2XyE8,341863z079BT4EFPiSw9DP,0.7646296594275088
5aJuHyYNdOzqX6eGO2XyE8,3XXTR1PxuCslxeQCpRHpmW,0.9081332294732531
5aJuHyYNdOzqX6eGO2XyE8,6VScORohpeHSfdLkPUZuZX,0.9753977246754783
5aJuHyYNdOzqX6eGO2XyE8,6d48lKUZig9jlzUXHr7QMz,1.0798880003772955
5aJuHyYNdOzqX6eGO2XyE8,4GAhAw0RCzNVP976NRMOqO,1.0816114452397056
5aJuHyYNdOzqX6eGO2XyE8,5BwUt9x6Ss7bKcnDCi5H2X,1.0851726383845175
5aJuHyYNdOzqX6eGO2XyE8,19gCnDoMbugHhF7eMpLpe1,1.263629950882784
5aJuHyYNdOzqX6eGO2XyE8,0yFjiqcf961CTPJIOxJtjZ,1.2786000138380007
5aJuHyYNdOzqX6eGO2XyE8,43nB4BTmfrOZ80QYrD3Ap2,1.2890403527760828
1re1CuvpyhIm5ryPzUQyXc,02GGlQrUckPW2fJmYVpU8l,0.9965574315528224
1re1CuvpyhIm5ryPzUQyXc,3XKjZcgNYtvCmBpE1nX7Wn,1.0069031350720734
1re1CuvpyhIm5ryPzUQyXc,76GGgSpRWU1v0mH26n2ZQy,1.0898159788151989
1re1CuvpyhIm5ryPzUQyXc,26op06vMM21RB0hej3b0lG,1.123697117069417
1re1CuvpyhIm5ryPzUQyXc,60Cohjy8lgh1jIkTpGz9S1,1.1325440118322416
1re1CuvpyhIm5ryPzUQyXc,5l7GTyzBQ3gj8jljoCnQjQ,1.144777152437592
1re1CuvpyhIm5ryPzUQyXc,3QgInVIXkrZDRVQfuKUxSm,1.2042050562590407
1re1CuvpyhIm5ryPzUQyXc,6HrYi2gwKxrwEtZX3Orype,1.2165422546265126
1re1CuvpyhIm5ryPzUQyXc,1WDDMw1k46OS4W2IGxmLzj,1.286895192285096
1re1CuvpyhIm5ryPzUQyXc,0DC7Zs2qvAbNK1owWQ4mlL,1.4083474190150553
16V5thzOT3WBnbmwkRe8jB,3TgDMAVLGG3jM15i810cbu,2.2041234760441077
16V5thzOT3WBnbmwkRe8jB,3IgXAJImaSIZ8pBF1z1Ucv,2.3067884263550273
16V5thzOT3WBnbmwkRe8jB,31tqdc6hO91Byv18aRLhNE,2.513301599373342
16V5thzOT3WBnbmwkRe8jB,20Laa9YU8RVHZ9iGKMeM7w,2.648220574737248
16V5thzOT3WBnbmwkRe8jB,6hu4zxEVl8vhbZwDlqNqK6,2.7523226909373086
16V5thzOT3WBnbmwkRe8jB,1UR0RbyH4bKoovDNnGd53G,2.7568863622299102
16V5thzOT3WBnbmwkRe8jB,0BFtrq3fyv1kRcId4o18mK,2.8767114251522696
16V5thzOT3WBnbmwkRe8jB,15dNGPxvzuCvTBzFGmveZi,2.9173847700032316
16V5thzOT3WBnbmwkRe8jB,3BHR1mJOqn2UZyq98YKPgd,3.013041089571423
16V5thzOT3WBnbmwkRe8jB,5inWUDecQMC4l2eOFzaIaf,3.0220264125042298
3J5rWdL10nRlpP0TVXjhea,5T2iobXGYEI9TdrJ4Du6QN,1.4197745384117653
3J5rWdL10nRlpP0TVXjhea,7h9VHJe3SJnNpedITpOQWO,1.5815793206074122
3J5rWdL10nRlpP0TVXjhea,5aAjcWycNzzlnnwRB8z0zL,1.607925070787074
3J5rWdL10nRlpP0TVXjhea,5FccwnVjJbLIF2azQjCwyP,1.6338352848856914
3J5rWdL10nRlpP0TVXjhea,0p4D8tKBjpTqOpFhwxIXe1,1.6665791173470659
3J5rWdL10nRlpP0TVXjhea,6qFWAs54gSDIUh0J9XY8qx,1.6707615697350662
3J5rWdL10nRlpP0TVXjhea,5Gox2FHWcB882eGsRIkdrt,1.7167011128190612
3J5rWdL10nRlpP0TVXjhea,0m4jVVZrsv0bLkAr1uM6UG,1.8039700493824316
3J5rWdL10nRlpP0TVXjhea,2sAwO9nafCv50ttjhI77a2,1.8115152952289058
3J5rWdL10nRlpP0TVXjhea,1FlY15vdP570PJucy6JdYm,1.8159004586883192
1sKt4HswC1nmkjuhhG0KFt,5H3JW2JiQG432dldneCyW1,0.5985717560196376
1sKt4HswC1nmkjuhhG0KFt,3J1BQ2acB1OHTQKeI1cWkR,0.7323788179322137
1sKt4HswC1nmkjuhhG0KFt,0elH6ukMGLyCHJavHutEza,0.8053780932702769
1sKt4HswC1nmkjuhhG0KFt,5aAjcWycNzzlnnwRB8z0zL,0.8352304082641869
1sKt4HswC1nmkjuhhG0KFt,5x4vgABKiGp4Vg7ZyFRxhn,0.850271051644815
1sKt4HswC1nmkjuhhG0KFt,6qOCyu8agpod9VK4EdZqzt,0.8511738226340796
1sKt4HswC1nmkjuhhG0KFt,5frWFPeKH8Pam3rKLFCytt,0.8753992464100917
1sKt4HswC1nmkjuhhG0KFt,2fyIS6GXMgUcSv4oejx63f,0.9139581461790982
1sKt4HswC1nmkjuhhG0KFt,5QLndwpuydTkQow1127Rxr,0.954367464006094
1sKt4HswC1nmkjuhhG0KFt,7n4Y9BCKLHi4hqI2NctuAq,0.9570009245070149
1DqAeuDzc5uUQeAggxmZk5,6mUHPv34FUMhYVlpytiwdp,0.663185091845301
1DqAeuDzc5uUQeAggxmZk5,1kG7gfH4HDUlDht0VZYkiP,0.6852403986541286
1DqAeuDzc5uUQeAggxmZk5,0j6zVHUhezcz02iLhmpy2e,0.7759617164448044
1DqAeuDzc5uUQeAggxmZk5,1wxw8BkVBHfBEiqm69rA48,0.7811109153701128
1DqAeuDzc5uUQeAggxmZk5,0ct6r3EGTcMLPtrXHDvVjc,0.79659562056008
1DqAeuDzc5uUQeAggxmZk5,2C6fzRAlaWOhKCOsn5a0Nk,0.8205577577664206
1DqAeuDzc5uUQeAggxmZk5,2RsAajgo0g7bMCHxwH3Sk0,0.8632138725144605
1DqAeuDzc5uUQeAggxmZk5,4q6ZHerrtO7gcF67KFX0BF,0.8944688188519476
1DqAeuDzc5uUQeAggxmZk5,4ileLT7ldd2uX8bMemWqbm,0.9244158002060985
1DqAeuDzc5uUQeAggxmZk5,5fdr0qZcygx9NFbIhFDcaH,0.9351010584487963
4nbILrYODP667b3d66ZMzI,1ypx1v2k1cQFX0Vrda7nEl,0.8685027227652992
4nbILrYODP667b3d66ZMzI,4qk8TRTKURbYICrtfAfDYr,1.0195139879179924
4nbILrYODP667b3d66ZMzI,2FsrKLHO91CaT8vvY85DD6,1.0975710340071718
4nbILrYODP667b3d66ZMzI,6VScORohpeHSfdLkPUZuZX,1.1475840510731459
4nbILrYODP667b3d66ZMzI,0Id7swY6cWbvYLtVVF0wvq,1.1742583082200684
4nbILrYODP667b3d66ZMzI,1W0voVAoKVow8VhpwWBHl5,1.2098619930271262
4nbILrYODP667b3d66ZMzI,1JnHZagDFvrT2lx4QovSOo,1.219390403317229
4nbILrYODP667b3d66ZMzI,6tvlaXBPNl1bu7NZsbbn9R,1.2243792398634457
4nbILrYODP667b3d66ZMzI,32Dc90Bn6NCKMPmdfprhFq,1.2319411692159428
4nbILrYODP667b3d66ZMzI,2cZDlNMZOAwZygOvaBrJvn,1.240702747727538
4uFXfaNBVQw1MJ9K19P8QS,4x9l3fDzgvzg9t7Csbufrn,1.208321960640021
4uFXfaNBVQw1MJ9K19P8QS,4cF6Pk7YaRtv91mSZa4nVi,1.2709402636567784
4uFXfaNBVQw1MJ9K19P8QS,718purgMpFb2Axhuz0Hbq1,1.3076085111674243
4uFXfaNBVQw1MJ9K19P8QS,7kYgRZwVlq9a3lvHGHunrb,1.3396761301273152
4uFXfaNBVQw1MJ9K19P8QS,1nPfUuE8XYrnsaToI81yyO,1.3470120529080758
4uFXfaNBVQw1MJ9K19P8QS,5T2iobXGYEI9TdrJ4Du6QN,1.3704187511619692
4uFXfaNBVQw1MJ9K19P8QS,1VtPE3YY4Uc9KCaQATcVJh,1.393694364754162
4uFXfaNBVQw1MJ9K19P8QS,1FlY15vdP570PJucy6JdYm,1.5005098209677505
4uFXfaNBVQw1MJ9K19P8QS,78Gzxi27GuNHTfkn2BylG4,1.5080393076935632
4uFXfaNBVQw1MJ9K19P8QS,1nBDeSiqD2z1ofv9hEttfi,1.6148899130948506
2fyIS6GXMgUcSv4oejx63f,6S1BoAiJeJ96A09tHIwJuy,0.7073680240502899
2fyIS6GXMgUcSv4oejx63f,2L1KDMlUbzuaXce1VvWV57,0.7079676314613925
2fyIS6GXMgUcSv4oejx63f,1aOxOpH4AkGAd8OMrKjyNY,0.7529378325748453
2fyIS6GXMgUcSv4oejx63f,0elH6ukMGLyCHJavHutEza,0.754040061494574
2fyIS6GXMgUcSv4oejx63f,1I2MEjnS9c4OPMnKWbIuYs,0.7858821646322529
2fyIS6GXMgUcSv4oejx63f,0BFWUoOu91FcOEtpTdWFrN,0.8314318491168761
2fyIS6GXMgUcSv4oejx63f,3O3lsUYkkrolKZEfH4pTQn,0.8419383610867075
2fyIS6GXMgUcSv4oejx63f,5H3JW2JiQG432dldneCyW1,0.8614635246360804
2fyIS6GXMgUcSv4oejx63f,47k1Cbink0USdP1eDmGjFj,0.8871711945619943
2fyIS6GXMgUcSv4oejx63f,0RYqTScbPJ3wijhvWOgLkE,0.8971218585679659
2W6MQ9T5sIIN7b6i0IIjfu,4BedjJsVJvrmSnVr8rLcSU,1.5235305425803929
2W6MQ9T5sIIN7b6i0IIjfu,6zQyEMgmMkHXaNdLEiu7fW,1.5965822063606627
2W6MQ9T5sIIN7b6i0IIjfu,0DC7Zs2qvAbNK1owWQ4mlL,1.7118044950779894
2W6MQ9T5sIIN7b6i0IIjfu,2rbbJ2xZFJa2DriR5h0TBS,1.737669964659961
2W6MQ9T5sIIN7b6i0IIjfu,0TXwOYYmyZBOmi75DPVQd8,1.7966279643948773
2W6MQ9T5sIIN7b6i0IIjfu,7Gc9OoiYsUrByC8tzD7kYY,1.8282749280548454
2W6MQ9T5sIIN7b6i0IIjfu,5QvW5lK6mkfTegpAK9JOO7,1.8830136655111813
2W6MQ9T5sIIN7b6i0IIjfu,0fea68AdmYNygeTGI4RC18,1.8973446400917313
2W6MQ9T5sIIN7b6i0IIjfu,6d1AuFOL1YBzLcruapNbZV,1.9267781544510463
2W6MQ9T5sIIN7b6i0IIjfu,2jcMktZrayNaiWRnRmItnY,1.9714691245421332
2O2oWOUJM14dWhQNpkcSbD,3O3lsUYkkrolKZEfH4pTQn,0.8530153511136204
2O2oWOUJM14dWhQNpkcSbD,6YNdQ5utvFnK4CTAnBga06,0.8844729742269483
2O2oWOUJM14dWhQNpkcSbD,0p4D8tKBjpTqOpFhwxIXe1,0.9471838717259929
2O2oWOUJM14dWhQNpkcSbD,3iTgKW7MWI0M0acyEoQXds,0.9613285946788962
2O2oWOUJM14dWhQNpkcSbD,3iOcbCxe0jW1XrlFb0rvj2,0.9809330126721721
2O2oWOUJM14dWhQNpkcSbD,3uUuGVFu1V7jTQL60S1r8z,0.9819321221605436
2O2oWOUJM14dWhQNpkcSbD,3J1BQ2acB1OHTQKeI1cWkR,0.982488174824199
2O2oWOUJM14dWhQNpkcSbD,0D3J5hfXcaQLeMmZVxD4S7,1.0017800747372103
2O2oWOUJM14dWhQNpkcSbD,5bFuHlXKw66Uu2cHKn5bf8,1.0495311050738658
2O2oWOUJM14dWhQNpkcSbD,6S1BoAiJeJ96A09tHIwJuy,1.0568595588730907
4xHA5RyRlbVeT2sDslkczq,09pr5CPnpXjEQKRqgI7ZnZ,1.066189078006195
4xHA5RyRlbVeT2sDslkczq,2sASx6Cz5mYm0xPrKiD8gZ,1.0835450611089203
4xHA5RyRlbVeT2sDslkczq,4RvtzkdXmDOjbggr6pu9jR,1.0923416305385494
4xHA5RyRlbVeT2sDslkczq,40KeMi4kkYpAlT1VmjrxDb,1.1494732168108384
4xHA5RyRlbVeT2sDslkczq,52pQ8Rn1Gh7CPV4fyKVfrV,1.1905451812504197
4xHA5RyRlbVeT2sDslkczq,6SdAztAqklk1zAmUHhU4N7,1.1951231183184432
4xHA5RyRlbVeT2sDslkczq,36EVGjdLX0x5SlM1GaL6f0,1.19530087995955
4xHA5RyRlbVeT2sDslkczq,2sgpYwWVQAXWetqtO9Kh24,1.2098979300009765
4xHA5RyRlbVeT2sDslkczq,4PdNeARTAYoZCwdhJninRq,1.2241116514749528
4xHA5RyRlbVeT2sDslkczq,1c2vVx6knoiZHXbJJ9Mk8L,1.2546635063101337
7kYgRZwVlq9a3lvHGHunrb,4uFXfaNBVQw1MJ9K19P8QS,1.3396761301273152
7kYgRZwVlq9a3lvHGHunrb,1FlY15vdP570PJucy6JdYm,1.3416248289686177
7kYgRZwVlq9a3lvHGHunrb,718purgMpFb2Axhuz0Hbq1,1.7623265409148383
7kYgRZwVlq9a3lvHGHunrb,4rrDNJIlcE03cUe4RA74Z6,1.7969202615968944
7kYgRZwVlq9a3lvHGHunrb,1nPfUuE8XYrnsaToI81yyO,1.8825356573912304
7kYgRZwVlq9a3lvHGHunrb,2klWfM19A7TfwlxBQLNbIZ,1.894635668974332
7kYgRZwVlq9a3lvHGHunrb,6TRYv8brfH12SfgV8lMraP,1.9098667492471901
7kYgRZwVlq9a3lvHGHunrb,2UxxDidNYPuTLiMNKBHMiK,1.9514058910725618
7kYgRZwVlq9a3lvHGHunrb,78Gzxi27GuNHTfkn2BylG4,2.0583494019921655
7kYgRZwVlq9a3lvHGHunrb,6DBqULxLjq66GX2dim7opR,2.081900376019043
77Jbr7aQyYsH20luHDn7iv,07R7LVnlKmNqNI7BA4K2ld,0.8721585717334523
77Jbr7aQyYsH20luHDn7iv,7qmQ9XrTcARzZIE8A0n2Te,1.2854898995109556
77Jbr7aQyYsH20luHDn7iv,0pZPObivxzE2M6AnzezZWH,1.286020047372366
77Jbr7aQyYsH20luHDn7iv,3Dg6BUqz0IaTOEq4ySdhhQ,1.3653544447901924
77Jbr7aQyYsH20luHDn7iv,3y8doSsikONxr7FMYCt41C,1.411488577424133
77Jbr7aQyYsH20luHDn7iv,1UR0RbyH4bKoovDNnGd53G,1.497413831410558
77Jbr7aQyYsH20luHDn7iv,6r9qDqJMdeMTWvHAcQfsHg,1.513808729259579
77Jbr7aQyYsH20luHDn7iv,1AdUK37moo4ba9vRJJ7zVp,1.5460562318827116
77Jbr7aQyYsH20luHDn7iv,6DJKQqo9uQlSsQyITjDImC,1.5601953904349615
77Jbr7aQyYsH20luHDn7iv,7KFV09JUeoWlKei8kpy530,1.5960769493970148
2TJyrrGYcxSDod3MGKcwJj,4sakBPqSpuj6FJti1rPme7,0.7186222281010154
2TJyrrGYcxSDod3MGKcwJj,40eZosWnfFnCPyk94awG7a,0.7900280118617251
2TJyrrGYcxSDod3MGKcwJj,2KZXF3p2o5oNl4dYme5zhH,0.9410609951572054
2TJyrrGYcxSDod3MGKcwJj,6FMonOQySdWYdgNshk6zSs,1.061761623470249
2TJyrrGYcxSDod3MGKcwJj,22Yk1yPGtoAaJMUJEFlco2,1.276489612660782
2TJyrrGYcxSDod3MGKcwJj,5m4FuvMmLOnq7Gpt0ckAcf,1.3652735006691614
2TJyrrGYcxSDod3MGKcwJj,5Z4ZRi6fMaqM4gW3VrTxfk,1.5194243666300045
2TJyrrGYcxSDod3MGKcwJj,3hp6JfJIxkv3sl7E6p7DQj,1.531001355985768
2TJyrrGYcxSDod3MGKcwJj,66ERrn57fmkbOq9zhELGPv,1.6329418373452924
2TJyrrGYcxSDod3MGKcwJj,2AwYywTNbeiWqQcLqt8UwP,1.6513277458203797
1I2OwO2Z6tMdahxDcH3p1H,26VPU8yYHcZs2II1PD0G9g,1.3417188765376635
1I2OwO2Z6tMdahxDcH3p1H,0mtn3uti60qnEwTJJIQ29v,1.4146135109494529
1I2OwO2Z6tMdahxDcH3p1H,4pxcboeftnVJoMuqigFL4g,1.4469688208220006
1I2OwO2Z6tMdahxDcH3p1H,2esbthZf8kgJK8x8n9BYNe,1.4760543519168725
1I2OwO2Z6tMdahxDcH3p1H,3l1LcOxoXu7YfFKFkSSBeI,1.5080650771340645
1I2OwO2Z6tMdahxDcH3p1H,45FR60U6pxNbiQkA8BOhBD,1.5122343958904176
1I2OwO2Z6tMdahxDcH3p1H,7lvobfYGCBe0okzSwMtvRK,1.5431913489809885
1I2OwO2Z6tMdahxDcH3p1H,5qBhUQLFCdIut4QZrIh7XI,1.561577791756843
1I2OwO2Z6tMdahxDcH3p1H,4sKGkVi8boc00JTpw7aVB7,1.5736615746487745
1I2OwO2Z6tMdahxDcH3p1H,1qkVJlyVaLZbwolRZmc17i,1.595264928186088
3g3Ht5QpT6uPLmAmDVQOjj,3PF8RXSKjme6Pi58ajTIvo,0.9761238524971816
3g3Ht5QpT6uPLmAmDVQOjj,2aX1zws7bVjTLbS1cYZK2W,1.0816650473028628
3g3Ht5QpT6uPLmAmDVQOjj,4P4mcw4wHDMysBF031DDZT,1.1514907728861068
3g3Ht5QpT6uPLmAmDVQOjj,3mnZxecdxSU4ZXSxK522sV,1.1866758230398478
3g3Ht5QpT6uPLmAmDVQOjj,0OwEskGUqCMgkSY7JkJS7x,1.190484326244875
3g3Ht5QpT6uPLmAmDVQOjj,53mYqKfg39Sq3IpS2ywGfM,1.2046051050152085
3g3Ht5QpT6uPLmAmDVQOjj,46cEIa1iQPSQLnPVP2hmVm,1.2255302777312522
3g3Ht5QpT6uPLmAmDVQOjj,6Z0gK8Fp0AqS9EX8Icp4hj,1.2396474639238328
3g3Ht5QpT6uPLmAmDVQOjj,3I8w8mVY4KFBXbhcP5NqqH,1.2647481669765601
3g3Ht5QpT6uPLmAmDVQOjj,4v5aGcoGfj22PEr53NJOHN,1.2691065274311688
6ZRwn9JqdtRQyrHT0tKIgy,37nppJzOgypngu1szTRD06,0.5922437632952137
6ZRwn9JqdtRQyrHT0tKIgy,6ekLy1OsrYdLMbcqc0KZ8G,0.6187285418043192
6ZRwn9JqdtRQyrHT0tKIgy,1XLe4yeCt8cFemyxnICcZN,0.7038230647659782
6ZRwn9JqdtRQyrHT0tKIgy,1nBDeSiqD2z1ofv9hEttfi,0.7517616460349774
6ZRwn9JqdtRQyrHT0tKIgy,3dRjPo78q6rb7vaRElKNRl,0.9694874975952665
6ZRwn9JqdtRQyrHT0tKIgy,1yTZAe3F0X7BUpxbj8iMwH,0.9909272491908353
6ZRwn9JqdtRQyrHT0tKIgy,7LihoPgTF9hnxMh9lRTNkA,1.1673169824964893
6ZRwn9JqdtRQyrHT0tKIgy,4MpYL0NBKcz41y2TW3UCW8,1.2091926855091861
6ZRwn9JqdtRQyrHT0tKIgy,1VEO3XUn4W2dCCB0mCA5DG,1.2171405586087183
6ZRwn9JqdtRQyrHT0tKIgy,6TzYMmTsjyTIf1cSSuOcAw,1.3355031341100325
4RvtzkdXmDOjbggr6pu9jR,40KeMi4kkYpAlT1VmjrxDb,0.5328700423339268
4RvtzkdXmDOjbggr6pu9jR,3BpAJmSlThgkxBmzKzJHX0,0.943398768202143
4RvtzkdXmDOjbggr6pu9jR,2sgpYwWVQAXWetqtO9Kh24,1.0397947374889531
4RvtzkdXmDOjbggr6pu9jR,3fPgIknlkDWXs1l2noKZbp,1.0473802039720022
4RvtzkdXmDOjbggr6pu9jR,52pQ8Rn1Gh7CPV4fyKVfrV,1.0854607060574433
4RvtzkdXmDOjbggr6pu9jR,2YIzmw4FfKEL0LF6EtJCxW,1.0855790535491103
4RvtzkdXmDOjbggr6pu9jR,4xHA5RyRlbVeT2sDslkczq,1.0923416305385494
4RvtzkdXmDOjbggr6pu9jR,5lfWrciYtohtIMVDVZd0Rf,1.1196342538304629
4RvtzkdXmDOjbggr6pu9jR,7b1XzNeXhfwGNJWE6gHFRz,1.1260805563896874
4RvtzkdXmDOjbggr6pu9jR,0jwIgZRcbW2VjYuCbhKnX5,1.1632224245443818
6ohVFU3E1i5Ke7k37vtDdS,7FxxBNwN27gcqRjzSE6T9N,1.027267797438782
6ohVFU3E1i5Ke7k37vtDdS,47rsdYKDpxfxM41ELOzZhg,1.3431128670678456
6ohVFU3E1i5Ke7k37vtDdS,1tBjTyIWZpAXKOahFNrpMK,1.3671606361610908
6ohVFU3E1i5Ke7k37vtDdS,6iYQCMnUucNMM9Frw2kreu,1.4343593366332705
6ohVFU3E1i5Ke7k37vtDdS,12SNxpytVKahQ25nOTpbFX,1.4790736325695897
6ohVFU3E1i5Ke7k37vtDdS,2QMAB7AL9WPd0LdRH4BZda,1.4987656800918305
6ohVFU3E1i5Ke7k37vtDdS,0PPIpnwOzCZMUaGiHbAEqc,1.50207576124904
6ohVFU3E1i5Ke7k37vtDdS,5wpyfg3L9LKs64kJF6XiHF,1.5139253626086102
6ohVFU3E1i5Ke7k37vtDdS,6GfqNqXkAofNOakU77MWEb,1.573637953680149
6ohVFU3E1i5Ke7k37vtDdS,6wvWBHg6IWBIqs3eFUdNJx,1.585180192984521
1WAafipEtn2pAtHYBkBnk6,3VWzxuO5Z7hQojEAxysjeG,1.2508189023230625
1WAafipEtn2pAtHYBkBnk6,5l7GTyzBQ3gj8jljoCnQjQ,1.2635785017186998
1WAafipEtn2pAtHYBkBnk6,382pQ7OIddHeCHHdaFxyYn,1.4661388094302357
1WAafipEtn2pAtHYBkBnk6,2FAdK0AbXRRwlNFb2l9nUi,1.59517612686299
1WAafipEtn2pAtHYBkBnk6,2LyRC7gfWFJd6JI5i8fTJe,1.602094770529286
1WAafipEtn2pAtHYBkBnk6,1lnEWFVBzbjQqBUEMC1i6P,1.6122828119445012
1WAafipEtn2pAtHYBkBnk6,2E2Yuv42aBOnNhfbbqNoQf,1.6576593692386818
1WAafipEtn2pAtHYBkBnk6,2oEXzg6PzHXQ3Mt6Ar4fYt,1.817557128817906
1WAafipEtn2pAtHYBkBnk6,6d0sSZ2bfKUWeICsNRPyCt,1.8893085605723463
1WAafipEtn2pAtHYBkBnk6,1re1CuvpyhIm5ryPzUQyXc,1.9106418260890796
3nImoHhXBOqYcdTN8gt9eE,0z5EJolHD3zV6W17tigtP7,0.7785944084032365
3nImoHhXBOqYcdTN8gt9eE,3fnL2JDgy4QD04araOl0eY,0.820745564126399
3nImoHhXBOqYcdTN8gt9eE,7lu6YLrlB1MU7HW8DJSuPa,0.8896448312570311
3nImoHhXBOqYcdTN8gt9eE,0aIW3ekrhK1eh3BYCh11op,0.9153176563177282
3nImoHhXBOqYcdTN8gt9eE,1JnHZagDFvrT2lx4QovSOo,0.9220927503142037
3nImoHhXBOqYcdTN8gt9eE,0T5iIrXA4p5GsubkhuBIKV,0.9232403137996477
3nImoHhXBOqYcdTN8gt9eE,6SP4AXgL3VCUTmdm7axe9C,0.9883156127149596
3nImoHhXBOqYcdTN8gt9eE,7GkHIsnziYgk6j1lx2TK6H,1.0696514428922557
3nImoHhXBOqYcdTN8gt9eE,2FsrKLHO91CaT8vvY85DD6,1.0730816568343269
3nImoHhXBOqYcdTN8gt9eE,2QMAB7AL9WPd0LdRH4BZda,1.1230631771242157
1Nq9uiBzxv6NPnIoSOCQaM,2EuRnXkQ1X97VNY3NfSqay,4.549744440032075
1Nq9uiBzxv6NPnIoSOCQaM,10nyNJ6zNy2YVYLrcwLccB,4.552616241638563
1Nq9uiBzxv6NPnIoSOCQaM,4jWePuDwi4Mho9u5kpoYrj,4.629175119866316
1Nq9uiBzxv6NPnIoSOCQaM,1qnCh4pnEt4Rd6DEePwS08,4.637680510716218
1Nq9uiBzxv6NPnIoSOCQaM,5L0uUsxrDhl1wtuTTogDY1,4.695905349932971
1Nq9uiBzxv6NPnIoSOCQaM,4n3mp3DC7JrdXYJCDdwKhd,4.7097643837488965
1Nq9uiBzxv6NPnIoSOCQaM,4asON1CkiW73QaQSRrumH4,4.781934929641395
1Nq9uiBzxv6NPnIoSOCQaM,5PAKAKbcx1gqEoiLZIS6ec,4.83606898304645
1Nq9uiBzxv6NPnIoSOCQaM,7pIizKkImgo7jAZnbpFF2R,4.863425784014897
1Nq9uiBzxv6NPnIoSOCQaM,51Ht5maNIl3gkur1R9Guwd,4.948364205819497
3iOcbCxe0jW1XrlFb0rvj2,6YNdQ5utvFnK4CTAnBga06,0.5652083453363096
3iOcbCxe0jW1XrlFb0rvj2,2YA5IfmQwAmVzHRP3SVnEd,0.6425045458738512
3iOcbCxe0jW1XrlFb0rvj2,71wciO7F9Ro8J4vq1lvfru,0.7269928189316087
3iOcbCxe0jW1XrlFb0rvj2,0p4D8tKBjpTqOpFhwxIXe1,0.8178484708070981
3iOcbCxe0jW1XrlFb0rvj2,0D3J5hfXcaQLeMmZVxD4S7,0.8220265792442767
3iOcbCxe0jW1XrlFb0rvj2,48RAUxA6ZlqIuM4pON0GVC,0.9329622543489319
3iOcbCxe0jW1XrlFb0rvj2,2O2oWOUJM14dWhQNpkcSbD,0.9809330126721721
3iOcbCxe0jW1XrlFb0rvj2,7n4Y9BCKLHi4hqI2NctuAq,0.99623712904109
3iOcbCxe0jW1XrlFb0rvj2,6d1AuFOL1YBzLcruapNbZV,1.085509004410602
3iOcbCxe0jW1XrlFb0rvj2,5frWFPeKH8Pam3rKLFCytt,1.1264184958292698
1HZQUXcbIXCNzNrVQabWal,2pAD0PKMUMtxlMvz33tYzB,1.06233775824427
1HZQUXcbIXCNzNrVQabWal,3VpVwKT10A5a4eqN4Pyad1,1.0648155300713589
1HZQUXcbIXCNzNrVQabWal,0BumkbMOjaGROaVCR2I4An,1.0931398280199913
1HZQUXcbIXCNzNrVQabWal,2UkdH2WwhNlHu4MpMUzFIF,1.155568538825687
1HZQUXcbIXCNzNrVQabWal,65EReuqyiXH0WMIaeFEIlX,1.2710520241899037
1HZQUXcbIXCNzNrVQabWal,10n66m41IGjA2ZulKPK7Ew,1.3384274175075728
1HZQUXcbIXCNzNrVQabWal,52pQ8Rn1Gh7CPV4fyKVfrV,1.4316000371595017
1HZQUXcbIXCNzNrVQabWal,0q0blWBIHZZSMgCISWdBYC,1.4324104258735992
1HZQUXcbIXCNzNrVQabWal,5lfWrciYtohtIMVDVZd0Rf,1.6006388424270803
1HZQUXcbIXCNzNrVQabWal,5uCidx258qlEgnaj895hbm,1.6066044877579393
6ekLy1OsrYdLMbcqc0KZ8G,6ZRwn9JqdtRQyrHT0tKIgy,0.6187285418043192
6ekLy1OsrYdLMbcqc0KZ8G,1nBDeSiqD2z1ofv9hEttfi,0.9345195862771548
6ekLy1OsrYdLMbcqc0KZ8G,6ry0z6yotxEiqsxoKHpYBO,1.0654653329887382
6ekLy1OsrYdLMbcqc0KZ8G,37nppJzOgypngu1szTRD06,1.1180920944818407
6ekLy1OsrYdLMbcqc0KZ8G,7LihoPgTF9hnxMh9lRTNkA,1.175412792753392
6ekLy1OsrYdLMbcqc0KZ8G,1P7Ik6OX9dV3BnXZi9L4cI,1.2047247249102784
6ekLy1OsrYdLMbcqc0KZ8G,4TCMm1N1zoNmRYaLbYwB2k,1.2210796460684017
6ekLy1OsrYdLMbcqc0KZ8G,1yTZAe3F0X7BUpxbj8iMwH,1.2289906561217263
6ekLy1OsrYdLMbcqc0KZ8G,6TzYMmTsjyTIf1cSSuOcAw,1.2653883333789204
6ekLy1OsrYdLMbcqc0KZ8G,5T2iobXGYEI9TdrJ4Du6QN,1.268118087202937
5BUq9bdtsm3LWw5laJeJ4R,5frWFPeKH8Pam3rKLFCytt,1.0221097975196103
5BUq9bdtsm3LWw5laJeJ4R,3iOcbCxe0jW1XrlFb0rvj2,1.1363757458733312
5BUq9bdtsm3LWw5laJeJ4R,0p4D8tKBjpTqOpFhwxIXe1,1.1939237005920753
5BUq9bdtsm3LWw5laJeJ4R,6qFWAs54gSDIUh0J9XY8qx,1.2250256267717357
5BUq9bdtsm3LWw5laJeJ4R,7rhVGmZnwvqg2z2JJedkMX,1.233898815768786
5BUq9bdtsm3LWw5laJeJ4R,6RWhxVhLfVNxvE3ubp97SN,1.2592557022997461
5BUq9bdtsm3LWw5laJeJ4R,3fnL2JDgy4QD04araOl0eY,1.2821461697629275
5BUq9bdtsm3LWw5laJeJ4R,4oOmRoG2lWjv6COrTT8Z28,1.3192169135845424
5BUq9bdtsm3LWw5laJeJ4R,6YNdQ5utvFnK4CTAnBga06,1.3515123924065877
5BUq9bdtsm3LWw5laJeJ4R,5QLndwpuydTkQow1127Rxr,1.3575073976776955
1jcHOVANDK94K5UXQLs8Fz,7AW4g4I9fPfUIyqtbsuAkM,1.1230523921999824
1jcHOVANDK94K5UXQLs8Fz,2MTwDvHo3Mc8lKp7FeEHJJ,1.1868355310365986
1jcHOVANDK94K5UXQLs8Fz,1UfJ3Z0pPyejEKi37A0utw,1.7474130848331402
1jcHOVANDK94K5UXQLs8Fz,1AdUK37moo4ba9vRJJ7zVp,1.7565899333808341
1jcHOVANDK94K5UXQLs8Fz,2gNMXJDKRmKWuevBGjN8wo,1.8032875692217116
1jcHOVANDK94K5UXQLs8Fz,2bXI4Rbw1D7aVeHWLjn1Lb,1.826300440831818
1jcHOVANDK94K5UXQLs8Fz,6VZ4iuA1y0utK4YR9dMfhu,1.9272404336331341
1jcHOVANDK94K5UXQLs8Fz,0BFtrq3fyv1kRcId4o18mK,1.9357835437858668
1jcHOVANDK94K5UXQLs8Fz,59eugpPzqGZW1ZsV5JTAk2,1.9368126198198732
1jcHOVANDK94K5UXQLs8Fz,3Dg6BUqz0IaTOEq4ySdhhQ,2.043141412293418
1Zd1Y1UeG8PB5fDSgKQaH6,7EKpyfbmopbXMaMLW9QEd3,0.8035295709331427
1Zd1Y1UeG8PB5fDSgKQaH6,3xLtrBuptxKDFww9lND5Dc,0.9571343476786761
1Zd1Y1UeG8PB5fDSgKQaH6,6XDdcBC0hQkRcQfYovxd4c,0.9666608911086856
1Zd1Y1UeG8PB5fDSgKQaH6,6TzYMmTsjyTIf1cSSuOcAw,1.0076438520786737
1Zd1Y1UeG8PB5fDSgKQaH6,4x9l3fDzgvzg9t7Csbufrn,1.0953697288987392
1Zd1Y1UeG8PB5fDSgKQaH6,1yTZAe3F0X7BUpxbj8iMwH,1.2010249742564962
1Zd1Y1UeG8PB5fDSgKQaH6,1XLe4yeCt8cFemyxnICcZN,1.262981936473717
1Zd1Y1UeG8PB5fDSgKQaH6,1nBDeSiqD2z1ofv9hEttfi,1.2824919587501502
1Zd1Y1UeG8PB5fDSgKQaH6,1mRgy0qWyAc8EpFeeRNnRK,1.3091112205391318
1Zd1Y1UeG8PB5fDSgKQaH6,2xETIuyVWAjWXFSbqngBYq,1.3185956350458299
1f9jv3jIHqwZhVW7NMAgYN,5ALPzPUKl3Np5BrYTFs4Pb,0.6595747678693611
1f9jv3jIHqwZhVW7NMAgYN,0A4z93tJeaBRgZV6L5WP9h,0.7162170768615179
1f9jv3jIHqwZhVW7NMAgYN,5HuCuxK1MdKafyUHl6X54r,0.9987131759965254
1f9jv3jIHqwZhVW7NMAgYN,3v8CoiN19zAzkTG0E7TBTN,1.0776411549809153
1f9jv3jIHqwZhVW7NMAgYN,6KMbJSTSecyfoD5NgXiQvh,1.0963787838221681
1f9jv3jIHqwZhVW7NMAgYN,6Dqb8HDPamnC4LGd0dSAbw,1.1097209155674241
1f9jv3jIHqwZhVW7NMAgYN,7f9I5WdyXm5q1XqnSYgQZb,1.1468434543408161
1f9jv3jIHqwZhVW7NMAgYN,4X6kRZnZM8mZPkeMUmn8G6,1.1592186421812412
1f9jv3jIHqwZhVW7NMAgYN,4UF1eupXP9Zz5GpYepyOxI,1.2715374746068664
1f9jv3jIHqwZhVW7NMAgYN,3BOJ6BFjwbixqQM8J4hgYA,1.2800356704201084
7xs1ksUAb2XswNWJjeyt7V,0U7SRbyBhkdXdulXr3veKQ,0.5581523463754993
7xs1ksUAb2XswNWJjeyt7V,7rVw4gyhclOgTIrFCtI3ZG,0.7825498930912571
7xs1ksUAb2XswNWJjeyt7V,37ZgsOy8t4vMnGtMExr6ah,0.7862268512239569
7xs1ksUAb2XswNWJjeyt7V,5xde0qUR1uUmH8ZVOqoPRo,0.8812859162363317
7xs1ksUAb2XswNWJjeyt7V,1kG7gfH4HDUlDht0VZYkiP,0.931317509762466
7xs1ksUAb2XswNWJjeyt7V,2C6fzRAlaWOhKCOsn5a0Nk,0.9410202386635784
7xs1ksUAb2XswNWJjeyt7V,54SQet8YMttOgTqDNGcGpe,0.9433205996769973
7xs1ksUAb2XswNWJjeyt7V,4MNXKskyfqES2LAlbrrRbV,0.9628205105221633
7xs1ksUAb2XswNWJjeyt7V,2Racq7HrXkYvF8w9zXvlTp,0.9696261090819043
7xs1ksUAb2XswNWJjeyt7V,7AeKwxmlwwLFOF8D7M3Anb,0.9787514070284438
2LyRC7gfWFJd6JI5i8fTJe,6d0sSZ2bfKUWeICsNRPyCt,0.6511251320607012
2LyRC7gfWFJd6JI5i8fTJe,0pLfv0qTmH5AG2aUQQdkBt,1.0280455297278681
2LyRC7gfWFJd6JI5i8fTJe,6LiB2EaS3yxxJF4TWFgbno,1.0387024375572582
2LyRC7gfWFJd6JI5i8fTJe,382pQ7OIddHeCHHdaFxyYn,1.0407920570920677
2LyRC7gfWFJd6JI5i8fTJe,3yuxU2iHhz7tocZG9ohT1A,1.0941207175391519
2LyRC7gfWFJd6JI5i8fTJe,4KC2Z9dL4jL61Ys35N6srg,1.2492867782327748
2LyRC7gfWFJd6JI5i8fTJe,1lnEWFVBzbjQqBUEMC1i6P,1.3385963664143958
2LyRC7gfWFJd6JI5i8fTJe,7nBeVCe5XQ6sn6dzqFvglv,1.3585485199983613
2LyRC7gfWFJd6JI5i8fTJe,66dugDe9CKaXt9ZOFiKT0d,1.3895444551280638
2LyRC7gfWFJd6JI5i8fTJe,4Z4ATORVrIp25FqUmtBb8r,1.402330070629187
7n5Jcqw85WSfJHrMXsk5N2,4bwjXWiAn669DdICw249sD,1.0870655718342868
7n5Jcqw85WSfJHrMXsk5N2,2sKchp54KqDz6jPofHZ66t,1.2596903682428564
7n5Jcqw85WSfJHrMXsk5N2,7KFV09JUeoWlKei8kpy530,1.4150356510808868
7n5Jcqw85WSfJHrMXsk5N2,3EtsTQGKkUXaGDmMi7GRfD,1.4483455395287201
7n5Jcqw85WSfJHrMXsk5N2,041Xf2o8yDouqWCDKqkGuC,1.4900307958707468
7n5Jcqw85WSfJHrMXsk5N2,0SRPuTnr5QOKRoIxMvvlgK,1.570292236701197
7n5Jcqw85WSfJHrMXsk5N2,4RvtzkdXmDOjbggr6pu9jR,1.5781507635794403
7n5Jcqw85WSfJHrMXsk5N2,0jwIgZRcbW2VjYuCbhKnX5,1.6475360696680426
7n5Jcqw85WSfJHrMXsk5N2,3ZcLmonVVD1MTQtmQb8yf3,1.695221413172272
7n5Jcqw85WSfJHrMXsk5N2,5ulKQUbgBp6fDd9KvRVHaA,1.7075988931970776
6RWhxVhLfVNxvE3ubp97SN,6hVLkc1612BQeD6EQFKECm,1.0647207534359433
6RWhxVhLfVNxvE3ubp97SN,5tqgvcRaFZYV2Wu8xWgG3R,1.2152125605873083
6RWhxVhLfVNxvE3ubp97SN,2YA5IfmQwAmVzHRP3SVnEd,1.2324043321619105
6RWhxVhLfVNxvE3ubp97SN,5BUq9bdtsm3LWw5laJeJ4R,1.2592557022997461
6RWhxVhLfVNxvE3ubp97SN,3iOcbCxe0jW1XrlFb0rvj2,1.269560913419175
6RWhxVhLfVNxvE3ubp97SN,71wciO7F9Ro8J4vq1lvfru,1.280578956613878
6RWhxVhLfVNxvE3ubp97SN,3fnL2JDgy4QD04araOl0eY,1.3110167498023693
6RWhxVhLfVNxvE3ubp97SN,3z8h0TU7ReDPLIbEnYhWZb,1.425985038753107
6RWhxVhLfVNxvE3ubp97SN,4grmYnfTTC5s25gdSmACiU,1.4383264988276092
6RWhxVhLfVNxvE3ubp97SN,3z53rfQOg6Eb5pBCRsd7Uu,1.4617108154756753
3M4N9uyJg6RCxPsaG4xGGI,2jL3urmIC1PepoT93Mskmm,2.621778920057145
3M4N9uyJg6RCxPsaG4xGGI,0k2bhZ9oM3boyUWaV3MfWk,2.948239232483835
3M4N9uyJg6RCxPsaG4xGGI,2gNMXJDKRmKWuevBGjN8wo,2.9797487735629966
3M4N9uyJg6RCxPsaG4xGGI,5D1rMjP4yUnTMvzL32Odo1,3.1398953834606433
3M4N9uyJg6RCxPsaG4xGGI,0BFtrq3fyv1kRcId4o18mK,3.2672164905949654
3M4N9uyJg6RCxPsaG4xGGI,2W6MQ9T5sIIN7b6i0IIjfu,3.378986582981931
3M4N9uyJg6RCxPsaG4xGGI,3q2yXpMGvit2zgBYzKE3Zt,3.4176650766606222
3M4N9uyJg6RCxPsaG4xGGI,6hu4zxEVl8vhbZwDlqNqK6,3.4381805090184843
3M4N9uyJg6RCxPsaG4xGGI,1UR0RbyH4bKoovDNnGd53G,3.472206145836925
3M4N9uyJg6RCxPsaG4xGGI,3AQozzNsKUnxw2GSn0IlRq,3.4725108806341813
1nYo1XPxlNiVNClaD1emxe,5uCidx258qlEgnaj895hbm,1.5942128011632863
1nYo1XPxlNiVNClaD1emxe,1HZQUXcbIXCNzNrVQabWal,1.8099663283591392
1nYo1XPxlNiVNClaD1emxe,2wo4Pc7bsWb5rJpG3pESt3,1.8345359222289654
1nYo1XPxlNiVNClaD1emxe,2UkdH2WwhNlHu4MpMUzFIF,1.8868970673743202
1nYo1XPxlNiVNClaD1emxe,3VpVwKT10A5a4eqN4Pyad1,1.9086323118392143
1nYo1XPxlNiVNClaD1emxe,6ecXZdsvfOQjjQcVNs4WkN,1.9271437257060233
1nYo1XPxlNiVNClaD1emxe,5lfWrciYtohtIMVDVZd0Rf,1.9726967950729097
1nYo1XPxlNiVNClaD1emxe,4zLtcR5Hfm80fSqogapUEc,2.017775825288907
1nYo1XPxlNiVNClaD1emxe,5OSpHOjCFDWRY67fJFZ1ZQ,2.0207688569501894
1nYo1XPxlNiVNClaD1emxe,6Q4RJGUzVQym5RL5iq6627,2.02319339275286
2oEXzg6PzHXQ3Mt6Ar4fYt,1Ip5p31SowqjJLo2ss1afJ,1.4250660040002732
2oEXzg6PzHXQ3Mt6Ar4fYt,6Kov45Llkzzv6jci8DyhHO,1.5186215352152885
2oEXzg6PzHXQ3Mt6Ar4fYt,4zUHDRC4EJNcLag5uluuNE,1.595195556851972
2oEXzg6PzHXQ3Mt6Ar4fYt,69zSOewOfa2IvIRMveL1Cc,1.6110604403641482
2oEXzg6PzHXQ3Mt6Ar4fYt,0ud4VAfTH1AOb904kWOTzJ,1.6430999764960181
2oEXzg6PzHXQ3Mt6Ar4fYt,2n0U2OG5d6TuW5mKx7YrC0,1.6694278607596196
2oEXzg6PzHXQ3Mt6Ar4fYt,3DY5GOnDQXNKP0fNXcnW2U,1.6741447354216774
2oEXzg6PzHXQ3Mt6Ar4fYt,4DGbBb3ngjF7RsP5f9m7kW,1.695457091941961
2oEXzg6PzHXQ3Mt6Ar4fYt,5l7GTyzBQ3gj8jljoCnQjQ,1.7186919274535568
2oEXzg6PzHXQ3Mt6Ar4fYt,5m4FuvMmLOnq7Gpt0ckAcf,1.7395954923330985
6d1AuFOL1YBzLcruapNbZV,6Z0gK8Fp0AqS9EX8Icp4hj,0.7630458556475586
6d1AuFOL1YBzLcruapNbZV,2aX1zws7bVjTLbS1cYZK2W,0.7676867307979276
6d1AuFOL1YBzLcruapNbZV,0OwEskGUqCMgkSY7JkJS7x,0.7741624536008876
6d1AuFOL1YBzLcruapNbZV,48RAUxA6ZlqIuM4pON0GVC,0.8495816884872048
6d1AuFOL1YBzLcruapNbZV,2YA5IfmQwAmVzHRP3SVnEd,0.8814350918352062
6d1AuFOL1YBzLcruapNbZV,71wciO7F9Ro8J4vq1lvfru,0.9014552604360476
6d1AuFOL1YBzLcruapNbZV,3rXgbjVLoaHEUq82dbCP0f,0.9214703415399413
6d1AuFOL1YBzLcruapNbZV,4dk12UlAYNruc5pwHEXncR,0.9291942093493194
6d1AuFOL1YBzLcruapNbZV,4grmYnfTTC5s25gdSmACiU,0.9460550831709293
6d1AuFOL1YBzLcruapNbZV,0D3J5hfXcaQLeMmZVxD4S7,0.9631056647576489
2Tv4NhYavSni05V7IIT17w,3kUYO8UMNxuOCPuERmQYKa,0.6402706701909403
2Tv4NhYavSni05V7IIT17w,3q5Ze7QksOVd2ES9YzdfsE,0.7447184013200397
2Tv4NhYavSni05V7IIT17w,5H3JW2JiQG432dldneCyW1,0.7629028995970476
2Tv4NhYavSni05V7IIT17w,4jVu0QPK9BVeNgAmfvkocn,0.8016773852790959
2Tv4NhYavSni05V7IIT17w,6qOCyu8agpod9VK4EdZqzt,1.0114031035095015
2Tv4NhYavSni05V7IIT17w,0qwU4qCtm3aUqcAUISMhMz,1.045370290798909
2Tv4NhYavSni05V7IIT17w,7n4Y9BCKLHi4hqI2NctuAq,1.0821438832729626
2Tv4NhYavSni05V7IIT17w,1sKt4HswC1nmkjuhhG0KFt,1.1055040846205817
2Tv4NhYavSni05V7IIT17w,1pIMxRddmCGalHnRbLFkWg,1.1265038449175984
2Tv4NhYavSni05V7IIT17w,0cocZBknjka59p58FOdqef,1.1817430271872835
04tv9ewp0KMC5ijweE1GmS,1eGdw1BbGAYaXbgPcVIkGm,0.8606286986072418
04tv9ewp0KMC5ijweE1GmS,4FqirD1KsDyNukowu8TWhX,0.9054714470973497
04tv9ewp0KMC5ijweE1GmS,2RJireEKZhGveSCh1cDZjN,0.9147706874579528
04tv9ewp0KMC5ijweE1GmS,2hw1sBTzjB9zghnlLpqeAj,1.13857626541283
04tv9ewp0KMC5ijweE1GmS,59eCy91JDrnpbPLF3T3L03,1.152451668069403
04tv9ewp0KMC5ijweE1GmS,0H9T97wS2k3bk1JcyOlrrN,1.1894665658350925
04tv9ewp0KMC5ijweE1GmS,7g90T7PIBzqIpKZG0lzPzS,1.2720690049383094
04tv9ewp0KMC5ijweE1GmS,4G9X7CZFiwfG2P99sIaaK2,1.2779596281731127
04tv9ewp0KMC5ijweE1GmS,018vKll25kQiBjJ9FVOhSV,1.4176626995210557
04tv9ewp0KMC5ijweE1GmS,7KnFT8NQPRYtWOZXhWcGGZ,1.4687256316219819
3KAn1EEsOVjep0Y15UNtTr,2dHCfHPFdccesaPhiisAed,0.8041561487521568
3KAn1EEsOVjep0Y15UNtTr,57v7M9jKRFP9NCP3J2ms9M,0.8995192510235265
3KAn1EEsOVjep0Y15UNtTr,7m0ZqFw6SHoAvtEccpMOs3,1.1670882416386485
3KAn1EEsOVjep0Y15UNtTr,54sxsI1fcUJSAmKyty00r5,1.200717082983051
3KAn1EEsOVjep0Y15UNtTr,1byfhRPkrLvnQ4ib1SWNxQ,1.2431140526864823
3KAn1EEsOVjep0Y15UNtTr,6mVD1SfTvlFAPVi7txFL5H,1.2778963070250848
3KAn1EEsOVjep0Y15UNtTr,4vdg59Hg8I6u6MDkga5y2R,1.3084207337809406
3KAn1EEsOVjep0Y15UNtTr,0apq2ENNMlYg9Os1osfJ3Y,1.343832772326629
3KAn1EEsOVjep0Y15UNtTr,17x6eyS7sD6uqWfc8yn1EY,1.3603649907561028
3KAn1EEsOVjep0Y15UNtTr,4q6ZHerrtO7gcF67KFX0BF,1.365102065133337
2MMt0H8lE5pDs4b0fZEBzT,0uGTUhUrqGx9LYkkiLUXE4,1.2738841883193799
2MMt0H8lE5pDs4b0fZEBzT,6cARFkZxx2JR3JlvDzeLZc,1.346513798355789
2MMt0H8lE5pDs4b0fZEBzT,7m0ZqFw6SHoAvtEccpMOs3,1.5434239429045453
2MMt0H8lE5pDs4b0fZEBzT,6n6zJJFmKJ1DoKq2eMCbEb,1.5587275879887657
2MMt0H8lE5pDs4b0fZEBzT,006Bi4j0yzwOc3y69GOlYV,1.6017256339313897
2MMt0H8lE5pDs4b0fZEBzT,0apq2ENNMlYg9Os1osfJ3Y,1.6094288519959656
2MMt0H8lE5pDs4b0fZEBzT,6RNDeRnWsRMjPdNVgupZCs,1.635740028268834
2MMt0H8lE5pDs4b0fZEBzT,163l4xzEe3JAfPbv0kYNQo,1.6532235313530077
2MMt0H8lE5pDs4b0fZEBzT,52aj920Nd9VlhlehQVsfwS,1.6606918352636735
2MMt0H8lE5pDs4b0fZEBzT,0QAelR36l8kKZjccUbJ6ah,1.7021574568161213
3Qnz0h9QoUcqr1webXWbYM,4y1KB0U6LsuWLKiZgtq5ky,1.6148231896109637
3Qnz0h9QoUcqr1webXWbYM,2ifYUfvMNbXQDPJEyk68rP,1.8170793340871993
3Qnz0h9QoUcqr1webXWbYM,1zc9mfxeNZ6HiSxRzY7JIA,1.8398603714845387
3Qnz0h9QoUcqr1webXWbYM,6d3jo3AUpEsOrMsbtyeW7y,2.1120026619919305
3Qnz0h9QoUcqr1webXWbYM,0HkYWF3O2mW56RU67gEqyG,2.128524076227249
3Qnz0h9QoUcqr1webXWbYM,3mYCd23hPxJW5okSvMoy3x,2.1532266472660977
3Qnz0h9QoUcqr1webXWbYM,08gufysa763YtyeVUmPAQT,2.288523533109636
3Qnz0h9QoUcqr1webXWbYM,0TpTOzLGB3JrMhpkpq3u9y,2.3376390901388535
3Qnz0h9QoUcqr1webXWbYM,6DBqULxLjq66GX2dim7opR,2.343195644645043
3Qnz0h9QoUcqr1webXWbYM,2j93jQX5C9wRnSzT3qthRt,2.3972556609558255
4grmYnfTTC5s25gdSmACiU,6d1AuFOL1YBzLcruapNbZV,0.9460550831709293
4grmYnfTTC5s25gdSmACiU,5ZgnlpPg7qfiopdvqdrs2M,0.9852748494484274
4grmYnfTTC5s25gdSmACiU,4ileLT7ldd2uX8bMemWqbm,0.9946272839965548
4grmYnfTTC5s25gdSmACiU,4REZYGhSITpkC8xUiHAi2T,1.0200996067131618
4grmYnfTTC5s25gdSmACiU,0BFWUoOu91FcOEtpTdWFrN,1.029656804425703
4grmYnfTTC5s25gdSmACiU,48RAUxA6ZlqIuM4pON0GVC,1.0866427185264733
4grmYnfTTC5s25gdSmACiU,3rXgbjVLoaHEUq82dbCP0f,1.1255153315865036
4grmYnfTTC5s25gdSmACiU,3Z4ZuDrY684IFTBz2ze708,1.1334032061644526
4grmYnfTTC5s25gdSmACiU,1rrPwnC71ZmXcIXuPudHYo,1.1551328661774962
4grmYnfTTC5s25gdSmACiU,2mDYYGaGd9uXKkK2YhDA3i,1.1646917409222743
3pQ0zUFOi4e1KZ8yQkeD42,34CkAgBoiRuElQEKoi1zVF,0.6851109859078319
3pQ0zUFOi4e1KZ8yQkeD42,7s4XK58jwdioXsBdXianI8,0.8768584616071707
3pQ0zUFOi4e1KZ8yQkeD42,5k5QpH6VYu2EZZaw5ceSkJ,1.054016347355873
3pQ0zUFOi4e1KZ8yQkeD42,4f3g4NIJMywPIeTY74wh9b,1.0698267831773747
3pQ0zUFOi4e1KZ8yQkeD42,56ejQ1pr7fZVhU5Gfx9YQ5,1.0759415945530477
3pQ0zUFOi4e1KZ8yQkeD42,33LleOXlYSGmHinXyHWU7g,1.1327590420716953
3pQ0zUFOi4e1KZ8yQkeD42,2w2MXZEONSMh1HzOUpuqIx,1.2408574602380538
3pQ0zUFOi4e1KZ8yQkeD42,2wjkeM2gmbIa2sBkbnWLb0,1.255794355322712
3pQ0zUFOi4e1KZ8yQkeD42,6nsdMJW0IU4pR3pEmo0LAI,1.3209779880796746
3pQ0zUFOi4e1KZ8yQkeD42,2nT4y8qTzu2IBYuw7j8TPi,1.4119867077594346
4NbUqEJnGQAEDvfb1LB5V3,2RSTIsdhq5vqqr2GcTFdGM,0.8553638397846023
4NbUqEJnGQAEDvfb1LB5V3,3UgiXDauVuj9HZKzFY8TBL,0.8799924391310051
4NbUqEJnGQAEDvfb1LB5V3,2wmQfaHp4zbqQkbf5nu5SF,0.9537765606721572
4NbUqEJnGQAEDvfb1LB5V3,5j4kHNz5syQBR9Jfv3hwbb,1.073448451969452
4NbUqEJnGQAEDvfb1LB5V3,006c9li2Mybyg5vm6doEfO,1.1669127195155191
4NbUqEJnGQAEDvfb1LB5V3,4W5HbjNHMU7uw27oZwLaVK,1.2237528775090492
4NbUqEJnGQAEDvfb1LB5V3,55N8cxpE1QDoeaaNqUnoZ2,1.2291397721376978
4NbUqEJnGQAEDvfb1LB5V3,3PF8RXSKjme6Pi58ajTIvo,1.2778433390051362
4NbUqEJnGQAEDvfb1LB5V3,3znPiywA0q1VK2jgAZFDoI,1.284481478625656
4NbUqEJnGQAEDvfb1LB5V3,3jl1I9gvCXo5V9hu4hYGLY,1.2846542147565976
3znPiywA0q1VK2jgAZFDoI,2nT4y8qTzu2IBYuw7j8TPi,0.5988605510262959
3znPiywA0q1VK2jgAZFDoI,5bdXzykQmyiUB91lqrNvOC,0.7076635866169013
3znPiywA0q1VK2jgAZFDoI,4wOqh7UiXe4jfbotAizdTu,0.8545664951711665
3znPiywA0q1VK2jgAZFDoI,3UgiXDauVuj9HZKzFY8TBL,0.8916739980490981
3znPiywA0q1VK2jgAZFDoI,7s4XK58jwdioXsBdXianI8,0.9425288605131398
3znPiywA0q1VK2jgAZFDoI,3I8w8mVY4KFBXbhcP5NqqH,1.075725007362709
3znPiywA0q1VK2jgAZFDoI,71fSn6OIF7HnCbgCzOBqpj,1.1146037576386647
3znPiywA0q1VK2jgAZFDoI,2Uxnz7OTTYtgGrwjVcYRlG,1.1200398693352323
3znPiywA0q1VK2jgAZFDoI,55N8cxpE1QDoeaaNqUnoZ2,1.1502134646147972
3znPiywA0q1VK2jgAZFDoI,33LleOXlYSGmHinXyHWU7g,1.1650854055756383
0dcNLhcMbcFd1eduLDNuNT,4IUgpL0CgSiloUOHzgd6Qe,1.1921205971641775
0dcNLhcMbcFd1eduLDNuNT,4yDFEglGw2yP0jvrqCTgfM,1.2283880393840794
0dcNLhcMbcFd1eduLDNuNT,5gBkapKElcmuRuw6lQGYlZ,1.2865985975870606
0dcNLhcMbcFd1eduLDNuNT,6ekLy1OsrYdLMbcqc0KZ8G,1.3028368543057756
0dcNLhcMbcFd1eduLDNuNT,4j6P3mLiZRfNPGFIQlq9vX,1.4788273454456784
0dcNLhcMbcFd1eduLDNuNT,6ZRwn9JqdtRQyrHT0tKIgy,1.518024404381019
0dcNLhcMbcFd1eduLDNuNT,5T2iobXGYEI9TdrJ4Du6QN,1.5424739993563192
0dcNLhcMbcFd1eduLDNuNT,7eX5SypK35V8Y9d9pS6rWy,1.6156575530062995
0dcNLhcMbcFd1eduLDNuNT,718purgMpFb2Axhuz0Hbq1,1.6544526927944891
0dcNLhcMbcFd1eduLDNuNT,1nBDeSiqD2z1ofv9hEttfi,1.6587320320548844
2IkCJvsnygJFSoZV8nhQoq,72Br67AOUPrirJtaMoXOUk,0.9810983424984547
2IkCJvsnygJFSoZV8nhQoq,0BQNM4jGoWsJ4qN5GQpgmh,1.2592201655222797
2IkCJvsnygJFSoZV8nhQoq,67al4eD0HtTYVqw1BLcF2d,1.3125833753387108
2IkCJvsnygJFSoZV8nhQoq,5R3TXM4XqQYBZjMs7koHZT,1.660362802501342
2IkCJvsnygJFSoZV8nhQoq,58zM8eyUWtoX4V3qpJ7pxC,1.7178043325430548
2IkCJvsnygJFSoZV8nhQoq,0WK1p8CduOKInJdZcjDy5A,1.8155852357957958
2IkCJvsnygJFSoZV8nhQoq,0XE4aVvC1rOGaS9jLpgsfv,1.8340537228467235
2IkCJvsnygJFSoZV8nhQoq,3eBMWAbupDk0WKevWvrqa4,1.975818443991862
2IkCJvsnygJFSoZV8nhQoq,2a9qHSjK62gyvVjg6ZnjB7,2.009751392043785
2IkCJvsnygJFSoZV8nhQoq,3nX1nZJoLqfNSBq19RPGS4,2.067374628963899
5bphWpcTM84wiP9u0em7Za,2QMAB7AL9WPd0LdRH4BZda,0.8467079867311283
5bphWpcTM84wiP9u0em7Za,1qnCh4pnEt4Rd6DEePwS08,1.0268809144166122
5bphWpcTM84wiP9u0em7Za,0l8p1TkaVgcwIUS0xwm6Y5,1.18949457209705
5bphWpcTM84wiP9u0em7Za,6DXazvidTcZ7Nx78cm5hZE,1.1995012835288954
5bphWpcTM84wiP9u0em7Za,4ngv7whSPSAwD8ZP3zMHsd,1.3246853197946453
5bphWpcTM84wiP9u0em7Za,4n3mp3DC7JrdXYJCDdwKhd,1.3460719548143107
5bphWpcTM84wiP9u0em7Za,35CoDqsVF0P2w8Lgir7wrs,1.3830869952100828
5bphWpcTM84wiP9u0em7Za,2SLwPaJTN6B6zwcIwsuQAK,1.3949267415655786
5bphWpcTM84wiP9u0em7Za,3fnL2JDgy4QD04araOl0eY,1.4169399325513017
5bphWpcTM84wiP9u0em7Za,4Fs8Ae2PYNKQJnZmqSsKuw,1.426612007886937
7H4baUrCPnLkLOl6o9zkMO,249e2fS064cOwvWXm4JU28,1.07743637379928
7H4baUrCPnLkLOl6o9zkMO,0bIgZAoXlENJVhVCt838Az,1.1616274952267884
7H4baUrCPnLkLOl6o9zkMO,65EReuqyiXH0WMIaeFEIlX,1.1667700517267474
7H4baUrCPnLkLOl6o9zkMO,6AJppuCk5EE86paOdDI4yL,1.187829234102297
7H4baUrCPnLkLOl6o9zkMO,7bfocP7GYoLOutUYpTI8tx,1.1925592214428187
7H4baUrCPnLkLOl6o9zkMO,3ctDo5gZFNOiMjqa0XDBif,1.2205250635888532
7H4baUrCPnLkLOl6o9zkMO,0jNRJBmHgJDOmiIvk10J9C,1.2603579476118922
7H4baUrCPnLkLOl6o9zkMO,6MnzjGoeZyEzSml6Ohi0at,1.29808020956845
7H4baUrCPnLkLOl6o9zkMO,6Vb1LGvWPpP3aeuRcp098D,1.3525169636571177
7H4baUrCPnLkLOl6o9zkMO,3VpVwKT10A5a4eqN4Pyad1,1.3530946456151398
47rsdYKDpxfxM41ELOzZhg,7FxxBNwN27gcqRjzSE6T9N,0.699804225194237
47rsdYKDpxfxM41ELOzZhg,6wvWBHg6IWBIqs3eFUdNJx,0.8611893805327926
47rsdYKDpxfxM41ELOzZhg,1W0voVAoKVow8VhpwWBHl5,1.1180241787387237
47rsdYKDpxfxM41ELOzZhg,7bBEhjBUUHwkONgReD5xmB,1.25987222040845
47rsdYKDpxfxM41ELOzZhg,6ohVFU3E1i5Ke7k37vtDdS,1.3431128670678456
47rsdYKDpxfxM41ELOzZhg,5wpyfg3L9LKs64kJF6XiHF,1.4451520993275915
47rsdYKDpxfxM41ELOzZhg,2FsrKLHO91CaT8vvY85DD6,1.4563219655853432
47rsdYKDpxfxM41ELOzZhg,2RfncplwWMhuFY7nv2Dwwa,1.4566089857365958
47rsdYKDpxfxM41ELOzZhg,6VScORohpeHSfdLkPUZuZX,1.4714207932699916
47rsdYKDpxfxM41ELOzZhg,4qk8TRTKURbYICrtfAfDYr,1.4937619692221975
5gBkapKElcmuRuw6lQGYlZ,0dcNLhcMbcFd1eduLDNuNT,1.2865985975870606
5gBkapKElcmuRuw6lQGYlZ,4yDFEglGw2yP0jvrqCTgfM,1.3054429181133573
5gBkapKElcmuRuw6lQGYlZ,1VEO3XUn4W2dCCB0mCA5DG,1.308743868085369
5gBkapKElcmuRuw6lQGYlZ,3dRjPo78q6rb7vaRElKNRl,1.46313184798581
5gBkapKElcmuRuw6lQGYlZ,37nppJzOgypngu1szTRD06,1.5056327547520443
5gBkapKElcmuRuw6lQGYlZ,6ZRwn9JqdtRQyrHT0tKIgy,1.5219180914926589
5gBkapKElcmuRuw6lQGYlZ,4j6P3mLiZRfNPGFIQlq9vX,1.5419404687447433
5gBkapKElcmuRuw6lQGYlZ,6ekLy1OsrYdLMbcqc0KZ8G,1.5423136389117993
5gBkapKElcmuRuw6lQGYlZ,55ZOwV8VlGuI8f7wc4vofi,1.720750813155369
5gBkapKElcmuRuw6lQGYlZ,6ry0z6yotxEiqsxoKHpYBO,1.7591119566344564
1tBjTyIWZpAXKOahFNrpMK,0PPIpnwOzCZMUaGiHbAEqc,0.6827546629972431
1tBjTyIWZpAXKOahFNrpMK,5WTMon2o3bL3LvIxVQm9xk,0.8768969570071334
1tBjTyIWZpAXKOahFNrpMK,5OSpHOjCFDWRY67fJFZ1ZQ,0.985388658302961
1tBjTyIWZpAXKOahFNrpMK,1bspDLAXNjbSmqThncJaA3,0.9987180966841332
1tBjTyIWZpAXKOahFNrpMK,0BumkbMOjaGROaVCR2I4An,1.0869410547824965
1tBjTyIWZpAXKOahFNrpMK,5j8cflZIx0GwvlkzPImbtK,1.129077152344223
1tBjTyIWZpAXKOahFNrpMK,6iYQCMnUucNMM9Frw2kreu,1.1320586633882586
1tBjTyIWZpAXKOahFNrpMK,7FxxBNwN27gcqRjzSE6T9N,1.282486951637744
1tBjTyIWZpAXKOahFNrpMK,2rbkwvwtdWpDwthWnTpJMj,1.3034681720993502
1tBjTyIWZpAXKOahFNrpMK,5a8O0CAraAuR4iLZXg0s46,1.3437724692003064
3FX9rMHZqWTpv5ZTR7TkpB,2YG0kV3M9JNde63YtelgUt,0.6533472177654462
3FX9rMHZqWTpv5ZTR7TkpB,4sKGkVi8boc00JTpw7aVB7,0.7613187047174499
3FX9rMHZqWTpv5ZTR7TkpB,0EmYZZ8OqeALedVhijSjsg,0.9273924729338293
3FX9rMHZqWTpv5ZTR7TkpB,22tot0Y6uKuWdAZnEQyB6g,0.9389244273131744
3FX9rMHZqWTpv5ZTR7TkpB,4sNG6zQBmtq7M8aeeKJRMQ,1.020192060544347
3FX9rMHZqWTpv5ZTR7TkpB,57WO3RacxniSNSeHwcrkVZ,1.0258193355691194
3FX9rMHZqWTpv5ZTR7TkpB,3bc6MVpDA0hm4DbuqD2r9C,1.031659777272567
3FX9rMHZqWTpv5ZTR7TkpB,7epvz4k2v8qrzYansbnKAd,1.04376500341167
3FX9rMHZqWTpv5ZTR7TkpB,3PDf2Xk2fHt3EexYRrVS0j,1.0682855825165247
3FX9rMHZqWTpv5ZTR7TkpB,45FR60U6pxNbiQkA8BOhBD,1.0693412734300893
4I0edgb5lVFVllfB7igc91,4oowGH3baaetOYlEVUglhU,0.9112145023890923
4I0edgb5lVFVllfB7igc91,6T1t7fOMfVuVpWSe2Z4Pp9,1.041957179873085
4I0edgb5lVFVllfB7igc91,6bWSlgj7GqYXsorKurrxTJ,1.197032755353114
4I0edgb5lVFVllfB7igc91,5CIuhTu5H6req55w8yBejp,1.2806877820946883
4I0edgb5lVFVllfB7igc91,36nYdygI2cwOtjBqGxhHzY,1.2837702113147929
4I0edgb5lVFVllfB7igc91,0aKb5riywYeDam6ukd62RO,1.2915648662170163
4I0edgb5lVFVllfB7igc91,1jt4hk4d51pZ8DZl8yMMmG,1.316675110043906
4I0edgb5lVFVllfB7igc91,6ibmDmnayyljaIfT8hgkVq,1.388365232182791
4I0edgb5lVFVllfB7igc91,68xC2JQSgK9L43IkW7UvNT,1.4984502434465559
4I0edgb5lVFVllfB7igc91,6onFDeU84yMtLmYfTlHkoI,1.543093845326842
4jWePuDwi4Mho9u5kpoYrj,4YLv4bDhfubAu142fY8QN1,1.523094980875501
4jWePuDwi4Mho9u5kpoYrj,0oo6NX5bPcqUbX7eJtoslO,1.6493728111330057
4jWePuDwi4Mho9u5kpoYrj,1erM5eAa42t5PizveNnsbY,1.7875271690461019
4jWePuDwi4Mho9u5kpoYrj,2nLtzopw4rPReszdYBJU6h,1.9332467552645762
4jWePuDwi4Mho9u5kpoYrj,3joSo5cx7WLe18uEEdu3Oj,2.0146260866164636
4jWePuDwi4Mho9u5kpoYrj,6mSDD3nBMVP0ZwJoLakFYo,2.024563176588492
4jWePuDwi4Mho9u5kpoYrj,1WsPeKmEE0NSgq6F3y2Ot6,2.050355389800882
4jWePuDwi4Mho9u5kpoYrj,08gufysa763YtyeVUmPAQT,2.070928794286761
4jWePuDwi4Mho9u5kpoYrj,0KpTFH1SzexN8SGc0GPILC,2.1424659034584743
4jWePuDwi4Mho9u5kpoYrj,6LyA7ACKgmVyPfiuIwC5E0,2.1832040954779477
4JITK6LNul3oc5aDcCYlLx,6VZ4iuA1y0utK4YR9dMfhu,1.4166738589319496
4JITK6LNul3oc5aDcCYlLx,1UfJ3Z0pPyejEKi37A0utw,1.514079565975669
4JITK6LNul3oc5aDcCYlLx,0BFtrq3fyv1kRcId4o18mK,1.841864788164135
4JITK6LNul3oc5aDcCYlLx,1jcHOVANDK94K5UXQLs8Fz,2.0676115297384223
4JITK6LNul3oc5aDcCYlLx,2esbthZf8kgJK8x8n9BYNe,2.101465147644407
4JITK6LNul3oc5aDcCYlLx,7AW4g4I9fPfUIyqtbsuAkM,2.130583871309244
4JITK6LNul3oc5aDcCYlLx,59eugpPzqGZW1ZsV5JTAk2,2.1708925403079626
4JITK6LNul3oc5aDcCYlLx,0u5mGjvZPRx3uFCwXKcXCP,2.1917156104187994
4JITK6LNul3oc5aDcCYlLx,4DpgPdsES4Hxdz3eqOP3Ac,2.412796187330974
4JITK6LNul3oc5aDcCYlLx,7HM1onSgR6op93vH7jNTV5,2.4203063650406555
08gufysa763YtyeVUmPAQT,0oo6NX5bPcqUbX7eJtoslO,1.1095796878526918
08gufysa763YtyeVUmPAQT,6LyA7ACKgmVyPfiuIwC5E0,1.8804013229286451
08gufysa763YtyeVUmPAQT,1erM5eAa42t5PizveNnsbY,1.9851489454104532
08gufysa763YtyeVUmPAQT,5auwSKx96QcROy6CTGnHIl,2.0526504140330584
08gufysa763YtyeVUmPAQT,4jWePuDwi4Mho9u5kpoYrj,2.070928794286761
08gufysa763YtyeVUmPAQT,4S4qLTfC7kXxIMEB9xuGnw,2.080010485513033
08gufysa763YtyeVUmPAQT,4YLv4bDhfubAu142fY8QN1,2.142170276042954
08gufysa763YtyeVUmPAQT,2nLtzopw4rPReszdYBJU6h,2.1624436159526264
08gufysa763YtyeVUmPAQT,4RyifJbF8JhMtFdR2Bzslt,2.185870618655808
08gufysa763YtyeVUmPAQT,3Qnz0h9QoUcqr1webXWbYM,2.288523533109636
6Vb1LGvWPpP3aeuRcp098D,0jNRJBmHgJDOmiIvk10J9C,0.9863393143145225
6Vb1LGvWPpP3aeuRcp098D,0BFWUoOu91FcOEtpTdWFrN,1.0998654891549815
6Vb1LGvWPpP3aeuRcp098D,0bIgZAoXlENJVhVCt838Az,1.1509577929540293
6Vb1LGvWPpP3aeuRcp098D,6MnzjGoeZyEzSml6Ohi0at,1.1633082611836019
6Vb1LGvWPpP3aeuRcp098D,3Z4ZuDrY684IFTBz2ze708,1.1784002363066828
6Vb1LGvWPpP3aeuRcp098D,3XmIlmYem8DGp7aorcpBay,1.2198909851724926
6Vb1LGvWPpP3aeuRcp098D,6AJppuCk5EE86paOdDI4yL,1.2820509183862079
6Vb1LGvWPpP3aeuRcp098D,6rSNgGImNmGPcosJiPLgzs,1.3325737107545426
6Vb1LGvWPpP3aeuRcp098D,2fyIS6GXMgUcSv4oejx63f,1.3424402379656217
6Vb1LGvWPpP3aeuRcp098D,7H4baUrCPnLkLOl6o9zkMO,1.3525169636571177
6TRYv8brfH12SfgV8lMraP,4rrDNJIlcE03cUe4RA74Z6,1.374348772703664
6TRYv8brfH12SfgV8lMraP,718purgMpFb2Axhuz0Hbq1,1.7019744286251373
6TRYv8brfH12SfgV8lMraP,4uFXfaNBVQw1MJ9K19P8QS,1.8394243698953778
6TRYv8brfH12SfgV8lMraP,7kYgRZwVlq9a3lvHGHunrb,1.9098667492471901
6TRYv8brfH12SfgV8lMraP,1nPfUuE8XYrnsaToI81yyO,1.945450436951077
6TRYv8brfH12SfgV8lMraP,2UxxDidNYPuTLiMNKBHMiK,2.0481337197902447
6TRYv8brfH12SfgV8lMraP,1FlY15vdP570PJucy6JdYm,2.077301321520872
6TRYv8brfH12SfgV8lMraP,3kKb3U3a8jmUJQB9ypE1Jl,2.114953358179985
6TRYv8brfH12SfgV8lMraP,2LMloFiV7DHpBhITOaBSam,2.124040948279427
6TRYv8brfH12SfgV8lMraP,2MMt0H8lE5pDs4b0fZEBzT,2.1650511869198943
6PHfwvVXuWlwChal3a22NX,0v3C05tIF1WZWFlcj326YZ,1.4896450552641045
6PHfwvVXuWlwChal3a22NX,2YG0kV3M9JNde63YtelgUt,1.5440473298294812
6PHfwvVXuWlwChal3a22NX,0mtn3uti60qnEwTJJIQ29v,1.575727653990101
6PHfwvVXuWlwChal3a22NX,6TSDRzJGwbK9cajVbtqlPV,1.5986653908728503
6PHfwvVXuWlwChal3a22NX,0zuH9aSrPkctSaAn1kPN86,1.6170060095136527
6PHfwvVXuWlwChal3a22NX,7lvobfYGCBe0okzSwMtvRK,1.6591974756272492
6PHfwvVXuWlwChal3a22NX,5aAjcWycNzzlnnwRB8z0zL,1.7063870864134818
6PHfwvVXuWlwChal3a22NX,20McUFi8KCIVdNDLrkTDuZ,1.7142774315755804
6PHfwvVXuWlwChal3a22NX,0RYqTScbPJ3wijhvWOgLkE,1.7455423188307562
6PHfwvVXuWlwChal3a22NX,2L1KDMlUbzuaXce1VvWV57,1.7570332647192384
3YLBzcPdr3obwR4tqOJEyv,3NtC3kB57EmY8FXziu8KOn,0.5746663724190568
3YLBzcPdr3obwR4tqOJEyv,4YXKKnIZuk7UtXH5oC0ffa,1.0710713554949085
3YLBzcPdr3obwR4tqOJEyv,00nQri79W2dxFkWmXISlLh,1.1379925421309107
3YLBzcPdr3obwR4tqOJEyv,4pY65PI8PkbRumQpEoxElV,1.195746846439478
3YLBzcPdr3obwR4tqOJEyv,1zZLRpTzRTqPQ7G7uxYI9Y,1.3258376212916332
3YLBzcPdr3obwR4tqOJEyv,4fhLBWSTK9UeGiDQST7bxP,1.3620349867241623
3YLBzcPdr3obwR4tqOJEyv,712vBjPwBMW6Bd4i2xo5pm,1.368564319780778
3YLBzcPdr3obwR4tqOJEyv,0IgDxg8KOtsM8x3y09L9oB,1.4590262445022883
3YLBzcPdr3obwR4tqOJEyv,3HKENICtez4Mz0tnUqpFIP,1.479979597243965
3YLBzcPdr3obwR4tqOJEyv,5j8cflZIx0GwvlkzPImbtK,1.5446521043543513
0bjsMl6oNTuvem3dvX2tDs,7GdmthJKzEggNQqkREPLDY,1.3750907834544654
0bjsMl6oNTuvem3dvX2tDs,1eK9FbqhWUoolfJdiQtKaO,1.6579520088681836
0bjsMl6oNTuvem3dvX2tDs,08FVjIlxDFr0ZV5fDLlhKE,1.822277003062011
0bjsMl6oNTuvem3dvX2tDs,0nBXAd6tU3ESx9rdyEjGbD,1.8449413798977947
0bjsMl6oNTuvem3dvX2tDs,5XiVCvi3bXYcFCRpRxk0p2,1.8691150862226502
0bjsMl6oNTuvem3dvX2tDs,0l8p1TkaVgcwIUS0xwm6Y5,1.8912780127529545
0bjsMl6oNTuvem3dvX2tDs,3r9eGg4SVPbhtiPTA9UkmK,1.8940513442660734
0bjsMl6oNTuvem3dvX2tDs,5bphWpcTM84wiP9u0em7Za,2.0562485728952318
0bjsMl6oNTuvem3dvX2tDs,4f4NAym3a1cwDslRX39WAj,2.067777097438015
0bjsMl6oNTuvem3dvX2tDs,1qnCh4pnEt4Rd6DEePwS08,2.113282147520101
1YmavNGmgWmsLe6OZX6sJC,3cyN4BZhcTdZyTMcqaCDb3,1.0735312874205512
1YmavNGmgWmsLe6OZX6sJC,7KFV09JUeoWlKei8kpy530,1.1876489740826666
1YmavNGmgWmsLe6OZX6sJC,0eEXcw3JLVXcRxYrVYMy68,1.21713524265556
1YmavNGmgWmsLe6OZX6sJC,3jumxkobNDisdRz27CxhOF,1.2299135558339465
1YmavNGmgWmsLe6OZX6sJC,041Xf2o8yDouqWCDKqkGuC,1.3239268182445558
1YmavNGmgWmsLe6OZX6sJC,4bwjXWiAn669DdICw249sD,1.3827802611937645
1YmavNGmgWmsLe6OZX6sJC,6k3lATWmM3Z9TJvrzDHfga,1.4341655217198006
1YmavNGmgWmsLe6OZX6sJC,0pZPObivxzE2M6AnzezZWH,1.461791289171946
1YmavNGmgWmsLe6OZX6sJC,0SRPuTnr5QOKRoIxMvvlgK,1.5410713706177728
1YmavNGmgWmsLe6OZX6sJC,1tJPPxQ18pJL0MnfS4nQZn,1.6305415244281263
7zO8xgWtAGQpAKEG9n48Yb,6T1t7fOMfVuVpWSe2Z4Pp9,1.475503506952711
7zO8xgWtAGQpAKEG9n48Yb,6ibmDmnayyljaIfT8hgkVq,1.5224200620765702
7zO8xgWtAGQpAKEG9n48Yb,5CIuhTu5H6req55w8yBejp,1.5822897242896532
7zO8xgWtAGQpAKEG9n48Yb,1vViUoB7DpXUX10isPj7YL,1.6161027524269793
7zO8xgWtAGQpAKEG9n48Yb,4oowGH3baaetOYlEVUglhU,1.633877398865833
7zO8xgWtAGQpAKEG9n48Yb,36nYdygI2cwOtjBqGxhHzY,1.7499753818215082
7zO8xgWtAGQpAKEG9n48Yb,6XTKYGyydndSUV3OHHDwZU,1.8643491690557716
7zO8xgWtAGQpAKEG9n48Yb,0aKb5riywYeDam6ukd62RO,2.032796927220816
7zO8xgWtAGQpAKEG9n48Yb,4I0edgb5lVFVllfB7igc91,2.1032970922591927
7zO8xgWtAGQpAKEG9n48Yb,1jt4hk4d51pZ8DZl8yMMmG,2.1297311825674186
4dk12UlAYNruc5pwHEXncR,3O3lsUYkkrolKZEfH4pTQn,0.8031500034659439
4dk12UlAYNruc5pwHEXncR,48RAUxA6ZlqIuM4pON0GVC,0.8431593136506053
4dk12UlAYNruc5pwHEXncR,2t0wwvR15fc3K1ey8OiOaN,0.8455588814253059
4dk12UlAYNruc5pwHEXncR,6YNdQ5utvFnK4CTAnBga06,0.8722643241311003
4dk12UlAYNruc5pwHEXncR,3iTgKW7MWI0M0acyEoQXds,0.8766225800411951
4dk12UlAYNruc5pwHEXncR,6Z0gK8Fp0AqS9EX8Icp4hj,0.9092930232484697
4dk12UlAYNruc5pwHEXncR,6d1AuFOL1YBzLcruapNbZV,0.9291942093493194
4dk12UlAYNruc5pwHEXncR,71wciO7F9Ro8J4vq1lvfru,0.9375914145115388
4dk12UlAYNruc5pwHEXncR,2jcMktZrayNaiWRnRmItnY,0.995840798324138
4dk12UlAYNruc5pwHEXncR,2fyIS6GXMgUcSv4oejx63f,1.0300457324381578
6pdFWoSqOdRs5SCpeVMh8n,0DC7Zs2qvAbNK1owWQ4mlL,2.310012831978522
6pdFWoSqOdRs5SCpeVMh8n,2gfHZWYVhzCQg3dvlmS421,2.689097433874853
6pdFWoSqOdRs5SCpeVMh8n,4jWXXlguqZ8zhRvxOxmp9j,2.690714314894501
6pdFWoSqOdRs5SCpeVMh8n,0fea68AdmYNygeTGI4RC18,2.7128698537254787
6pdFWoSqOdRs5SCpeVMh8n,3IWy6MPyWKPFAQ5x6YAkrc,2.7490671092912025
6pdFWoSqOdRs5SCpeVMh8n,1v9ciHEQ38bWRa3EfTUiwZ,2.756447063391076
6pdFWoSqOdRs5SCpeVMh8n,0BQNM4jGoWsJ4qN5GQpgmh,2.7882851317443533
6pdFWoSqOdRs5SCpeVMh8n,3BK7JmX1P4GSGx5mdG3aiL,2.8598894136178057
6pdFWoSqOdRs5SCpeVMh8n,2ueWCiQRtVdj5pSs87CDla,2.9105537998765802
6pdFWoSqOdRs5SCpeVMh8n,2auS62fIl7yMkBkfQy0N2F,2.9136097205545215
382pQ7OIddHeCHHdaFxyYn,1lnEWFVBzbjQqBUEMC1i6P,1.0053593408544452
382pQ7OIddHeCHHdaFxyYn,6d0sSZ2bfKUWeICsNRPyCt,1.0074756137759941
382pQ7OIddHeCHHdaFxyYn,2LyRC7gfWFJd6JI5i8fTJe,1.0407920570920677
382pQ7OIddHeCHHdaFxyYn,7nBeVCe5XQ6sn6dzqFvglv,1.2769367060499142
382pQ7OIddHeCHHdaFxyYn,66dugDe9CKaXt9ZOFiKT0d,1.373065998463101
382pQ7OIddHeCHHdaFxyYn,4Z4ATORVrIp25FqUmtBb8r,1.3933652784593042
382pQ7OIddHeCHHdaFxyYn,1WAafipEtn2pAtHYBkBnk6,1.4661388094302357
382pQ7OIddHeCHHdaFxyYn,4KC2Z9dL4jL61Ys35N6srg,1.4769233130811898
382pQ7OIddHeCHHdaFxyYn,3yuxU2iHhz7tocZG9ohT1A,1.51789604261666
382pQ7OIddHeCHHdaFxyYn,0pLfv0qTmH5AG2aUQQdkBt,1.5436237740056489
0bAuzGnpoaZFpfbAhEWjqO,6t2gHlvw7kTK6M7M5f7S6K,0.8637013526963561
0bAuzGnpoaZFpfbAhEWjqO,5wevFONYz7ox3Z5rrDJbkp,1.1904467595536379
0bAuzGnpoaZFpfbAhEWjqO,47fOtKyt7VeUIer3SqgNOp,1.5846886173812726
0bAuzGnpoaZFpfbAhEWjqO,1leA0GHDe1eQBiRbOqAqIc,1.608852551022576
0bAuzGnpoaZFpfbAhEWjqO,1Db4Qa67eYC7MxnCqFvRQj,1.6182013285702979
0bAuzGnpoaZFpfbAhEWjqO,3TLgxeugc8nOXkm04LG6Gh,1.6924490305363282
0bAuzGnpoaZFpfbAhEWjqO,5FccwnVjJbLIF2azQjCwyP,1.7534968977914946
0bAuzGnpoaZFpfbAhEWjqO,6pAIDhDoB7k4bOsxbQjycO,1.8545733451883755
0bAuzGnpoaZFpfbAhEWjqO,1fdDasmoFSBRdsuCLL3ger,1.866905504933339
0bAuzGnpoaZFpfbAhEWjqO,3JVeCPb470mUJ7otD7i8j4,1.8684394782442542
5D1rMjP4yUnTMvzL32Odo1,0k2bhZ9oM3boyUWaV3MfWk,1.672361351457456
5D1rMjP4yUnTMvzL32Odo1,5BwUt9x6Ss7bKcnDCi5H2X,1.9486221068164316
5D1rMjP4yUnTMvzL32Odo1,3XXTR1PxuCslxeQCpRHpmW,2.0792150120267734
5D1rMjP4yUnTMvzL32Odo1,5my3f3dMZENvUwAXYVQNmO,2.083387636144059
5D1rMjP4yUnTMvzL32Odo1,1RtoOw5CS2PBcVG8A783Q0,2.094246352623699
5D1rMjP4yUnTMvzL32Odo1,0yFjiqcf961CTPJIOxJtjZ,2.109745078828237
5D1rMjP4yUnTMvzL32Odo1,2PJzQvozduq44cToUQBa0B,2.1110668845153118
5D1rMjP4yUnTMvzL32Odo1,43nB4BTmfrOZ80QYrD3Ap2,2.111727259050708
5D1rMjP4yUnTMvzL32Odo1,42OUnOczRtCTyPTqvBsHzW,2.1496244006072236
5D1rMjP4yUnTMvzL32Odo1,5aJuHyYNdOzqX6eGO2XyE8,2.1591193958444967
6MnzjGoeZyEzSml6Ohi0at,0bIgZAoXlENJVhVCt838Az,0.9843301488210495
6MnzjGoeZyEzSml6Ohi0at,4yqRW7Ovd47DcgfuWXzEGR,1.0156770583151247
6MnzjGoeZyEzSml6Ohi0at,0ZeKQudydO2uQJpfr6gNC8,1.0942513220439942
6MnzjGoeZyEzSml6Ohi0at,3bCp61o3h46Yvr0vgMJlaL,1.1097327906992447
6MnzjGoeZyEzSml6Ohi0at,2cTOee6bTauDFK1QuDS1BD,1.1190633367289449
6MnzjGoeZyEzSml6Ohi0at,6Vb1LGvWPpP3aeuRcp098D,1.1633082611836019
6MnzjGoeZyEzSml6Ohi0at,3Z4ZuDrY684IFTBz2ze708,1.164320275209508
6MnzjGoeZyEzSml6Ohi0at,0RYqTScbPJ3wijhvWOgLkE,1.1691675424887582
6MnzjGoeZyEzSml6Ohi0at,3lMGhsGVaAO37AKy5CV8HB,1.2048852769993077
6MnzjGoeZyEzSml6Ohi0at,3XmIlmYem8DGp7aorcpBay,1.2382583284499393
0xdYzkbBBfTevSyOJqWUSX,0BZagFWMAL33p7y6HsL3jT,0.8556826853405461
0xdYzkbBBfTevSyOJqWUSX,0pZPObivxzE2M6AnzezZWH,1.142932539885638
0xdYzkbBBfTevSyOJqWUSX,0zuH9aSrPkctSaAn1kPN86,1.1546438350740356
0xdYzkbBBfTevSyOJqWUSX,5yHfBb0WQaED1bdLugCuha,1.1590967404614656
0xdYzkbBBfTevSyOJqWUSX,1pIMxRddmCGalHnRbLFkWg,1.1610712327419028
0xdYzkbBBfTevSyOJqWUSX,4hQ6UGyWQIGJmHSo0J88JW,1.1710884285889644
0xdYzkbBBfTevSyOJqWUSX,6TSDRzJGwbK9cajVbtqlPV,1.31931833615761
0xdYzkbBBfTevSyOJqWUSX,5H3JW2JiQG432dldneCyW1,1.3270916288087378
0xdYzkbBBfTevSyOJqWUSX,0IFMbLUK5ttPmXyK16qUQu,1.3364268943526274
0xdYzkbBBfTevSyOJqWUSX,041Xf2o8yDouqWCDKqkGuC,1.342662211737992
1SEZDfakTMMmUcHildSzsx,0Z7nVJmfPLRjhtStJZh4hm,1.3132359089950598
1SEZDfakTMMmUcHildSzsx,75gWtvF9RJfVRbWD39cSuZ,1.3480219663476216
1SEZDfakTMMmUcHildSzsx,4GRgeMNKXKSqmkKRqzoXB7,1.3875040312562512
1SEZDfakTMMmUcHildSzsx,2LMloFiV7DHpBhITOaBSam,1.4310412915353812
1SEZDfakTMMmUcHildSzsx,5WBn5fDSVP8eMrxXQRMVWL,1.5518385071071277
1SEZDfakTMMmUcHildSzsx,7IZ7SwZfnXMKKwMIGdE6o8,1.58358067401561
1SEZDfakTMMmUcHildSzsx,0TpTOzLGB3JrMhpkpq3u9y,1.6133061871169312
1SEZDfakTMMmUcHildSzsx,6y4ySPeb68KGoAi1dk130F,1.6775328112330694
1SEZDfakTMMmUcHildSzsx,7eX5SypK35V8Y9d9pS6rWy,1.7153874350626996
1SEZDfakTMMmUcHildSzsx,5IXpJkpRvk97JoLMTitMPG,1.8137902804110189
7zxpdh3EqMq2JCkOI0EqcG,1vViUoB7DpXUX10isPj7YL,1.3037376123548943
7zxpdh3EqMq2JCkOI0EqcG,6XTKYGyydndSUV3OHHDwZU,1.6933290795210763
7zxpdh3EqMq2JCkOI0EqcG,5wellG7pgco2QlMjVuvSsf,1.9569626519425902
7zxpdh3EqMq2JCkOI0EqcG,5CIuhTu5H6req55w8yBejp,2.2235721556496464
7zxpdh3EqMq2JCkOI0EqcG,36nYdygI2cwOtjBqGxhHzY,2.2824200269964043
7zxpdh3EqMq2JCkOI0EqcG,6T1t7fOMfVuVpWSe2Z4Pp9,2.2852605210340293
7zxpdh3EqMq2JCkOI0EqcG,2o4brM0aHognKkRI8QtLEg,2.3377264546641707
7zxpdh3EqMq2JCkOI0EqcG,1jt4hk4d51pZ8DZl8yMMmG,2.4619300878482253
7zxpdh3EqMq2JCkOI0EqcG,7zO8xgWtAGQpAKEG9n48Yb,2.5251198448585366
7zxpdh3EqMq2JCkOI0EqcG,0aKb5riywYeDam6ukd62RO,2.671775298788519
5xde0qUR1uUmH8ZVOqoPRo,0U7SRbyBhkdXdulXr3veKQ,0.8421451446423011
5xde0qUR1uUmH8ZVOqoPRo,2Racq7HrXkYvF8w9zXvlTp,0.8527667141658721
5xde0qUR1uUmH8ZVOqoPRo,7xs1ksUAb2XswNWJjeyt7V,0.8812859162363317
5xde0qUR1uUmH8ZVOqoPRo,78cj9M7Ax1yDruYM5QeG39,0.9226628118587221
5xde0qUR1uUmH8ZVOqoPRo,37ZgsOy8t4vMnGtMExr6ah,0.9353790909704807
5xde0qUR1uUmH8ZVOqoPRo,2VSGzQqy9nqJefcYGJNWst,0.9951789835280693
5xde0qUR1uUmH8ZVOqoPRo,0IgDxg8KOtsM8x3y09L9oB,1.005596414539484
5xde0qUR1uUmH8ZVOqoPRo,6vpyvi70JNqAJa9IqNx8qy,1.0804269031785005
5xde0qUR1uUmH8ZVOqoPRo,2C6fzRAlaWOhKCOsn5a0Nk,1.0911835432073373
5xde0qUR1uUmH8ZVOqoPRo,2oya2LiaY0kG9ULocwIoaw,1.1021031412529168
6VZ4iuA1y0utK4YR9dMfhu,1UfJ3Z0pPyejEKi37A0utw,1.149394070096844
6VZ4iuA1y0utK4YR9dMfhu,4JITK6LNul3oc5aDcCYlLx,1.4166738589319496
6VZ4iuA1y0utK4YR9dMfhu,0BFtrq3fyv1kRcId4o18mK,1.4835404535444128
6VZ4iuA1y0utK4YR9dMfhu,2esbthZf8kgJK8x8n9BYNe,1.7184112556994304
6VZ4iuA1y0utK4YR9dMfhu,5inWUDecQMC4l2eOFzaIaf,1.7453815920942133
6VZ4iuA1y0utK4YR9dMfhu,59eugpPzqGZW1ZsV5JTAk2,1.7574401775652653
6VZ4iuA1y0utK4YR9dMfhu,7HM1onSgR6op93vH7jNTV5,1.804096005531534
6VZ4iuA1y0utK4YR9dMfhu,0fea68AdmYNygeTGI4RC18,1.805346307532962
6VZ4iuA1y0utK4YR9dMfhu,4jWXXlguqZ8zhRvxOxmp9j,1.8115650458716048
6VZ4iuA1y0utK4YR9dMfhu,0u5mGjvZPRx3uFCwXKcXCP,1.9240014151607754
2YA5IfmQwAmVzHRP3SVnEd,71wciO7F9Ro8J4vq1lvfru,0.5003853438557441
2YA5IfmQwAmVzHRP3SVnEd,3iOcbCxe0jW1XrlFb0rvj2,0.6425045458738512
2YA5IfmQwAmVzHRP3SVnEd,0D3J5hfXcaQLeMmZVxD4S7,0.7350710630998342
2YA5IfmQwAmVzHRP3SVnEd,6YNdQ5utvFnK4CTAnBga06,0.7455431421594446
2YA5IfmQwAmVzHRP3SVnEd,6d1AuFOL1YBzLcruapNbZV,0.8814350918352062
2YA5IfmQwAmVzHRP3SVnEd,5XCtjnFMKtCT7ycDwV3Kdh,0.8894825065009837
2YA5IfmQwAmVzHRP3SVnEd,3z8h0TU7ReDPLIbEnYhWZb,0.9471042944063581
2YA5IfmQwAmVzHRP3SVnEd,48RAUxA6ZlqIuM4pON0GVC,1.0147727189867208
2YA5IfmQwAmVzHRP3SVnEd,3rXgbjVLoaHEUq82dbCP0f,1.078203900192136
2YA5IfmQwAmVzHRP3SVnEd,6hVLkc1612BQeD6EQFKECm,1.1104816528902974
0jwIgZRcbW2VjYuCbhKnX5,4rS66iKCLms3yumMYACKwJ,0.8456419325611797
0jwIgZRcbW2VjYuCbhKnX5,7AeKwxmlwwLFOF8D7M3Anb,0.9742262693394744
0jwIgZRcbW2VjYuCbhKnX5,2sASx6Cz5mYm0xPrKiD8gZ,1.1216933401562617
0jwIgZRcbW2VjYuCbhKnX5,7xs1ksUAb2XswNWJjeyt7V,1.1304843131723685
0jwIgZRcbW2VjYuCbhKnX5,7b1XzNeXhfwGNJWE6gHFRz,1.1457157743522737
0jwIgZRcbW2VjYuCbhKnX5,2sgpYwWVQAXWetqtO9Kh24,1.1475363202715985
0jwIgZRcbW2VjYuCbhKnX5,4RvtzkdXmDOjbggr6pu9jR,1.1632224245443818
0jwIgZRcbW2VjYuCbhKnX5,40KeMi4kkYpAlT1VmjrxDb,1.1815261240572683
0jwIgZRcbW2VjYuCbhKnX5,6ecXZdsvfOQjjQcVNs4WkN,1.1946429223459858
0jwIgZRcbW2VjYuCbhKnX5,4hRr4NjbQvJlvmUKttEAqX,1.2205489742762337
6LyA7ACKgmVyPfiuIwC5E0,4S4qLTfC7kXxIMEB9xuGnw,1.0232998390173489
6LyA7ACKgmVyPfiuIwC5E0,6IVXCSCTZOqUDDuGA5vUwH,1.2202232709503449
6LyA7ACKgmVyPfiuIwC5E0,0Q5OUoMBRrbQIYb3TZnzQe,1.2231842103939323
6LyA7ACKgmVyPfiuIwC5E0,0oo6NX5bPcqUbX7eJtoslO,1.403939724478539
6LyA7ACKgmVyPfiuIwC5E0,5Cpk0Hg5KSUmm0BdyIkVVW,1.4998342059483953
6LyA7ACKgmVyPfiuIwC5E0,0CxXdYtBAWzE58Inc2Zius,1.5171252635946417
6LyA7ACKgmVyPfiuIwC5E0,68JioFRhzBZrpbON6KI6Zq,1.5782672710411076
6LyA7ACKgmVyPfiuIwC5E0,0KOAra08PQ11mhmUCX5pJf,1.6781902995931723
6LyA7ACKgmVyPfiuIwC5E0,7sJbCv83nl2S94j8ZJz2WP,1.7794972474961122
6LyA7ACKgmVyPfiuIwC5E0,0uukw2CgEIApv4IWAjXrBC,1.8084895318070136
3TeGnh9c51Du7BHtRkOeS6,59D6U4erIjSUoUrXM82edy,1.3899504373869715
3TeGnh9c51Du7BHtRkOeS6,5Dj4dtQ0HXxvKRdzqELup0,1.4383090837658195
3TeGnh9c51Du7BHtRkOeS6,51QsdN4xBmkLhtqNi0J40l,1.467043151405574
3TeGnh9c51Du7BHtRkOeS6,0q7LR23IYycIYTUJuTrQiF,1.4992432473851784
3TeGnh9c51Du7BHtRkOeS6,0ggkHZbFGmofl9743xx6JO,1.5005145018547148
3TeGnh9c51Du7BHtRkOeS6,4nWxif1dt6FCg4GFZcPIbO,1.5872630203838864
3TeGnh9c51Du7BHtRkOeS6,42r0LZ9g8gq4afWztSw54k,1.58744400880134
3TeGnh9c51Du7BHtRkOeS6,3pmYp7wfaDfr5OwHoxAR9K,1.5900461390897165
3TeGnh9c51Du7BHtRkOeS6,2wo4Pc7bsWb5rJpG3pESt3,1.7510665053508092
3TeGnh9c51Du7BHtRkOeS6,7GCfKBpY3l2n3LAhsqjBtO,1.8111616766388319
5RKw6NA1kH7ZZpeuYDpK8M,3S2XrrnhWLbz1IjpLIUDVU,0.8734293153214052
5RKw6NA1kH7ZZpeuYDpK8M,6iodrB17WJr9E5JKvmOgDH,2.5757360890123366
5RKw6NA1kH7ZZpeuYDpK8M,08gufysa763YtyeVUmPAQT,3.9869046570443087
5RKw6NA1kH7ZZpeuYDpK8M,3JQ1ZBbqD3JSeTLw6NV4Z6,4.13126019551464
5RKw6NA1kH7ZZpeuYDpK8M,4y1KB0U6LsuWLKiZgtq5ky,4.13349783397966
5RKw6NA1kH7ZZpeuYDpK8M,3Qnz0h9QoUcqr1webXWbYM,4.3057823985293915
5RKw6NA1kH7ZZpeuYDpK8M,5auwSKx96QcROy6CTGnHIl,4.369484793892353
5RKw6NA1kH7ZZpeuYDpK8M,5IXpJkpRvk97JoLMTitMPG,4.398124170028954
5RKw6NA1kH7ZZpeuYDpK8M,19MCvHdBjEheiweLyjiQWX,4.428640307593527
5RKw6NA1kH7ZZpeuYDpK8M,4asON1CkiW73QaQSRrumH4,4.576661010538993
5lzHcuhl4iBfR4PtQXBm9i,7b1XzNeXhfwGNJWE6gHFRz,0.8311602319323872
5lzHcuhl4iBfR4PtQXBm9i,2WjXRWocLt0HbsdPawx0Mx,0.9867185825958592
5lzHcuhl4iBfR4PtQXBm9i,50OIaK14Pr6ZwCmFfHZ0wB,1.116971163171132
5lzHcuhl4iBfR4PtQXBm9i,0ICnFVjsMEQDIXKVKV9KZF,1.1216638343406857
5lzHcuhl4iBfR4PtQXBm9i,65EReuqyiXH0WMIaeFEIlX,1.164259445119962
5lzHcuhl4iBfR4PtQXBm9i,7nWzpMBJwjubxBF75Pi4An,1.2343892828207141
5lzHcuhl4iBfR4PtQXBm9i,3wLPRjw2XQpmowqXUXb3UF,1.2482973003023452
5lzHcuhl4iBfR4PtQXBm9i,0qZ0m8Gq4Ug5kBxKe9BVvj,1.2943262121247345
5lzHcuhl4iBfR4PtQXBm9i,09obJ3DFME6R9uIZYPZxhG,1.3047644669256004
5lzHcuhl4iBfR4PtQXBm9i,40KeMi4kkYpAlT1VmjrxDb,1.3248215438270794
1WfaiA60QqqYIYMmd1IwLR,6L9MB7o26MmvG6ST9TSOYa,0.8408042897792658
1WfaiA60QqqYIYMmd1IwLR,2gCqYL6CgWs0ICgIoyJtkV,0.9481540271065452
1WfaiA60QqqYIYMmd1IwLR,1D6sRVegPTdQQj9ScxngtR,0.9498441357560216
1WfaiA60QqqYIYMmd1IwLR,68xC2JQSgK9L43IkW7UvNT,1.013719091526033
1WfaiA60QqqYIYMmd1IwLR,1WqKCdqgzthIO1MpBq76Bv,1.1772979175397151
1WfaiA60QqqYIYMmd1IwLR,6bWSlgj7GqYXsorKurrxTJ,1.21660050896257
1WfaiA60QqqYIYMmd1IwLR,2FwKDwQyIKK1YgLAg9wjnV,1.2688387487171304
1WfaiA60QqqYIYMmd1IwLR,6onFDeU84yMtLmYfTlHkoI,1.2795991180517927
1WfaiA60QqqYIYMmd1IwLR,4wNIVLMwvz1P4hjWBmyKqa,1.359852203360863
1WfaiA60QqqYIYMmd1IwLR,0aKb5riywYeDam6ukd62RO,1.6394640107995517
4rtyV2gthc3k6D0rjcQJOR,4nWxif1dt6FCg4GFZcPIbO,1.0810466360845645
4rtyV2gthc3k6D0rjcQJOR,0zmrF4iO4zaaJKQ06Yb6GO,1.2533317434039695
4rtyV2gthc3k6D0rjcQJOR,7GCfKBpY3l2n3LAhsqjBtO,1.4793202069052018
4rtyV2gthc3k6D0rjcQJOR,2eI1OQTaBJFwmQEEYfy9OU,1.5407668588267647
4rtyV2gthc3k6D0rjcQJOR,0J1NpNoYYMuohXl4frq0aU,1.564604348521262
4rtyV2gthc3k6D0rjcQJOR,5zzfKibxNlJPWGkkhAGlLg,1.5674979721352962
4rtyV2gthc3k6D0rjcQJOR,1XiEGQzAtcF1L1DwT7r1Pb,1.5809041761701257
4rtyV2gthc3k6D0rjcQJOR,4YLv4bDhfubAu142fY8QN1,1.6926624398829913
4rtyV2gthc3k6D0rjcQJOR,22sno2Y45Ov3ixSl6fN9i8,1.8924268726553888
4rtyV2gthc3k6D0rjcQJOR,4X91MJx5PaKwlYnnldv1OZ,1.9311260996773725
2RsAajgo0g7bMCHxwH3Sk0,02HdjmfXq1F2OsX6yPg86n,0.5079521034322296
2RsAajgo0g7bMCHxwH3Sk0,0j6zVHUhezcz02iLhmpy2e,0.5370216355159345
2RsAajgo0g7bMCHxwH3Sk0,0UIrLwFq3cvTg5vBMmlfjp,0.6969890143750125
2RsAajgo0g7bMCHxwH3Sk0,4ileLT7ldd2uX8bMemWqbm,0.7191157112994623
2RsAajgo0g7bMCHxwH3Sk0,6mUHPv34FUMhYVlpytiwdp,0.8219915793111328
2RsAajgo0g7bMCHxwH3Sk0,0EmYZZ8OqeALedVhijSjsg,0.842921830723349
2RsAajgo0g7bMCHxwH3Sk0,00TFDHSe7s8cWm5CzDY8UP,0.8459273471784928
2RsAajgo0g7bMCHxwH3Sk0,4X6kRZnZM8mZPkeMUmn8G6,0.8622761995915399
2RsAajgo0g7bMCHxwH3Sk0,1DqAeuDzc5uUQeAggxmZk5,0.8632138725144605
2RsAajgo0g7bMCHxwH3Sk0,0ct6r3EGTcMLPtrXHDvVjc,0.9733873451263269
3bMpVBHhoiVVNFUCgeme4P,1GxXPNNkNymHPn6yTgWPxu,0.7289232800464325
3bMpVBHhoiVVNFUCgeme4P,10t0BfHUkq9iKZzOj4LY3c,0.8377942138508437
3bMpVBHhoiVVNFUCgeme4P,2FXckoxZCBeWvg3IaFd1EW,0.8611039411202627
3bMpVBHhoiVVNFUCgeme4P,1pTD59RYMnPdps8MKlMW87,0.8915189817133162
3bMpVBHhoiVVNFUCgeme4P,7t1UzsIKRBXXVdwJRIaDxn,0.9981692872817874
3bMpVBHhoiVVNFUCgeme4P,1lZzyOyH9LSAWFjHKz9TT2,1.119571278129757
3bMpVBHhoiVVNFUCgeme4P,5ynCNwoLOOHoJU4N40m97V,1.1737408956028685
3bMpVBHhoiVVNFUCgeme4P,2QxzpDE6uQPy17dhBTQgpu,1.206691146060897
3bMpVBHhoiVVNFUCgeme4P,6yQAwPJmFn0OBTKWOnQFfv,1.2106293297432738
3bMpVBHhoiVVNFUCgeme4P,34nDmYlzfXjBoiWl9XoCUU,1.255630801560967
0OxDGZakSMFjEHSoQHEjfy,56NkIxSZZiMpFP5ZNSxtnT,0.8814006828281943
0OxDGZakSMFjEHSoQHEjfy,7xuu4ByQkm8qhnwJQk994r,0.9323054475956228
0OxDGZakSMFjEHSoQHEjfy,7kljF41HGcnuU4tBRQ8d6k,1.078027909668094
0OxDGZakSMFjEHSoQHEjfy,6rSNgGImNmGPcosJiPLgzs,1.1221746641450103
0OxDGZakSMFjEHSoQHEjfy,0jNRJBmHgJDOmiIvk10J9C,1.139548767527509
0OxDGZakSMFjEHSoQHEjfy,0anw2y6ifCI7QS8Cj5Ph7x,1.1953035167766763
0OxDGZakSMFjEHSoQHEjfy,0qwU4qCtm3aUqcAUISMhMz,1.2210979254375323
0OxDGZakSMFjEHSoQHEjfy,2RWFncSWZEhSRRifqiDNVV,1.2337907084452069
0OxDGZakSMFjEHSoQHEjfy,2pAD0PKMUMtxlMvz33tYzB,1.2645849425765434
0OxDGZakSMFjEHSoQHEjfy,65EReuqyiXH0WMIaeFEIlX,1.2855554557806457
3uliGwmB52ZA7brgpZMzyH,1xvADDTyr4ZCu5NPPkOJzU,1.220823337770355
3uliGwmB52ZA7brgpZMzyH,3ApLFFuaXsKBnDhspuQrWj,1.786421981289796
3uliGwmB52ZA7brgpZMzyH,0d1PUwvlNvCKfypNaaKJoz,1.8427620658888124
3uliGwmB52ZA7brgpZMzyH,6FMonOQySdWYdgNshk6zSs,1.8802835873275454
3uliGwmB52ZA7brgpZMzyH,6QOdlvNKRPTyX9YcTVmCKU,1.887253415881433
3uliGwmB52ZA7brgpZMzyH,1zx6GSqLYI2ynzAHnPRKBR,1.8971337380267483
3uliGwmB52ZA7brgpZMzyH,2DEHcqIwG3umK94P0tlh7X,1.8984283507690831
3uliGwmB52ZA7brgpZMzyH,6hVLkc1612BQeD6EQFKECm,1.912750322518842
3uliGwmB52ZA7brgpZMzyH,5tqgvcRaFZYV2Wu8xWgG3R,1.9447820616233789
3uliGwmB52ZA7brgpZMzyH,1lnEWFVBzbjQqBUEMC1i6P,1.9474188994783703
1v685OFD51NsY493VwO7FK,02HdjmfXq1F2OsX6yPg86n,0.8065823111004842
1v685OFD51NsY493VwO7FK,0ILXYaWxMQVEXnKq2eTmjW,0.9835523138523586
1v685OFD51NsY493VwO7FK,5CPXR6lDTvngxtmMZxnWmC,1.0216220946345715
1v685OFD51NsY493VwO7FK,0UIrLwFq3cvTg5vBMmlfjp,1.0391749717049774
1v685OFD51NsY493VwO7FK,6Q3FXpvUNVHiWHU3xVMnQR,1.043142148155761
1v685OFD51NsY493VwO7FK,2RsAajgo0g7bMCHxwH3Sk0,1.0535628329681037
1v685OFD51NsY493VwO7FK,0OGw7V8wAI6OsZIQ12JkTP,1.0703209229597466
1v685OFD51NsY493VwO7FK,6yQAwPJmFn0OBTKWOnQFfv,1.0847721777703956
1v685OFD51NsY493VwO7FK,4hQ6UGyWQIGJmHSo0J88JW,1.0925889737054002
1v685OFD51NsY493VwO7FK,00TFDHSe7s8cWm5CzDY8UP,1.0940827956952723
5qBhUQLFCdIut4QZrIh7XI,5dy25rHjyfAbpkHDI9yfTY,1.1682352598930934
5qBhUQLFCdIut4QZrIh7XI,2QZHLFuN2hW8eaTTILNSEC,1.5057878302926677
5qBhUQLFCdIut4QZrIh7XI,10aDiDITMu33TQNqVR35iM,1.5067780328629992
5qBhUQLFCdIut4QZrIh7XI,0fea68AdmYNygeTGI4RC18,1.529556538164308
5qBhUQLFCdIut4QZrIh7XI,1I2OwO2Z6tMdahxDcH3p1H,1.561577791756843
5qBhUQLFCdIut4QZrIh7XI,12DuRrlFSqJyAtfN0YauMz,1.5748558226071216
5qBhUQLFCdIut4QZrIh7XI,4HyxYaIV98fUKeApfxHEHv,1.6859127443279935
5qBhUQLFCdIut4QZrIh7XI,3BK7JmX1P4GSGx5mdG3aiL,1.7852422233193141
5qBhUQLFCdIut4QZrIh7XI,2tUChcOi3ktjFzMYu2w5QL,1.788437542014509
5qBhUQLFCdIut4QZrIh7XI,2sKchp54KqDz6jPofHZ66t,1.8106803838827459
0ICnFVjsMEQDIXKVKV9KZF,09obJ3DFME6R9uIZYPZxhG,0.6515652690188469
0ICnFVjsMEQDIXKVKV9KZF,50OIaK14Pr6ZwCmFfHZ0wB,0.7571336071474966
0ICnFVjsMEQDIXKVKV9KZF,1c2vVx6knoiZHXbJJ9Mk8L,1.0101133333080845
0ICnFVjsMEQDIXKVKV9KZF,3wLPRjw2XQpmowqXUXb3UF,1.0610613477076203
0ICnFVjsMEQDIXKVKV9KZF,2GOVk9VRBmLVEyHSdZYPEN,1.0712539374614178
0ICnFVjsMEQDIXKVKV9KZF,7b1XzNeXhfwGNJWE6gHFRz,1.0944705224871951
0ICnFVjsMEQDIXKVKV9KZF,1mhhgEfuEGW0EwB6kNuzkk,1.1168932680733803
0ICnFVjsMEQDIXKVKV9KZF,5lzHcuhl4iBfR4PtQXBm9i,1.1216638343406857
0ICnFVjsMEQDIXKVKV9KZF,2Uxnz7OTTYtgGrwjVcYRlG,1.1328878021161646
0ICnFVjsMEQDIXKVKV9KZF,3XmIlmYem8DGp7aorcpBay,1.151260228834812
1WqKCdqgzthIO1MpBq76Bv,1D6sRVegPTdQQj9ScxngtR,0.885719268106721
1WqKCdqgzthIO1MpBq76Bv,68xC2JQSgK9L43IkW7UvNT,1.0590594493080012
1WqKCdqgzthIO1MpBq76Bv,1WfaiA60QqqYIYMmd1IwLR,1.1772979175397151
1WqKCdqgzthIO1MpBq76Bv,1jt4hk4d51pZ8DZl8yMMmG,1.2024800842624856
1WqKCdqgzthIO1MpBq76Bv,0aKb5riywYeDam6ukd62RO,1.2031514037369404
1WqKCdqgzthIO1MpBq76Bv,6L9MB7o26MmvG6ST9TSOYa,1.2393400733555953
1WqKCdqgzthIO1MpBq76Bv,2gCqYL6CgWs0ICgIoyJtkV,1.3220012319401044
1WqKCdqgzthIO1MpBq76Bv,6bWSlgj7GqYXsorKurrxTJ,1.3284952093089657
1WqKCdqgzthIO1MpBq76Bv,36nYdygI2cwOtjBqGxhHzY,1.3850147546216232
1WqKCdqgzthIO1MpBq76Bv,4FqirD1KsDyNukowu8TWhX,1.5919939248741881
1I2MEjnS9c4OPMnKWbIuYs,4hQ6UGyWQIGJmHSo0J88JW,0.6169841646522889
1I2MEjnS9c4OPMnKWbIuYs,0RYqTScbPJ3wijhvWOgLkE,0.6267730523112286
1I2MEjnS9c4OPMnKWbIuYs,47k1Cbink0USdP1eDmGjFj,0.721103263093591
1I2MEjnS9c4OPMnKWbIuYs,0UIrLwFq3cvTg5vBMmlfjp,0.7471968494942951
1I2MEjnS9c4OPMnKWbIuYs,5H3JW2JiQG432dldneCyW1,0.7756859274877633
1I2MEjnS9c4OPMnKWbIuYs,2fyIS6GXMgUcSv4oejx63f,0.7858821646322529
1I2MEjnS9c4OPMnKWbIuYs,5nSdJRpyM8OkYOVGa5rlsw,0.8088262352435518
1I2MEjnS9c4OPMnKWbIuYs,7oS2EnBWSHxzR2m6CxNJYA,0.8393729773430385
1I2MEjnS9c4OPMnKWbIuYs,1aOxOpH4AkGAd8OMrKjyNY,0.8816918606863038
1I2MEjnS9c4OPMnKWbIuYs,6IRzBP4gVoV4D2zHmocoWy,0.8929889071726916
1yo3kUDbRC60FCroxINeJQ,5R3TXM4XqQYBZjMs7koHZT,1.1065961916722142
1yo3kUDbRC60FCroxINeJQ,7lltIP2aLYnEwbrKdYq0gb,1.178987471501776
1yo3kUDbRC60FCroxINeJQ,2AJL5Z7SjjilD8fAFWp8uo,1.483633354852676
1yo3kUDbRC60FCroxINeJQ,71fSn6OIF7HnCbgCzOBqpj,1.4995140065048704
1yo3kUDbRC60FCroxINeJQ,55N8cxpE1QDoeaaNqUnoZ2,1.5241418076510769
1yo3kUDbRC60FCroxINeJQ,0XE4aVvC1rOGaS9jLpgsfv,1.542129145389806
1yo3kUDbRC60FCroxINeJQ,3Msrp56q1eTLQaZFX06Qp3,1.5776275531660042
1yo3kUDbRC60FCroxINeJQ,0J2OnBNKwt0KICDyDFPUvl,1.5829127417571638
1yo3kUDbRC60FCroxINeJQ,2dDE3WCSj2cELFYO1IfECD,1.6116669231960823
1yo3kUDbRC60FCroxINeJQ,08l9WKDuRyGeStQ9ojTlFh,1.7332186733332624
0OGw7V8wAI6OsZIQ12JkTP,33Z21GrqIGKlxF7hrz9bLd,0.8309743521953616
0OGw7V8wAI6OsZIQ12JkTP,0j6zVHUhezcz02iLhmpy2e,0.8440187696846275
0OGw7V8wAI6OsZIQ12JkTP,28DlaPydCnrs8NxYOnUPZ8,0.8456619123269358
0OGw7V8wAI6OsZIQ12JkTP,0UIrLwFq3cvTg5vBMmlfjp,0.8696755743650951
0OGw7V8wAI6OsZIQ12JkTP,7kljF41HGcnuU4tBRQ8d6k,0.8738974994615124
0OGw7V8wAI6OsZIQ12JkTP,6Q3FXpvUNVHiWHU3xVMnQR,0.9073547582246758
0OGw7V8wAI6OsZIQ12JkTP,02HdjmfXq1F2OsX6yPg86n,0.9207151643599621
0OGw7V8wAI6OsZIQ12JkTP,7pjj6hVH1uh9Mf6rQ6QO0O,0.9241326042435434
0OGw7V8wAI6OsZIQ12JkTP,2GOVk9VRBmLVEyHSdZYPEN,0.9278750997804254
0OGw7V8wAI6OsZIQ12JkTP,4hQ6UGyWQIGJmHSo0J88JW,0.950996404774114
249e2fS064cOwvWXm4JU28,7H4baUrCPnLkLOl6o9zkMO,1.07743637379928
249e2fS064cOwvWXm4JU28,0bIgZAoXlENJVhVCt838Az,1.0923611874701888
249e2fS064cOwvWXm4JU28,4oglYe270D9yn6Gc0JWc03,1.2425652796931443
249e2fS064cOwvWXm4JU28,6MnzjGoeZyEzSml6Ohi0at,1.3191448676377633
249e2fS064cOwvWXm4JU28,6Vb1LGvWPpP3aeuRcp098D,1.4253098098649584
249e2fS064cOwvWXm4JU28,3BHR1mJOqn2UZyq98YKPgd,1.4419118233137658
249e2fS064cOwvWXm4JU28,3lMGhsGVaAO37AKy5CV8HB,1.4541854177748532
249e2fS064cOwvWXm4JU28,6NWjTke7IJDThX8ze3DUJN,1.5103967061958101
249e2fS064cOwvWXm4JU28,19EZKr7Kf0XWCcspyWL8Rp,1.5199060472403507
249e2fS064cOwvWXm4JU28,0mtn3uti60qnEwTJJIQ29v,1.5447490791732543
5ynCNwoLOOHoJU4N40m97V,0uukw2CgEIApv4IWAjXrBC,0.7415659114216221
5ynCNwoLOOHoJU4N40m97V,2QxzpDE6uQPy17dhBTQgpu,0.8553921232432018
5ynCNwoLOOHoJU4N40m97V,10t0BfHUkq9iKZzOj4LY3c,0.8873098679775031
5ynCNwoLOOHoJU4N40m97V,7t1UzsIKRBXXVdwJRIaDxn,0.907932535275971
5ynCNwoLOOHoJU4N40m97V,28DlaPydCnrs8NxYOnUPZ8,0.9507581742675404
5ynCNwoLOOHoJU4N40m97V,43ueXmQ6KjITk0hKKOPOLA,0.981286485439552
5ynCNwoLOOHoJU4N40m97V,2zYzyRzz6pRmhPzyfMEC8s,1.0172114411946769
5ynCNwoLOOHoJU4N40m97V,2wqiV4aIMOosmQMqnLxXbA,1.0457068592788517
5ynCNwoLOOHoJU4N40m97V,6yQAwPJmFn0OBTKWOnQFfv,1.0521128303246012
5ynCNwoLOOHoJU4N40m97V,0OGw7V8wAI6OsZIQ12JkTP,1.0523972622990405
3Ye0P7D5bGfuDmTCKJuWxy,3mZQAM3IZdrzs61VoRe5wa,0.8116735618164723
3Ye0P7D5bGfuDmTCKJuWxy,7nMBN3eKuRfcQGEnzDeNKP,0.8645446568649521
3Ye0P7D5bGfuDmTCKJuWxy,2fyIS6GXMgUcSv4oejx63f,0.9724892913777489
3Ye0P7D5bGfuDmTCKJuWxy,0elH6ukMGLyCHJavHutEza,1.2304598881829514
3Ye0P7D5bGfuDmTCKJuWxy,4dk12UlAYNruc5pwHEXncR,1.2371682359303662
3Ye0P7D5bGfuDmTCKJuWxy,0jNRJBmHgJDOmiIvk10J9C,1.2689495477685013
3Ye0P7D5bGfuDmTCKJuWxy,3Hg1OJWwiNeKWX7suTNJ1Y,1.2761395462998346
3Ye0P7D5bGfuDmTCKJuWxy,6YNdQ5utvFnK4CTAnBga06,1.2837448808592196
3Ye0P7D5bGfuDmTCKJuWxy,7pIizKkImgo7jAZnbpFF2R,1.3100891825120915
3Ye0P7D5bGfuDmTCKJuWxy,0wUxh6XMc698xPCfgBaPRV,1.3166464359281465
361wxJRa6M2sH1Epy2MAC1,5a8O0CAraAuR4iLZXg0s46,1.1246844419366375
361wxJRa6M2sH1Epy2MAC1,70HNt0eoBVqr4ss68U8x3B,1.2373017559174455
361wxJRa6M2sH1Epy2MAC1,2rbkwvwtdWpDwthWnTpJMj,1.3485387595020668
361wxJRa6M2sH1Epy2MAC1,5j8cflZIx0GwvlkzPImbtK,1.4264578832000583
361wxJRa6M2sH1Epy2MAC1,0K9Xk9AKGtvjXn063Ok6Eg,1.4346803290430874
361wxJRa6M2sH1Epy2MAC1,37LMtqQkT9aEVZEedBJfw5,1.4479966495168715
361wxJRa6M2sH1Epy2MAC1,3Pxapn7Bs6jmvPYZl2DDcc,1.4723744871050741
361wxJRa6M2sH1Epy2MAC1,1nvbESS1keAEEVL7SJjSH4,1.506814103167269
361wxJRa6M2sH1Epy2MAC1,4fhLBWSTK9UeGiDQST7bxP,1.539944379624949
361wxJRa6M2sH1Epy2MAC1,3G4GIs0jGwIbLFGBL3ZSNc,1.5735415862667899
2WD2AtCQVUacSSMDUFA2GS,2o4brM0aHognKkRI8QtLEg,2.1403605146988274
2WD2AtCQVUacSSMDUFA2GS,6XTKYGyydndSUV3OHHDwZU,2.413008323114277
2WD2AtCQVUacSSMDUFA2GS,5wellG7pgco2QlMjVuvSsf,2.4846472917210054
2WD2AtCQVUacSSMDUFA2GS,018vKll25kQiBjJ9FVOhSV,2.53807761575468
2WD2AtCQVUacSSMDUFA2GS,1wb6pRSvhekFyXO5j3fXol,2.730971775879879
2WD2AtCQVUacSSMDUFA2GS,0jsXpJsdXhnwnwnCLKjYLF,2.7635032774877373
2WD2AtCQVUacSSMDUFA2GS,2sf4TXYzqSRdxfwu5auS6r,2.8605232102068157
2WD2AtCQVUacSSMDUFA2GS,2ZZ3SXe3q8fwzVtIrQpEKy,2.8940428163125875
2WD2AtCQVUacSSMDUFA2GS,4dz4lrmcFATwpvpCyfC20b,2.9325395760027373
2WD2AtCQVUacSSMDUFA2GS,1vViUoB7DpXUX10isPj7YL,2.9365246890643752
3lMGhsGVaAO37AKy5CV8HB,4pxcboeftnVJoMuqigFL4g,0.770254775284135
3lMGhsGVaAO37AKy5CV8HB,0bIgZAoXlENJVhVCt838Az,0.802595281697428
3lMGhsGVaAO37AKy5CV8HB,3iTgKW7MWI0M0acyEoQXds,0.8830995309577065
3lMGhsGVaAO37AKy5CV8HB,6S1BoAiJeJ96A09tHIwJuy,0.9156815285221708
3lMGhsGVaAO37AKy5CV8HB,1qkVJlyVaLZbwolRZmc17i,1.0345220305952092
3lMGhsGVaAO37AKy5CV8HB,20McUFi8KCIVdNDLrkTDuZ,1.0436109232913136
3lMGhsGVaAO37AKy5CV8HB,7bfocP7GYoLOutUYpTI8tx,1.0978851514009493
3lMGhsGVaAO37AKy5CV8HB,3J1BQ2acB1OHTQKeI1cWkR,1.1045387766579777
3lMGhsGVaAO37AKy5CV8HB,26VPU8yYHcZs2II1PD0G9g,1.1196256950712296
3lMGhsGVaAO37AKy5CV8HB,0mtn3uti60qnEwTJJIQ29v,1.1201789138667848
2UkdH2WwhNlHu4MpMUzFIF,3VpVwKT10A5a4eqN4Pyad1,1.127325806135707
2UkdH2WwhNlHu4MpMUzFIF,1HZQUXcbIXCNzNrVQabWal,1.155568538825687
2UkdH2WwhNlHu4MpMUzFIF,4yxjD1iYOICm8cizKrbtPg,1.2161727097526505
2UkdH2WwhNlHu4MpMUzFIF,65EReuqyiXH0WMIaeFEIlX,1.224510467810752
2UkdH2WwhNlHu4MpMUzFIF,2dHCfHPFdccesaPhiisAed,1.2743010079118522
2UkdH2WwhNlHu4MpMUzFIF,10ifawoZHnRZjwiQjcoY1S,1.312311355339254
2UkdH2WwhNlHu4MpMUzFIF,3ctDo5gZFNOiMjqa0XDBif,1.3558357141771615
2UkdH2WwhNlHu4MpMUzFIF,0q0blWBIHZZSMgCISWdBYC,1.3959015828375179
2UkdH2WwhNlHu4MpMUzFIF,52pQ8Rn1Gh7CPV4fyKVfrV,1.462141970297694
2UkdH2WwhNlHu4MpMUzFIF,5lfWrciYtohtIMVDVZd0Rf,1.5196016120212794
6d0sSZ2bfKUWeICsNRPyCt,2LyRC7gfWFJd6JI5i8fTJe,0.6511251320607012
6d0sSZ2bfKUWeICsNRPyCt,4KC2Z9dL4jL61Ys35N6srg,0.8881579040515468
6d0sSZ2bfKUWeICsNRPyCt,6LiB2EaS3yxxJF4TWFgbno,0.9820760965234586
6d0sSZ2bfKUWeICsNRPyCt,382pQ7OIddHeCHHdaFxyYn,1.0074756137759941
6d0sSZ2bfKUWeICsNRPyCt,0pLfv0qTmH5AG2aUQQdkBt,1.0231539427512437
6d0sSZ2bfKUWeICsNRPyCt,66dugDe9CKaXt9ZOFiKT0d,1.0556597886162036
6d0sSZ2bfKUWeICsNRPyCt,3yuxU2iHhz7tocZG9ohT1A,1.1366976011198386
6d0sSZ2bfKUWeICsNRPyCt,4Z4ATORVrIp25FqUmtBb8r,1.2262653782400494
6d0sSZ2bfKUWeICsNRPyCt,7nBeVCe5XQ6sn6dzqFvglv,1.284755616647958
6d0sSZ2bfKUWeICsNRPyCt,7wClHQJlSp23OJ4TEi10Dn,1.2921491403483303
2d25mcKl3CYuBsYPi6cAMi,2HKTVg3VL4LULPp7F8SUQa,1.547491192097682
2d25mcKl3CYuBsYPi6cAMi,5KWAPzQjXdavsii32pBUmp,1.6408032833319126
2d25mcKl3CYuBsYPi6cAMi,5BsfHrHZtp17H7pVvZqnX4,1.6429732884646961
2d25mcKl3CYuBsYPi6cAMi,1zc9mfxeNZ6HiSxRzY7JIA,1.704918633108194
2d25mcKl3CYuBsYPi6cAMi,0TpTOzLGB3JrMhpkpq3u9y,1.7358216493350798
2d25mcKl3CYuBsYPi6cAMi,0FlPKWNvl0ZJxQvw3UK3ja,1.7711087321364285
2d25mcKl3CYuBsYPi6cAMi,7IZ7SwZfnXMKKwMIGdE6o8,1.781336164906213
2d25mcKl3CYuBsYPi6cAMi,5IXpJkpRvk97JoLMTitMPG,1.7993082057060168
2d25mcKl3CYuBsYPi6cAMi,6X75beLYymFGvrw5Ocqflq,1.8714900912803512
2d25mcKl3CYuBsYPi6cAMi,3mYCd23hPxJW5okSvMoy3x,1.9317019854441357
4cF6Pk7YaRtv91mSZa4nVi,1mRgy0qWyAc8EpFeeRNnRK,1.1079493723743772
4cF6Pk7YaRtv91mSZa4nVi,3xLtrBuptxKDFww9lND5Dc,1.1718938402751187
4cF6Pk7YaRtv91mSZa4nVi,4x9l3fDzgvzg9t7Csbufrn,1.247079743005083
4cF6Pk7YaRtv91mSZa4nVi,2ThdB23G9Rgf1ExndFGEEg,1.2556827725332331
4cF6Pk7YaRtv91mSZa4nVi,4uFXfaNBVQw1MJ9K19P8QS,1.2709402636567784
4cF6Pk7YaRtv91mSZa4nVi,52qcIvWmjv985NzzL34Te1,1.2753385235417558
4cF6Pk7YaRtv91mSZa4nVi,1WheyFsHUcBWQ33WNHcZdI,1.3188965042902974
4cF6Pk7YaRtv91mSZa4nVi,6XDdcBC0hQkRcQfYovxd4c,1.3548308861979728
4cF6Pk7YaRtv91mSZa4nVi,4CuXyFGGXns7BvvYYCaWA0,1.3689248929518205
4cF6Pk7YaRtv91mSZa4nVi,6YVryeURxyAG4Bb588lTmR,1.4249993377417547
4zLtcR5Hfm80fSqogapUEc,6ecXZdsvfOQjjQcVNs4WkN,1.0650123097705424
4zLtcR5Hfm80fSqogapUEc,4rS66iKCLms3yumMYACKwJ,1.1277588771926736
4zLtcR5Hfm80fSqogapUEc,5uCidx258qlEgnaj895hbm,1.2853372459289987
4zLtcR5Hfm80fSqogapUEc,59D6U4erIjSUoUrXM82edy,1.3040596236617692
4zLtcR5Hfm80fSqogapUEc,0jwIgZRcbW2VjYuCbhKnX5,1.4371202831833165
4zLtcR5Hfm80fSqogapUEc,7b1XzNeXhfwGNJWE6gHFRz,1.440565357670737
4zLtcR5Hfm80fSqogapUEc,1H1WA6PzEJlqx3YQ2g3dH7,1.4419146802854146
4zLtcR5Hfm80fSqogapUEc,5OSpHOjCFDWRY67fJFZ1ZQ,1.5374659829558186
4zLtcR5Hfm80fSqogapUEc,3eqD8kifaVLMNJS1zRk73b,1.5509807369757833
4zLtcR5Hfm80fSqogapUEc,4hA4vowf8u8fhA2KlxBJIa,1.5509807369757833
1nPfUuE8XYrnsaToI81yyO,4uFXfaNBVQw1MJ9K19P8QS,1.3470120529080758
1nPfUuE8XYrnsaToI81yyO,4rrDNJIlcE03cUe4RA74Z6,1.5919601439372053
1nPfUuE8XYrnsaToI81yyO,2klWfM19A7TfwlxBQLNbIZ,1.6396210259407413
1nPfUuE8XYrnsaToI81yyO,1FlY15vdP570PJucy6JdYm,1.649613367189834
1nPfUuE8XYrnsaToI81yyO,718purgMpFb2Axhuz0Hbq1,1.743423148883552
1nPfUuE8XYrnsaToI81yyO,2UxxDidNYPuTLiMNKBHMiK,1.8642776227946847
1nPfUuE8XYrnsaToI81yyO,4x9l3fDzgvzg9t7Csbufrn,1.870187730754584
1nPfUuE8XYrnsaToI81yyO,6YVryeURxyAG4Bb588lTmR,1.8776532091115337
1nPfUuE8XYrnsaToI81yyO,7kYgRZwVlq9a3lvHGHunrb,1.8825356573912304
1nPfUuE8XYrnsaToI81yyO,4cF6Pk7YaRtv91mSZa4nVi,1.8888436236685517
3ctDo5gZFNOiMjqa0XDBif,10ifawoZHnRZjwiQjcoY1S,0.6064783249032298
3ctDo5gZFNOiMjqa0XDBif,7bfocP7GYoLOutUYpTI8tx,0.7737774564924782
3ctDo5gZFNOiMjqa0XDBif,3fPgIknlkDWXs1l2noKZbp,0.8489560491149749
3ctDo5gZFNOiMjqa0XDBif,52aj920Nd9VlhlehQVsfwS,0.8847647037280653
3ctDo5gZFNOiMjqa0XDBif,54SQet8YMttOgTqDNGcGpe,0.935365283784197
3ctDo5gZFNOiMjqa0XDBif,5lfWrciYtohtIMVDVZd0Rf,0.9652661819258088
3ctDo5gZFNOiMjqa0XDBif,1byfhRPkrLvnQ4ib1SWNxQ,0.9726339645773445
3ctDo5gZFNOiMjqa0XDBif,2dHCfHPFdccesaPhiisAed,1.0058453413426935
3ctDo5gZFNOiMjqa0XDBif,2sgpYwWVQAXWetqtO9Kh24,1.0212785076425663
3ctDo5gZFNOiMjqa0XDBif,45FR60U6pxNbiQkA8BOhBD,1.0267051235008269
0yFjiqcf961CTPJIOxJtjZ,2JAUBPBVkimRLc5BGhAkfJ,0.9358066028611175
0yFjiqcf961CTPJIOxJtjZ,3ENn9ahP78mdUTHXDhnyFu,1.0034575530068774
0yFjiqcf961CTPJIOxJtjZ,52UDFFwUueOBfJ2vB5BqRr,1.036266520147189
0yFjiqcf961CTPJIOxJtjZ,0aIW3ekrhK1eh3BYCh11op,1.0417973240293084
0yFjiqcf961CTPJIOxJtjZ,341863z079BT4EFPiSw9DP,1.0524385421228581
0yFjiqcf961CTPJIOxJtjZ,3euQtj1nSUZsuOAAjH1LK8,1.0926404432457968
0yFjiqcf961CTPJIOxJtjZ,0Fzt24jmCa6G0ED7pW3IM1,1.176550977779052
0yFjiqcf961CTPJIOxJtjZ,5BwUt9x6Ss7bKcnDCi5H2X,1.2110532051581293
0yFjiqcf961CTPJIOxJtjZ,2PJzQvozduq44cToUQBa0B,1.2511354636545275
0yFjiqcf961CTPJIOxJtjZ,3zwL0EG6j9gJkPBtJY3VQu,1.2515096995143133
6IZIvFwOGpJgI3xEdBNjCB,0d1PUwvlNvCKfypNaaKJoz,1.6371599145153477
6IZIvFwOGpJgI3xEdBNjCB,6ZV6lI92ypdfjeGgDQc5Mm,1.64896893942923
6IZIvFwOGpJgI3xEdBNjCB,4sakBPqSpuj6FJti1rPme7,1.7758176136592154
6IZIvFwOGpJgI3xEdBNjCB,3fs82T0O6mdVcSHhoNlAES,1.8666262134830638
6IZIvFwOGpJgI3xEdBNjCB,3TXF9mdeWd18WEW1alIGOT,1.987734474599925
6IZIvFwOGpJgI3xEdBNjCB,6FMonOQySdWYdgNshk6zSs,2.0500463643306968
6IZIvFwOGpJgI3xEdBNjCB,2KZXF3p2o5oNl4dYme5zhH,2.1731339643880836
6IZIvFwOGpJgI3xEdBNjCB,5m4FuvMmLOnq7Gpt0ckAcf,2.233465651800053
6IZIvFwOGpJgI3xEdBNjCB,5Z4ZRi6fMaqM4gW3VrTxfk,2.240890509837101
6IZIvFwOGpJgI3xEdBNjCB,4KQ8xXm9v7sF7ZeSWywiKs,2.2537215847538
0v3C05tIF1WZWFlcj326YZ,5x4vgABKiGp4Vg7ZyFRxhn,0.9723507871577408
0v3C05tIF1WZWFlcj326YZ,68c8qaChNLXdBvFPCSQz4d,1.0310781558496016
0v3C05tIF1WZWFlcj326YZ,47k1Cbink0USdP1eDmGjFj,1.084200042556119
0v3C05tIF1WZWFlcj326YZ,26VPU8yYHcZs2II1PD0G9g,1.1059946605422748
0v3C05tIF1WZWFlcj326YZ,5p66ip2k92QBjuYYw2X0qa,1.1194459388968623
0v3C05tIF1WZWFlcj326YZ,2L1KDMlUbzuaXce1VvWV57,1.1718687615533154
0v3C05tIF1WZWFlcj326YZ,5IUtvfNvOyVYZUa6AJFrnP,1.1865939073018974
0v3C05tIF1WZWFlcj326YZ,0elH6ukMGLyCHJavHutEza,1.2961513351010288
0v3C05tIF1WZWFlcj326YZ,0RYqTScbPJ3wijhvWOgLkE,1.2970177867459802
0v3C05tIF1WZWFlcj326YZ,6IRzBP4gVoV4D2zHmocoWy,1.3507252673560015
3i0J9e00YhlrKO7AqgdO8Z,0p4D8tKBjpTqOpFhwxIXe1,1.097599346729769
3i0J9e00YhlrKO7AqgdO8Z,35CoDqsVF0P2w8Lgir7wrs,1.1622533004297873
3i0J9e00YhlrKO7AqgdO8Z,4oOmRoG2lWjv6COrTT8Z28,1.1900039483213924
3i0J9e00YhlrKO7AqgdO8Z,7GkHIsnziYgk6j1lx2TK6H,1.2044625635161152
3i0J9e00YhlrKO7AqgdO8Z,0aIW3ekrhK1eh3BYCh11op,1.2721384753122678
3i0J9e00YhlrKO7AqgdO8Z,3nImoHhXBOqYcdTN8gt9eE,1.2898188686755874
3i0J9e00YhlrKO7AqgdO8Z,66ERrn57fmkbOq9zhELGPv,1.3170101501179685
3i0J9e00YhlrKO7AqgdO8Z,7h9VHJe3SJnNpedITpOQWO,1.331658094022068
3i0J9e00YhlrKO7AqgdO8Z,3ApLFFuaXsKBnDhspuQrWj,1.3845208405536904
3i0J9e00YhlrKO7AqgdO8Z,52UDFFwUueOBfJ2vB5BqRr,1.3864391175395352
4X91MJx5PaKwlYnnldv1OZ,0q7LR23IYycIYTUJuTrQiF,1.5878521287241
4X91MJx5PaKwlYnnldv1OZ,5zzfKibxNlJPWGkkhAGlLg,1.625217075261284
4X91MJx5PaKwlYnnldv1OZ,0KpTFH1SzexN8SGc0GPILC,1.6953353379714577
4X91MJx5PaKwlYnnldv1OZ,6a6hIUCbzYNQgxGFae2iBX,1.8185513544857443
4X91MJx5PaKwlYnnldv1OZ,0J1NpNoYYMuohXl4frq0aU,1.8262379447917092
4X91MJx5PaKwlYnnldv1OZ,3pmYp7wfaDfr5OwHoxAR9K,1.8645614285975012
4X91MJx5PaKwlYnnldv1OZ,1rfPKTKzzDaz1lDjadZVqb,1.9123272125228024
4X91MJx5PaKwlYnnldv1OZ,4rtyV2gthc3k6D0rjcQJOR,1.9311260996773725
4X91MJx5PaKwlYnnldv1OZ,51QsdN4xBmkLhtqNi0J40l,1.9573487776532859
4X91MJx5PaKwlYnnldv1OZ,4nWxif1dt6FCg4GFZcPIbO,2.0320828966167634
4UhPKerkCNyzN6oPouXCRp,1EsgUWQsxGBwnu3NATDjiU,1.619811995931425
4UhPKerkCNyzN6oPouXCRp,4pXyK9GW7fuT645U0DLYYF,1.8225006213967658
4UhPKerkCNyzN6oPouXCRp,2ueSOewe2bXPIpE8y8TTj1,1.8352185614619256
4UhPKerkCNyzN6oPouXCRp,57Xjny5yNzAcsxnusKmAfA,1.8889752382786358
4UhPKerkCNyzN6oPouXCRp,7ijnomlrX6iGZ5ih4xTehA,1.939269449853693
4UhPKerkCNyzN6oPouXCRp,3Msrp56q1eTLQaZFX06Qp3,2.0556478932520057
4UhPKerkCNyzN6oPouXCRp,08l9WKDuRyGeStQ9ojTlFh,2.1788099874056743
4UhPKerkCNyzN6oPouXCRp,2gfHZWYVhzCQg3dvlmS421,2.2070251617594696
4UhPKerkCNyzN6oPouXCRp,66QpL8l5IJ4ND2Q79MTa3t,2.259144986944041
4UhPKerkCNyzN6oPouXCRp,2xETIuyVWAjWXFSbqngBYq,2.2745189731662068
72655YyFEnLXG54FC6tCtT,19gCnDoMbugHhF7eMpLpe1,0.8725252599181075
72655YyFEnLXG54FC6tCtT,341863z079BT4EFPiSw9DP,0.9907176091184509
72655YyFEnLXG54FC6tCtT,5BwUt9x6Ss7bKcnDCi5H2X,1.0681064639231714
72655YyFEnLXG54FC6tCtT,0Fzt24jmCa6G0ED7pW3IM1,1.1098798439722444
72655YyFEnLXG54FC6tCtT,3zwL0EG6j9gJkPBtJY3VQu,1.3651778353766804
72655YyFEnLXG54FC6tCtT,2zhL0n71GK0lhgDc83VT9A,1.3691263528695028
72655YyFEnLXG54FC6tCtT,2LXtyj95dK56ENS1QLt4IB,1.4538503116613115
72655YyFEnLXG54FC6tCtT,5aJuHyYNdOzqX6eGO2XyE8,1.4941863364789945
72655YyFEnLXG54FC6tCtT,0yFjiqcf961CTPJIOxJtjZ,1.541263356059111
72655YyFEnLXG54FC6tCtT,0jsXpJsdXhnwnwnCLKjYLF,1.6556988501794032
2VSGzQqy9nqJefcYGJNWst,0IgDxg8KOtsM8x3y09L9oB,0.8137565155126983
2VSGzQqy9nqJefcYGJNWst,7xs1ksUAb2XswNWJjeyt7V,0.9894863832116758
2VSGzQqy9nqJefcYGJNWst,5xde0qUR1uUmH8ZVOqoPRo,0.9951789835280693
2VSGzQqy9nqJefcYGJNWst,2Racq7HrXkYvF8w9zXvlTp,1.0044170695891619
2VSGzQqy9nqJefcYGJNWst,0U7SRbyBhkdXdulXr3veKQ,1.0349934837375143
2VSGzQqy9nqJefcYGJNWst,7rVw4gyhclOgTIrFCtI3ZG,1.064692284635807
2VSGzQqy9nqJefcYGJNWst,5ee2y1hdrYRYlGzKfkQdBw,1.1362883080066035
2VSGzQqy9nqJefcYGJNWst,6F4w6yDhupUdnrx1U6AiUg,1.1414148672604112
2VSGzQqy9nqJefcYGJNWst,3G4GIs0jGwIbLFGBL3ZSNc,1.1478291107513463
2VSGzQqy9nqJefcYGJNWst,4MNXKskyfqES2LAlbrrRbV,1.1873984346021371
5BwUt9x6Ss7bKcnDCi5H2X,3zwL0EG6j9gJkPBtJY3VQu,0.8233340247853168
5BwUt9x6Ss7bKcnDCi5H2X,341863z079BT4EFPiSw9DP,0.8601007594666757
5BwUt9x6Ss7bKcnDCi5H2X,7nZu5xIQlEceMFpfQbjK1P,1.0673978932421924
5BwUt9x6Ss7bKcnDCi5H2X,72655YyFEnLXG54FC6tCtT,1.0681064639231714
5BwUt9x6Ss7bKcnDCi5H2X,3XXTR1PxuCslxeQCpRHpmW,1.084439201379332
5BwUt9x6Ss7bKcnDCi5H2X,5aJuHyYNdOzqX6eGO2XyE8,1.0851726383845175
5BwUt9x6Ss7bKcnDCi5H2X,2PJzQvozduq44cToUQBa0B,1.0882013976594136
5BwUt9x6Ss7bKcnDCi5H2X,19gCnDoMbugHhF7eMpLpe1,1.1276545606507706
5BwUt9x6Ss7bKcnDCi5H2X,0yFjiqcf961CTPJIOxJtjZ,1.2110532051581293
5BwUt9x6Ss7bKcnDCi5H2X,1RtoOw5CS2PBcVG8A783Q0,1.2111543253645063
57WO3RacxniSNSeHwcrkVZ,22tot0Y6uKuWdAZnEQyB6g,0.975506655997522
57WO3RacxniSNSeHwcrkVZ,3FX9rMHZqWTpv5ZTR7TkpB,1.0258193355691194
57WO3RacxniSNSeHwcrkVZ,4paK7VQa8HRYPSF2hvC4LQ,1.081155786983652
57WO3RacxniSNSeHwcrkVZ,0EpdLuptraYGFZ6J7HNSLc,1.1196384539361703
57WO3RacxniSNSeHwcrkVZ,3PDf2Xk2fHt3EexYRrVS0j,1.1472376893163339
57WO3RacxniSNSeHwcrkVZ,6Yp3K2cy35hXnWQFE1yWrJ,1.1631247937284992
57WO3RacxniSNSeHwcrkVZ,36EVGjdLX0x5SlM1GaL6f0,1.1863308815137217
57WO3RacxniSNSeHwcrkVZ,6AvpoXv2KL0rGYIcZ3v3QI,1.1867481260342578
57WO3RacxniSNSeHwcrkVZ,1c2vVx6knoiZHXbJJ9Mk8L,1.1898024099383606
57WO3RacxniSNSeHwcrkVZ,6mVD1SfTvlFAPVi7txFL5H,1.1926901446530875
2sKchp54KqDz6jPofHZ66t,2oya2LiaY0kG9ULocwIoaw,0.9480879520903353
2sKchp54KqDz6jPofHZ66t,5Ims37RILnoKgwv4ih2UKD,1.1208883259760811
2sKchp54KqDz6jPofHZ66t,6vpyvi70JNqAJa9IqNx8qy,1.1822865223931585
2sKchp54KqDz6jPofHZ66t,1c2vVx6knoiZHXbJJ9Mk8L,1.254538422985083
2sKchp54KqDz6jPofHZ66t,3EtsTQGKkUXaGDmMi7GRfD,1.2585287404442997
2sKchp54KqDz6jPofHZ66t,7n5Jcqw85WSfJHrMXsk5N2,1.2596903682428564
2sKchp54KqDz6jPofHZ66t,2tUChcOi3ktjFzMYu2w5QL,1.277520023632815
2sKchp54KqDz6jPofHZ66t,12DuRrlFSqJyAtfN0YauMz,1.2853369331987434
2sKchp54KqDz6jPofHZ66t,54SQet8YMttOgTqDNGcGpe,1.3315427511984927
2sKchp54KqDz6jPofHZ66t,4xHA5RyRlbVeT2sDslkczq,1.3597255565938169
1bspDLAXNjbSmqThncJaA3,5WTMon2o3bL3LvIxVQm9xk,0.9009581299665099
1bspDLAXNjbSmqThncJaA3,1tBjTyIWZpAXKOahFNrpMK,0.9987180966841332
1bspDLAXNjbSmqThncJaA3,0PPIpnwOzCZMUaGiHbAEqc,1.1096536192482376
1bspDLAXNjbSmqThncJaA3,3Fqq8l8ToyiC9ZyHyxMxFo,1.1767468411027397
1bspDLAXNjbSmqThncJaA3,5OSpHOjCFDWRY67fJFZ1ZQ,1.2798443468347478
1bspDLAXNjbSmqThncJaA3,6iYQCMnUucNMM9Frw2kreu,1.4108445149837419
1bspDLAXNjbSmqThncJaA3,6tBt0o5KS4xYaC7aKd7RY0,1.4805917734089025
1bspDLAXNjbSmqThncJaA3,2rbkwvwtdWpDwthWnTpJMj,1.5286869387556032
1bspDLAXNjbSmqThncJaA3,7FxxBNwN27gcqRjzSE6T9N,1.5379633726059154
1bspDLAXNjbSmqThncJaA3,5j8cflZIx0GwvlkzPImbtK,1.5967941540506556
3NM41PVVUr0ceootKAtkAj,5XCtjnFMKtCT7ycDwV3Kdh,1.036815717333709
3NM41PVVUr0ceootKAtkAj,3rXgbjVLoaHEUq82dbCP0f,1.1071422695431796
3NM41PVVUr0ceootKAtkAj,4avT69vtIK1qqC8SL7eqGJ,1.1555555355796971
3NM41PVVUr0ceootKAtkAj,60sMKR8s0Zs8tXRqKsI8VX,1.2364191971498764
3NM41PVVUr0ceootKAtkAj,3z8h0TU7ReDPLIbEnYhWZb,1.2896435327007623
3NM41PVVUr0ceootKAtkAj,4ZXZKLCXALRAD9xWkPd5Yr,1.3472240616922686
3NM41PVVUr0ceootKAtkAj,2AwYywTNbeiWqQcLqt8UwP,1.4107248836994046
3NM41PVVUr0ceootKAtkAj,2YA5IfmQwAmVzHRP3SVnEd,1.4704219858662195
3NM41PVVUr0ceootKAtkAj,2jcMktZrayNaiWRnRmItnY,1.4961953227192757
3NM41PVVUr0ceootKAtkAj,71wciO7F9Ro8J4vq1lvfru,1.5061136110218738
2nLtzopw4rPReszdYBJU6h,2VAP7blVVE9odqmMyM6HFf,0.575970728942203
2nLtzopw4rPReszdYBJU6h,0KOAra08PQ11mhmUCX5pJf,1.0506447532396106
2nLtzopw4rPReszdYBJU6h,1erM5eAa42t5PizveNnsbY,1.1439402721671497
2nLtzopw4rPReszdYBJU6h,0Q5OUoMBRrbQIYb3TZnzQe,1.3586683089950486
2nLtzopw4rPReszdYBJU6h,3Hg1OJWwiNeKWX7suTNJ1Y,1.494050834386965
2nLtzopw4rPReszdYBJU6h,7sJbCv83nl2S94j8ZJz2WP,1.546040241820833
2nLtzopw4rPReszdYBJU6h,5Cpk0Hg5KSUmm0BdyIkVVW,1.5800931618948986
2nLtzopw4rPReszdYBJU6h,4yqRW7Ovd47DcgfuWXzEGR,1.6069304705770886
2nLtzopw4rPReszdYBJU6h,3ujzd7pcdAhILCnS3oGbaU,1.6761171382205768
2nLtzopw4rPReszdYBJU6h,0oo6NX5bPcqUbX7eJtoslO,1.691682592760444
3fjhdbUop7FSLTyD8wHMD2,5bBt3WYHKsMVfbGhAPuQHF,1.3546607402425612
3fjhdbUop7FSLTyD8wHMD2,0nBXAd6tU3ESx9rdyEjGbD,1.3683795972751989
3fjhdbUop7FSLTyD8wHMD2,6wvWBHg6IWBIqs3eFUdNJx,1.4720896055805337
3fjhdbUop7FSLTyD8wHMD2,1W0voVAoKVow8VhpwWBHl5,1.4824793345050629
3fjhdbUop7FSLTyD8wHMD2,7bBEhjBUUHwkONgReD5xmB,1.4900162495902205
3fjhdbUop7FSLTyD8wHMD2,08FVjIlxDFr0ZV5fDLlhKE,1.541916822721914
3fjhdbUop7FSLTyD8wHMD2,7qrvxjTqvXvaiGhnUfCOAB,1.544789686303455
3fjhdbUop7FSLTyD8wHMD2,1ypx1v2k1cQFX0Vrda7nEl,1.5675986520350151
3fjhdbUop7FSLTyD8wHMD2,4pY65PI8PkbRumQpEoxElV,1.6082493719616455
3fjhdbUop7FSLTyD8wHMD2,3I9tSAQMVzAuX8QQUBG9rP,1.6682120421642155
3fs82T0O6mdVcSHhoNlAES,3TXF9mdeWd18WEW1alIGOT,0.9149589366767377
3fs82T0O6mdVcSHhoNlAES,7bBEhjBUUHwkONgReD5xmB,1.3345540319795046
3fs82T0O6mdVcSHhoNlAES,0d1PUwvlNvCKfypNaaKJoz,1.449111367333399
3fs82T0O6mdVcSHhoNlAES,4nbILrYODP667b3d66ZMzI,1.462779404982013
3fs82T0O6mdVcSHhoNlAES,4KQ8xXm9v7sF7ZeSWywiKs,1.62492508680371
3fs82T0O6mdVcSHhoNlAES,2ANvtgV1j5Ba4d4WTYnQkQ,1.6372666932365252
3fs82T0O6mdVcSHhoNlAES,341b9JIDHZ3oaMVNwS0OsA,1.6722169650203855
3fs82T0O6mdVcSHhoNlAES,4qk8TRTKURbYICrtfAfDYr,1.6919475009649179
3fs82T0O6mdVcSHhoNlAES,6d48lKUZig9jlzUXHr7QMz,1.7013915429787227
3fs82T0O6mdVcSHhoNlAES,6ZV6lI92ypdfjeGgDQc5Mm,1.7352556812056754
20DigsfRILHYKeMqbuDqtx,1pBHxJzQEiO0PG1BsN096D,0.9669961583658688
20DigsfRILHYKeMqbuDqtx,59eCy91JDrnpbPLF3T3L03,0.9964156506278314
20DigsfRILHYKeMqbuDqtx,7h8N0QlHxIEYfnHDVps8dS,1.1956800392204263
20DigsfRILHYKeMqbuDqtx,1ySelcGSPG6LJENqs8DQcb,1.2402308820145547
20DigsfRILHYKeMqbuDqtx,7KnFT8NQPRYtWOZXhWcGGZ,1.3129834987916325
20DigsfRILHYKeMqbuDqtx,2FwKDwQyIKK1YgLAg9wjnV,1.3388453445850845
20DigsfRILHYKeMqbuDqtx,46tzAJhfSl7teg1aXgg0fR,1.3392863645329351
20DigsfRILHYKeMqbuDqtx,3Y4rUyw7XBCK6hGHCOt6rp,1.5341882580117228
20DigsfRILHYKeMqbuDqtx,1eGdw1BbGAYaXbgPcVIkGm,1.6434901193416185
20DigsfRILHYKeMqbuDqtx,2hw1sBTzjB9zghnlLpqeAj,1.6639096497942782
0Q0Vl9fKJF5MDxfVKbD78e,3RoHAivw8gRyzlWDsvbFTB,1.1061515634078767
0Q0Vl9fKJF5MDxfVKbD78e,4LutIwQfcpXjVs7mIySYCD,1.2247055397611901
0Q0Vl9fKJF5MDxfVKbD78e,1mhhgEfuEGW0EwB6kNuzkk,1.3940944737031953
0Q0Vl9fKJF5MDxfVKbD78e,2WjXRWocLt0HbsdPawx0Mx,1.4112022498079417
0Q0Vl9fKJF5MDxfVKbD78e,22sno2Y45Ov3ixSl6fN9i8,1.4972295322343796
0Q0Vl9fKJF5MDxfVKbD78e,5ruzrDWcT0vuJIOMW7gMnW,1.5005956948624442
0Q0Vl9fKJF5MDxfVKbD78e,1180Pe0jjGNslftSXTrEKi,1.5831322771437017
0Q0Vl9fKJF5MDxfVKbD78e,5lzHcuhl4iBfR4PtQXBm9i,1.6153535098616794
0Q0Vl9fKJF5MDxfVKbD78e,3bCp61o3h46Yvr0vgMJlaL,1.6201289582858158
0Q0Vl9fKJF5MDxfVKbD78e,6V4k01Xr3HsVrfqUyQSIqt,1.6341298441334318
2cBGY25X6oG1fLwQyOZvJ1,1h4K8ijEaWX9Z2KGXrfz8T,1.037957061620504
2cBGY25X6oG1fLwQyOZvJ1,0sO53kgvUZFEu8Tqne6T7N,3.120291317539028
2cBGY25X6oG1fLwQyOZvJ1,6cxmYx2CDHRkaTZHVgsykX,3.5410308555551717
2cBGY25X6oG1fLwQyOZvJ1,2jL3urmIC1PepoT93Mskmm,3.6218571510092623
2cBGY25X6oG1fLwQyOZvJ1,2BZe9fLjce5JlnrVmwYzWl,3.634096692577349
2cBGY25X6oG1fLwQyOZvJ1,3AQozzNsKUnxw2GSn0IlRq,3.770115565406053
2cBGY25X6oG1fLwQyOZvJ1,7jc524Kcj1FRHUh7y5x9uv,3.8328159171546465
2cBGY25X6oG1fLwQyOZvJ1,6ohXK9Y4ioab0VjQp20rYa,3.8584459515470737
2cBGY25X6oG1fLwQyOZvJ1,3M4N9uyJg6RCxPsaG4xGGI,4.131278291439425
2cBGY25X6oG1fLwQyOZvJ1,3ujWh42s95AIqhM6GXoVjn,4.15405809868189
0D3J5hfXcaQLeMmZVxD4S7,6YNdQ5utvFnK4CTAnBga06,0.6199855139287568
0D3J5hfXcaQLeMmZVxD4S7,71wciO7F9Ro8J4vq1lvfru,0.6563983171173492
0D3J5hfXcaQLeMmZVxD4S7,2DEHcqIwG3umK94P0tlh7X,0.7278563805370353
0D3J5hfXcaQLeMmZVxD4S7,2YA5IfmQwAmVzHRP3SVnEd,0.7350710630998342
0D3J5hfXcaQLeMmZVxD4S7,48RAUxA6ZlqIuM4pON0GVC,0.8064590746318264
0D3J5hfXcaQLeMmZVxD4S7,3iOcbCxe0jW1XrlFb0rvj2,0.8220265792442767
0D3J5hfXcaQLeMmZVxD4S7,6d1AuFOL1YBzLcruapNbZV,0.9631056647576489
0D3J5hfXcaQLeMmZVxD4S7,2O2oWOUJM14dWhQNpkcSbD,1.0017800747372103
0D3J5hfXcaQLeMmZVxD4S7,4dk12UlAYNruc5pwHEXncR,1.0355066976619334
0D3J5hfXcaQLeMmZVxD4S7,0p4D8tKBjpTqOpFhwxIXe1,1.0606796709828599
3fak0qjHByUubKQY2JM3ux,3OtpZhuI28h9yDjDbOkqSb,1.2105634400221585
3fak0qjHByUubKQY2JM3ux,7fK3FuYZP6fqlavub180ij,1.4985606052190523
3fak0qjHByUubKQY2JM3ux,4E93IPDPbaNJUDTpur3V63,1.5788651935850033
3fak0qjHByUubKQY2JM3ux,3q5Ze7QksOVd2ES9YzdfsE,1.747972144039097
3fak0qjHByUubKQY2JM3ux,1aDCjyFTiY6EG9mbl7HMog,1.787479886045409
3fak0qjHByUubKQY2JM3ux,6pT0lZ3QhOWzjXWqO7aqVq,1.8449632202504451
3fak0qjHByUubKQY2JM3ux,3kUYO8UMNxuOCPuERmQYKa,1.8710941723096244
3fak0qjHByUubKQY2JM3ux,6DXazvidTcZ7Nx78cm5hZE,1.8829438827163718
3fak0qjHByUubKQY2JM3ux,4n3mp3DC7JrdXYJCDdwKhd,1.8868009937352086
3fak0qjHByUubKQY2JM3ux,7n4Y9BCKLHi4hqI2NctuAq,1.8929810561609344
2HKTVg3VL4LULPp7F8SUQa,6X75beLYymFGvrw5Ocqflq,1.4069975729370405
2HKTVg3VL4LULPp7F8SUQa,2d25mcKl3CYuBsYPi6cAMi,1.547491192097682
2HKTVg3VL4LULPp7F8SUQa,0XE4aVvC1rOGaS9jLpgsfv,1.7065530617522953
2HKTVg3VL4LULPp7F8SUQa,0TpTOzLGB3JrMhpkpq3u9y,1.7605715913211208
2HKTVg3VL4LULPp7F8SUQa,5IXpJkpRvk97JoLMTitMPG,1.8273199440180574
2HKTVg3VL4LULPp7F8SUQa,0FlPKWNvl0ZJxQvw3UK3ja,1.8294021909847615
2HKTVg3VL4LULPp7F8SUQa,1zc9mfxeNZ6HiSxRzY7JIA,1.8612681324149871
2HKTVg3VL4LULPp7F8SUQa,5BsfHrHZtp17H7pVvZqnX4,1.8805303389388501
2HKTVg3VL4LULPp7F8SUQa,0Z7nVJmfPLRjhtStJZh4hm,1.9943764456367532
2HKTVg3VL4LULPp7F8SUQa,3mYCd23hPxJW5okSvMoy3x,1.9993255341513414
4mUiW3rsg9kicTIYwjwSsG,5jvwBfP3afteHaLNrPrUCN,0.0
4mUiW3rsg9kicTIYwjwSsG,25xhL1egtULWxHD5YDJ9XY,0.7980615775448386
4mUiW3rsg9kicTIYwjwSsG,0m4jVVZrsv0bLkAr1uM6UG,0.8409316988173098
4mUiW3rsg9kicTIYwjwSsG,1VhGRC4yzcDFBM4yQSpUGg,0.9165713127449465
4mUiW3rsg9kicTIYwjwSsG,0cocZBknjka59p58FOdqef,1.1659262903887304
4mUiW3rsg9kicTIYwjwSsG,6iYQCMnUucNMM9Frw2kreu,1.213361243299377
4mUiW3rsg9kicTIYwjwSsG,12SNxpytVKahQ25nOTpbFX,1.2271724268182045
4mUiW3rsg9kicTIYwjwSsG,0zuH9aSrPkctSaAn1kPN86,1.232436578988391
4mUiW3rsg9kicTIYwjwSsG,0kI4AfCbkK5MP2B7Xgh6kB,1.259034708675252
4mUiW3rsg9kicTIYwjwSsG,1pIMxRddmCGalHnRbLFkWg,1.2601530941170889
3iTgKW7MWI0M0acyEoQXds,6S1BoAiJeJ96A09tHIwJuy,0.6479854460545239
3iTgKW7MWI0M0acyEoQXds,3O3lsUYkkrolKZEfH4pTQn,0.6553554517817024
3iTgKW7MWI0M0acyEoQXds,3J1BQ2acB1OHTQKeI1cWkR,0.8034514221442793
3iTgKW7MWI0M0acyEoQXds,68c8qaChNLXdBvFPCSQz4d,0.8192042105456039
3iTgKW7MWI0M0acyEoQXds,4dk12UlAYNruc5pwHEXncR,0.8766225800411951
3iTgKW7MWI0M0acyEoQXds,3lMGhsGVaAO37AKy5CV8HB,0.8830995309577065
3iTgKW7MWI0M0acyEoQXds,5bFuHlXKw66Uu2cHKn5bf8,0.9298331361626967
3iTgKW7MWI0M0acyEoQXds,2L1KDMlUbzuaXce1VvWV57,0.9575407724923555
3iTgKW7MWI0M0acyEoQXds,2O2oWOUJM14dWhQNpkcSbD,0.9613285946788962
3iTgKW7MWI0M0acyEoQXds,2fyIS6GXMgUcSv4oejx63f,0.9801894209250285
2FBI52O3q5IlldKBImv1Zq,0sXJUHfwsocaJaLM5osoWX,1.2331599153394204
2FBI52O3q5IlldKBImv1Zq,7nZu5xIQlEceMFpfQbjK1P,1.5021458460602377
2FBI52O3q5IlldKBImv1Zq,1RtoOw5CS2PBcVG8A783Q0,1.506092675197753
2FBI52O3q5IlldKBImv1Zq,5my3f3dMZENvUwAXYVQNmO,1.628833397310536
2FBI52O3q5IlldKBImv1Zq,5PAKAKbcx1gqEoiLZIS6ec,1.6400857008716228
2FBI52O3q5IlldKBImv1Zq,51Ht5maNIl3gkur1R9Guwd,1.6526024346149613
2FBI52O3q5IlldKBImv1Zq,4HKFF8kQupjxkx0SKxcPPZ,1.827787195778142
2FBI52O3q5IlldKBImv1Zq,43ZA173zlPZnKN3YSjrzHU,1.8382648423098158
2FBI52O3q5IlldKBImv1Zq,3kWwbDlhgCoYdGYnsE7uCj,1.9290697236181935
2FBI52O3q5IlldKBImv1Zq,2EuRnXkQ1X97VNY3NfSqay,2.000709156468221
3Hg1OJWwiNeKWX7suTNJ1Y,7xuu4ByQkm8qhnwJQk994r,0.854619749393481
3Hg1OJWwiNeKWX7suTNJ1Y,6rSNgGImNmGPcosJiPLgzs,0.9904307184735823
3Hg1OJWwiNeKWX7suTNJ1Y,2wqiV4aIMOosmQMqnLxXbA,1.0422649304916327
3Hg1OJWwiNeKWX7suTNJ1Y,4yqRW7Ovd47DcgfuWXzEGR,1.0638612217067784
3Hg1OJWwiNeKWX7suTNJ1Y,43ueXmQ6KjITk0hKKOPOLA,1.0760032969509603
3Hg1OJWwiNeKWX7suTNJ1Y,2gEh41XUP3vI7kAjlEO92n,1.0769403113440754
3Hg1OJWwiNeKWX7suTNJ1Y,0liZcBeGoLuzDIat1YXRZk,1.1478962518585571
3Hg1OJWwiNeKWX7suTNJ1Y,1lZzyOyH9LSAWFjHKz9TT2,1.1736824522058962
3Hg1OJWwiNeKWX7suTNJ1Y,5NYejXf1mwigePilCGLjdM,1.1787725970897687
3Hg1OJWwiNeKWX7suTNJ1Y,0gKuF5cAyTLUflACTah7yC,1.2456899812010058
6CBr1ll9YnZJSPueJwtYrp,22Yk1yPGtoAaJMUJEFlco2,1.1435194390483123
6CBr1ll9YnZJSPueJwtYrp,3r9eGg4SVPbhtiPTA9UkmK,1.1596260392953952
6CBr1ll9YnZJSPueJwtYrp,4xQY6PYbE5N5En4xv5nQtM,1.3129852036754848
6CBr1ll9YnZJSPueJwtYrp,42OUnOczRtCTyPTqvBsHzW,1.3269305734143209
6CBr1ll9YnZJSPueJwtYrp,4f4NAym3a1cwDslRX39WAj,1.3554976066747706
6CBr1ll9YnZJSPueJwtYrp,43nB4BTmfrOZ80QYrD3Ap2,1.3612767694465024
6CBr1ll9YnZJSPueJwtYrp,3eSdppRWjG7WlxTVuhqGVu,1.3839514135614461
6CBr1ll9YnZJSPueJwtYrp,66ERrn57fmkbOq9zhELGPv,1.392028571512638
6CBr1ll9YnZJSPueJwtYrp,5my3f3dMZENvUwAXYVQNmO,1.4232934828508215
6CBr1ll9YnZJSPueJwtYrp,5Z4ZRi6fMaqM4gW3VrTxfk,1.449461337004957
3bCp61o3h46Yvr0vgMJlaL,1mhhgEfuEGW0EwB6kNuzkk,0.7046534196167137
3bCp61o3h46Yvr0vgMJlaL,2Uxnz7OTTYtgGrwjVcYRlG,0.9174574744933752
3bCp61o3h46Yvr0vgMJlaL,09obJ3DFME6R9uIZYPZxhG,0.9813677525067318
3bCp61o3h46Yvr0vgMJlaL,6rSNgGImNmGPcosJiPLgzs,0.9943406891172251
3bCp61o3h46Yvr0vgMJlaL,0ZeKQudydO2uQJpfr6gNC8,0.9948773138050203
3bCp61o3h46Yvr0vgMJlaL,7F4jKReNs1h8ujuz02Rsji,1.028955296508891
3bCp61o3h46Yvr0vgMJlaL,3XmIlmYem8DGp7aorcpBay,1.0600093931764418
3bCp61o3h46Yvr0vgMJlaL,3Z4ZuDrY684IFTBz2ze708,1.067771746587929
3bCp61o3h46Yvr0vgMJlaL,0gKuF5cAyTLUflACTah7yC,1.092954041473453
3bCp61o3h46Yvr0vgMJlaL,2RWFncSWZEhSRRifqiDNVV,1.1088335072100828
0UIrLwFq3cvTg5vBMmlfjp,0EmYZZ8OqeALedVhijSjsg,0.47813719131527765
0UIrLwFq3cvTg5vBMmlfjp,5nSdJRpyM8OkYOVGa5rlsw,0.514452844201415
0UIrLwFq3cvTg5vBMmlfjp,6Q3FXpvUNVHiWHU3xVMnQR,0.5590169647227683
0UIrLwFq3cvTg5vBMmlfjp,7oS2EnBWSHxzR2m6CxNJYA,0.5937254913491308
0UIrLwFq3cvTg5vBMmlfjp,4hQ6UGyWQIGJmHSo0J88JW,0.6074891880371339
0UIrLwFq3cvTg5vBMmlfjp,2RsAajgo0g7bMCHxwH3Sk0,0.6969890143750125
0UIrLwFq3cvTg5vBMmlfjp,02HdjmfXq1F2OsX6yPg86n,0.7435255831062685
0UIrLwFq3cvTg5vBMmlfjp,1I2MEjnS9c4OPMnKWbIuYs,0.7471968494942951
0UIrLwFq3cvTg5vBMmlfjp,0j6zVHUhezcz02iLhmpy2e,0.7581614711621742
0UIrLwFq3cvTg5vBMmlfjp,2GOVk9VRBmLVEyHSdZYPEN,0.827181324693892
6LiB2EaS3yxxJF4TWFgbno,4KC2Z9dL4jL61Ys35N6srg,0.8298655843579602
6LiB2EaS3yxxJF4TWFgbno,0pLfv0qTmH5AG2aUQQdkBt,0.8317827339728099
6LiB2EaS3yxxJF4TWFgbno,6d0sSZ2bfKUWeICsNRPyCt,0.9820760965234586
6LiB2EaS3yxxJF4TWFgbno,3yuxU2iHhz7tocZG9ohT1A,1.0111107543133342
6LiB2EaS3yxxJF4TWFgbno,2LyRC7gfWFJd6JI5i8fTJe,1.0387024375572582
6LiB2EaS3yxxJF4TWFgbno,7wClHQJlSp23OJ4TEi10Dn,1.1033208009662798
6LiB2EaS3yxxJF4TWFgbno,5HuCuxK1MdKafyUHl6X54r,1.217258249616407
6LiB2EaS3yxxJF4TWFgbno,4Z4ATORVrIp25FqUmtBb8r,1.2821027695515925
6LiB2EaS3yxxJF4TWFgbno,5A7HJmgaZU0buq4hpuqZ4Q,1.2841337998713875
6LiB2EaS3yxxJF4TWFgbno,63HkkLxSefpYzy1kPrcAOy,1.3816250788247622
0aIW3ekrhK1eh3BYCh11op,35CoDqsVF0P2w8Lgir7wrs,0.6806854579876224
0aIW3ekrhK1eh3BYCh11op,52UDFFwUueOBfJ2vB5BqRr,0.734441009153871
0aIW3ekrhK1eh3BYCh11op,3euQtj1nSUZsuOAAjH1LK8,0.7504923494360534
0aIW3ekrhK1eh3BYCh11op,0l8p1TkaVgcwIUS0xwm6Y5,0.8549554977786752
0aIW3ekrhK1eh3BYCh11op,7lu6YLrlB1MU7HW8DJSuPa,0.8892871971145926
0aIW3ekrhK1eh3BYCh11op,6SP4AXgL3VCUTmdm7axe9C,0.8954390378394912
0aIW3ekrhK1eh3BYCh11op,1JnHZagDFvrT2lx4QovSOo,0.9152255641728347
0aIW3ekrhK1eh3BYCh11op,3nImoHhXBOqYcdTN8gt9eE,0.9153176563177282
0aIW3ekrhK1eh3BYCh11op,3ENn9ahP78mdUTHXDhnyFu,1.0057043757747441
0aIW3ekrhK1eh3BYCh11op,0z5EJolHD3zV6W17tigtP7,1.0347803637778052
1zc9mfxeNZ6HiSxRzY7JIA,3mYCd23hPxJW5okSvMoy3x,0.91857771026441
1zc9mfxeNZ6HiSxRzY7JIA,0TpTOzLGB3JrMhpkpq3u9y,1.2072243351933882
1zc9mfxeNZ6HiSxRzY7JIA,2dDE3WCSj2cELFYO1IfECD,1.207483766753487
1zc9mfxeNZ6HiSxRzY7JIA,2bTESUiaqSWDvyW9zSA6xG,1.2358960037134354
1zc9mfxeNZ6HiSxRzY7JIA,5BsfHrHZtp17H7pVvZqnX4,1.2959752232604278
1zc9mfxeNZ6HiSxRzY7JIA,6X75beLYymFGvrw5Ocqflq,1.4621411989881483
1zc9mfxeNZ6HiSxRzY7JIA,7lltIP2aLYnEwbrKdYq0gb,1.4699188303942672
1zc9mfxeNZ6HiSxRzY7JIA,5KWAPzQjXdavsii32pBUmp,1.5253124575761419
1zc9mfxeNZ6HiSxRzY7JIA,3rTk7Ll8NRrd2jspBFtimV,1.5357885006016463
1zc9mfxeNZ6HiSxRzY7JIA,2ifYUfvMNbXQDPJEyk68rP,1.5720996365782425
1W0voVAoKVow8VhpwWBHl5,2RfncplwWMhuFY7nv2Dwwa,0.7017404620489274
1W0voVAoKVow8VhpwWBHl5,7qrvxjTqvXvaiGhnUfCOAB,0.7412548592565857
1W0voVAoKVow8VhpwWBHl5,2FsrKLHO91CaT8vvY85DD6,1.0065894135569629
1W0voVAoKVow8VhpwWBHl5,4qk8TRTKURbYICrtfAfDYr,1.012230705782362
1W0voVAoKVow8VhpwWBHl5,3I9tSAQMVzAuX8QQUBG9rP,1.017912409625084
1W0voVAoKVow8VhpwWBHl5,47rsdYKDpxfxM41ELOzZhg,1.1180241787387237
1W0voVAoKVow8VhpwWBHl5,1ypx1v2k1cQFX0Vrda7nEl,1.1907197830921659
1W0voVAoKVow8VhpwWBHl5,4nbILrYODP667b3d66ZMzI,1.2098619930271262
1W0voVAoKVow8VhpwWBHl5,7bBEhjBUUHwkONgReD5xmB,1.2295397605589484
1W0voVAoKVow8VhpwWBHl5,6SP4AXgL3VCUTmdm7axe9C,1.229578420879383
3Dg6BUqz0IaTOEq4ySdhhQ,3y8doSsikONxr7FMYCt41C,1.0730731012853028
3Dg6BUqz0IaTOEq4ySdhhQ,07R7LVnlKmNqNI7BA4K2ld,1.2107508875872275
3Dg6BUqz0IaTOEq4ySdhhQ,7HM1onSgR6op93vH7jNTV5,1.3523244947318018
3Dg6BUqz0IaTOEq4ySdhhQ,77Jbr7aQyYsH20luHDn7iv,1.3653544447901924
3Dg6BUqz0IaTOEq4ySdhhQ,0pZPObivxzE2M6AnzezZWH,1.4579836466568137
3Dg6BUqz0IaTOEq4ySdhhQ,0obvnPQaTe8fRAQHWyOWBv,1.5636425681808321
3Dg6BUqz0IaTOEq4ySdhhQ,3jumxkobNDisdRz27CxhOF,1.6138112155877908
3Dg6BUqz0IaTOEq4ySdhhQ,7qmQ9XrTcARzZIE8A0n2Te,1.638531233531074
3Dg6BUqz0IaTOEq4ySdhhQ,1AdUK37moo4ba9vRJJ7zVp,1.6561908121597173
3Dg6BUqz0IaTOEq4ySdhhQ,4bwjXWiAn669DdICw249sD,1.6734464079443037
58wCmem95U5HegMFOFGqUf,2ZZ3SXe3q8fwzVtIrQpEKy,1.674173180393006
58wCmem95U5HegMFOFGqUf,1NPvaOBF5y6HxKDOEAbUp7,1.7605381074503672
58wCmem95U5HegMFOFGqUf,1eGdw1BbGAYaXbgPcVIkGm,1.7859309756082005
58wCmem95U5HegMFOFGqUf,2o4brM0aHognKkRI8QtLEg,1.8401022321225218
58wCmem95U5HegMFOFGqUf,04tv9ewp0KMC5ijweE1GmS,2.053793107253856
58wCmem95U5HegMFOFGqUf,59eCy91JDrnpbPLF3T3L03,2.105376920046791
58wCmem95U5HegMFOFGqUf,0H9T97wS2k3bk1JcyOlrrN,2.263240431907425
58wCmem95U5HegMFOFGqUf,2RJireEKZhGveSCh1cDZjN,2.300244939192828
58wCmem95U5HegMFOFGqUf,5wellG7pgco2QlMjVuvSsf,2.355962420493121
58wCmem95U5HegMFOFGqUf,4SKRNfT7WI73MJho3suqYl,2.3605979768158143
3yuCAw61jqfyv2KzMoVdXA,3DnYVJJH3H6P7Svy4x2DYT,1.043046261965681
3yuCAw61jqfyv2KzMoVdXA,0yxEJfni0yeoBgtPeiox24,1.147912364044944
3yuCAw61jqfyv2KzMoVdXA,3Dk2StRqlP3JmXIY4aWyvA,1.4777717998356381
3yuCAw61jqfyv2KzMoVdXA,31leo5SqxFz5BndXp3HKqw,1.7139159038719325
3yuCAw61jqfyv2KzMoVdXA,2UcUL4jytfVpW0jSXi3Ggi,1.832496639316068
3yuCAw61jqfyv2KzMoVdXA,46tzAJhfSl7teg1aXgg0fR,1.8724650611993505
3yuCAw61jqfyv2KzMoVdXA,4wNIVLMwvz1P4hjWBmyKqa,1.9956898872495448
3yuCAw61jqfyv2KzMoVdXA,1pBHxJzQEiO0PG1BsN096D,2.024791269963122
3yuCAw61jqfyv2KzMoVdXA,7KnFT8NQPRYtWOZXhWcGGZ,2.214392189123048
3yuCAw61jqfyv2KzMoVdXA,20DigsfRILHYKeMqbuDqtx,2.319214472065008
2EF9d5esVb1IJ3qIP89F9u,7CkNtT4Ptb9cime7heim8c,1.1134128394539269
2EF9d5esVb1IJ3qIP89F9u,46cEIa1iQPSQLnPVP2hmVm,1.2543406977597205
2EF9d5esVb1IJ3qIP89F9u,3g3Ht5QpT6uPLmAmDVQOjj,1.313273543310172
2EF9d5esVb1IJ3qIP89F9u,3PF8RXSKjme6Pi58ajTIvo,1.3323487720032128
2EF9d5esVb1IJ3qIP89F9u,3I8w8mVY4KFBXbhcP5NqqH,1.3327151540493825
2EF9d5esVb1IJ3qIP89F9u,4P4mcw4wHDMysBF031DDZT,1.4169097987720143
2EF9d5esVb1IJ3qIP89F9u,1tbjeelOKIjolYNUNnPMAD,1.4173412879438763
2EF9d5esVb1IJ3qIP89F9u,6oP3qa2MyQjxW8YQQdPBq9,1.5440867743352888
2EF9d5esVb1IJ3qIP89F9u,3mnZxecdxSU4ZXSxK522sV,1.5811515775486857
2EF9d5esVb1IJ3qIP89F9u,71fSn6OIF7HnCbgCzOBqpj,1.6592356472635992
3kUYO8UMNxuOCPuERmQYKa,2Tv4NhYavSni05V7IIT17w,0.6402706701909403
3kUYO8UMNxuOCPuERmQYKa,1pIMxRddmCGalHnRbLFkWg,0.7838772231135807
3kUYO8UMNxuOCPuERmQYKa,5H3JW2JiQG432dldneCyW1,0.8477182822361037
3kUYO8UMNxuOCPuERmQYKa,6qOCyu8agpod9VK4EdZqzt,0.8730336589327613
3kUYO8UMNxuOCPuERmQYKa,0cocZBknjka59p58FOdqef,0.9024305653932382
3kUYO8UMNxuOCPuERmQYKa,3q5Ze7QksOVd2ES9YzdfsE,0.9089892331664878
3kUYO8UMNxuOCPuERmQYKa,4jVu0QPK9BVeNgAmfvkocn,1.02032448819827
3kUYO8UMNxuOCPuERmQYKa,0BZagFWMAL33p7y6HsL3jT,1.059043913979557
3kUYO8UMNxuOCPuERmQYKa,0qwU4qCtm3aUqcAUISMhMz,1.1128921527763183
3kUYO8UMNxuOCPuERmQYKa,1sKt4HswC1nmkjuhhG0KFt,1.1328778017015293
2FwKDwQyIKK1YgLAg9wjnV,1pBHxJzQEiO0PG1BsN096D,0.9994389629340084
2FwKDwQyIKK1YgLAg9wjnV,1WfaiA60QqqYIYMmd1IwLR,1.2688387487171304
2FwKDwQyIKK1YgLAg9wjnV,20DigsfRILHYKeMqbuDqtx,1.3388453445850845
2FwKDwQyIKK1YgLAg9wjnV,1D6sRVegPTdQQj9ScxngtR,1.3691398670393904
2FwKDwQyIKK1YgLAg9wjnV,2gCqYL6CgWs0ICgIoyJtkV,1.4734407274067913
2FwKDwQyIKK1YgLAg9wjnV,3Y4rUyw7XBCK6hGHCOt6rp,1.479621293970738
2FwKDwQyIKK1YgLAg9wjnV,5yU9gNHwYeRrWmyRCTUUxv,1.557695990552769
2FwKDwQyIKK1YgLAg9wjnV,38sDn4Exgc4MBFuC90zKMh,1.5804700958211504
2FwKDwQyIKK1YgLAg9wjnV,4wNIVLMwvz1P4hjWBmyKqa,1.5811356188393095
2FwKDwQyIKK1YgLAg9wjnV,4FqirD1KsDyNukowu8TWhX,1.6027115359399995
2NaU7cuWOBIOPA2nBJ06Hd,4hA4vowf8u8fhA2KlxBJIa,0.5248929238964483
2NaU7cuWOBIOPA2nBJ06Hd,3eqD8kifaVLMNJS1zRk73b,0.5248929238964483
2NaU7cuWOBIOPA2nBJ06Hd,2oErhjDmRwjiBvdWsl5WmG,1.0374555692334733
2NaU7cuWOBIOPA2nBJ06Hd,4MNXKskyfqES2LAlbrrRbV,1.115517392883133
2NaU7cuWOBIOPA2nBJ06Hd,4yxjD1iYOICm8cizKrbtPg,1.1269354819429207
2NaU7cuWOBIOPA2nBJ06Hd,6Q4RJGUzVQym5RL5iq6627,1.1324391950842674
2NaU7cuWOBIOPA2nBJ06Hd,0q0blWBIHZZSMgCISWdBYC,1.1922105933607834
2NaU7cuWOBIOPA2nBJ06Hd,5lfWrciYtohtIMVDVZd0Rf,1.3151244133484197
2NaU7cuWOBIOPA2nBJ06Hd,7xs1ksUAb2XswNWJjeyt7V,1.3491076281867085
2NaU7cuWOBIOPA2nBJ06Hd,7AeKwxmlwwLFOF8D7M3Anb,1.3556604104141534
0A4z93tJeaBRgZV6L5WP9h,1f9jv3jIHqwZhVW7NMAgYN,0.7162170768615179
0A4z93tJeaBRgZV6L5WP9h,5ALPzPUKl3Np5BrYTFs4Pb,0.7736236546814312
0A4z93tJeaBRgZV6L5WP9h,5HuCuxK1MdKafyUHl6X54r,0.8231052609070065
0A4z93tJeaBRgZV6L5WP9h,6Dqb8HDPamnC4LGd0dSAbw,0.9416974240830822
0A4z93tJeaBRgZV6L5WP9h,3v8CoiN19zAzkTG0E7TBTN,1.1028684350525175
0A4z93tJeaBRgZV6L5WP9h,7wClHQJlSp23OJ4TEi10Dn,1.1525001025084343
0A4z93tJeaBRgZV6L5WP9h,7f9I5WdyXm5q1XqnSYgQZb,1.1601694126542164
0A4z93tJeaBRgZV6L5WP9h,7s4XK58jwdioXsBdXianI8,1.1855596843833263
0A4z93tJeaBRgZV6L5WP9h,4wOqh7UiXe4jfbotAizdTu,1.188356117531498
0A4z93tJeaBRgZV6L5WP9h,2nT4y8qTzu2IBYuw7j8TPi,1.2000652340544313
0EpdLuptraYGFZ6J7HNSLc,6Yp3K2cy35hXnWQFE1yWrJ,0.6845275195896107
0EpdLuptraYGFZ6J7HNSLc,1c2vVx6knoiZHXbJJ9Mk8L,0.7341206599850414
0EpdLuptraYGFZ6J7HNSLc,54SQet8YMttOgTqDNGcGpe,0.7375267567120426
0EpdLuptraYGFZ6J7HNSLc,3CRT6IQTfsEZjiXfZ49g9w,0.8474724635893768
0EpdLuptraYGFZ6J7HNSLc,3wLPRjw2XQpmowqXUXb3UF,0.8840496878124157
0EpdLuptraYGFZ6J7HNSLc,50OIaK14Pr6ZwCmFfHZ0wB,0.930247255238723
0EpdLuptraYGFZ6J7HNSLc,2sgpYwWVQAXWetqtO9Kh24,0.9504651478213249
0EpdLuptraYGFZ6J7HNSLc,4paK7VQa8HRYPSF2hvC4LQ,0.9932062838190602
0EpdLuptraYGFZ6J7HNSLc,3fPgIknlkDWXs1l2noKZbp,1.0075651309801912
0EpdLuptraYGFZ6J7HNSLc,2C6fzRAlaWOhKCOsn5a0Nk,1.0197113695528315
69DXsp37KERanMKFAYLzNg,39hGEPjG5RmfFKgCs1oA1o,2.2039612064751886
69DXsp37KERanMKFAYLzNg,7hlsLyn6X1kAuu25nEWqWS,2.35221544558794
69DXsp37KERanMKFAYLzNg,6Kov45Llkzzv6jci8DyhHO,2.453665004325215
69DXsp37KERanMKFAYLzNg,3fs82T0O6mdVcSHhoNlAES,2.531626095396116
69DXsp37KERanMKFAYLzNg,7bBEhjBUUHwkONgReD5xmB,2.592066496651374
69DXsp37KERanMKFAYLzNg,46tzAJhfSl7teg1aXgg0fR,2.6073793442204867
69DXsp37KERanMKFAYLzNg,4KQ8xXm9v7sF7ZeSWywiKs,2.743186880980228
69DXsp37KERanMKFAYLzNg,4rrDNJIlcE03cUe4RA74Z6,2.755628351606623
69DXsp37KERanMKFAYLzNg,2klWfM19A7TfwlxBQLNbIZ,2.7667373230306027
69DXsp37KERanMKFAYLzNg,2UxxDidNYPuTLiMNKBHMiK,2.7738053470855513
2wo4Pc7bsWb5rJpG3pESt3,5uCidx258qlEgnaj895hbm,1.3852289285928785
2wo4Pc7bsWb5rJpG3pESt3,5Dj4dtQ0HXxvKRdzqELup0,1.4312750799886833
2wo4Pc7bsWb5rJpG3pESt3,7lozyelzonSChypzS5dPPb,1.5190615254261166
2wo4Pc7bsWb5rJpG3pESt3,0q7LR23IYycIYTUJuTrQiF,1.6055018626567925
2wo4Pc7bsWb5rJpG3pESt3,1HrKC8HlC5gTsLVYYbVVop,1.6296475129376071
2wo4Pc7bsWb5rJpG3pESt3,3TeGnh9c51Du7BHtRkOeS6,1.7510665053508092
2wo4Pc7bsWb5rJpG3pESt3,0BumkbMOjaGROaVCR2I4An,1.772971606100687
2wo4Pc7bsWb5rJpG3pESt3,1HZQUXcbIXCNzNrVQabWal,1.800573654855497
2wo4Pc7bsWb5rJpG3pESt3,1nYo1XPxlNiVNClaD1emxe,1.8345359222289654
2wo4Pc7bsWb5rJpG3pESt3,59D6U4erIjSUoUrXM82edy,1.9123774209497582
0d1PUwvlNvCKfypNaaKJoz,0Id7swY6cWbvYLtVVF0wvq,1.1395787770506014
0d1PUwvlNvCKfypNaaKJoz,6ZV6lI92ypdfjeGgDQc5Mm,1.194840158445122
0d1PUwvlNvCKfypNaaKJoz,1ypx1v2k1cQFX0Vrda7nEl,1.2674045541837942
0d1PUwvlNvCKfypNaaKJoz,3TXF9mdeWd18WEW1alIGOT,1.382132876489807
0d1PUwvlNvCKfypNaaKJoz,4KQ8xXm9v7sF7ZeSWywiKs,1.3916183760760885
0d1PUwvlNvCKfypNaaKJoz,2n0U2OG5d6TuW5mKx7YrC0,1.3969130192262766
0d1PUwvlNvCKfypNaaKJoz,1zx6GSqLYI2ynzAHnPRKBR,1.4205743092924623
0d1PUwvlNvCKfypNaaKJoz,3fs82T0O6mdVcSHhoNlAES,1.449111367333399
0d1PUwvlNvCKfypNaaKJoz,0ZgMBZeFQC8Jja48NuDaSC,1.4684634759821897
0d1PUwvlNvCKfypNaaKJoz,4siZLgCKM0IKnD1ek6Bt4d,1.4866537372521673
6nsdMJW0IU4pR3pEmo0LAI,7f9I5WdyXm5q1XqnSYgQZb,1.0176995924460635
6nsdMJW0IU4pR3pEmo0LAI,4wOqh7UiXe4jfbotAizdTu,1.027656502358182
6nsdMJW0IU4pR3pEmo0LAI,7s4XK58jwdioXsBdXianI8,1.041678822943608
6nsdMJW0IU4pR3pEmo0LAI,3I8w8mVY4KFBXbhcP5NqqH,1.193791943656479
6nsdMJW0IU4pR3pEmo0LAI,5k5QpH6VYu2EZZaw5ceSkJ,1.2531876255469598
6nsdMJW0IU4pR3pEmo0LAI,33LleOXlYSGmHinXyHWU7g,1.3002341780105746
6nsdMJW0IU4pR3pEmo0LAI,3pQ0zUFOi4e1KZ8yQkeD42,1.3209779880796746
6nsdMJW0IU4pR3pEmo0LAI,3znPiywA0q1VK2jgAZFDoI,1.3381616154309939
6nsdMJW0IU4pR3pEmo0LAI,2nT4y8qTzu2IBYuw7j8TPi,1.4525072276761053
6nsdMJW0IU4pR3pEmo0LAI,34CkAgBoiRuElQEKoi1zVF,1.4529901709104733
1wxw8BkVBHfBEiqm69rA48,5fdr0qZcygx9NFbIhFDcaH,0.7112413862007798
1wxw8BkVBHfBEiqm69rA48,36EVGjdLX0x5SlM1GaL6f0,0.7661857224261226
1wxw8BkVBHfBEiqm69rA48,1DqAeuDzc5uUQeAggxmZk5,0.7811109153701128
1wxw8BkVBHfBEiqm69rA48,6SdAztAqklk1zAmUHhU4N7,0.8356858642634878
1wxw8BkVBHfBEiqm69rA48,0jve8lleettzqGktJTB9e2,0.8479332163182977
1wxw8BkVBHfBEiqm69rA48,09pr5CPnpXjEQKRqgI7ZnZ,0.8681833841354333
1wxw8BkVBHfBEiqm69rA48,2C6fzRAlaWOhKCOsn5a0Nk,0.8833199054021014
1wxw8BkVBHfBEiqm69rA48,0j6zVHUhezcz02iLhmpy2e,0.8876645155737728
1wxw8BkVBHfBEiqm69rA48,22tot0Y6uKuWdAZnEQyB6g,0.9379654330569448
1wxw8BkVBHfBEiqm69rA48,1LrxmgC6pg5RAYGJ2FQWv0,0.9396461459136022
22tot0Y6uKuWdAZnEQyB6g,3bc6MVpDA0hm4DbuqD2r9C,0.6125316651387392
22tot0Y6uKuWdAZnEQyB6g,5fdr0qZcygx9NFbIhFDcaH,0.6756366864210768
22tot0Y6uKuWdAZnEQyB6g,36EVGjdLX0x5SlM1GaL6f0,0.8188203087586412
22tot0Y6uKuWdAZnEQyB6g,3l1LcOxoXu7YfFKFkSSBeI,0.8746132215474347
22tot0Y6uKuWdAZnEQyB6g,0EmYZZ8OqeALedVhijSjsg,0.9049896608861883
22tot0Y6uKuWdAZnEQyB6g,0jve8lleettzqGktJTB9e2,0.9137903301159204
22tot0Y6uKuWdAZnEQyB6g,2GOVk9VRBmLVEyHSdZYPEN,0.9166369178591426
22tot0Y6uKuWdAZnEQyB6g,2C6fzRAlaWOhKCOsn5a0Nk,0.9180861517733303
22tot0Y6uKuWdAZnEQyB6g,1wxw8BkVBHfBEiqm69rA48,0.9379654330569448
22tot0Y6uKuWdAZnEQyB6g,3FX9rMHZqWTpv5ZTR7TkpB,0.9389244273131744
28DlaPydCnrs8NxYOnUPZ8,33Z21GrqIGKlxF7hrz9bLd,0.4611615445233606
28DlaPydCnrs8NxYOnUPZ8,0OGw7V8wAI6OsZIQ12JkTP,0.8456619123269358
28DlaPydCnrs8NxYOnUPZ8,7pjj6hVH1uh9Mf6rQ6QO0O,0.8636744660641296
28DlaPydCnrs8NxYOnUPZ8,5fdr0qZcygx9NFbIhFDcaH,0.9031128835811462
28DlaPydCnrs8NxYOnUPZ8,5ynCNwoLOOHoJU4N40m97V,0.9507581742675404
28DlaPydCnrs8NxYOnUPZ8,0j6zVHUhezcz02iLhmpy2e,1.0277649019520483
28DlaPydCnrs8NxYOnUPZ8,4hQ6UGyWQIGJmHSo0J88JW,1.1657833170148817
28DlaPydCnrs8NxYOnUPZ8,6Q3FXpvUNVHiWHU3xVMnQR,1.1783205091323699
28DlaPydCnrs8NxYOnUPZ8,7kljF41HGcnuU4tBRQ8d6k,1.1885435624062364
28DlaPydCnrs8NxYOnUPZ8,0UIrLwFq3cvTg5vBMmlfjp,1.2001616228354126
72Br67AOUPrirJtaMoXOUk,67al4eD0HtTYVqw1BLcF2d,0.4392528711634195
72Br67AOUPrirJtaMoXOUk,2IkCJvsnygJFSoZV8nhQoq,0.9810983424984547
72Br67AOUPrirJtaMoXOUk,5R3TXM4XqQYBZjMs7koHZT,1.3091982701043006
72Br67AOUPrirJtaMoXOUk,0XE4aVvC1rOGaS9jLpgsfv,1.3103805920219447
72Br67AOUPrirJtaMoXOUk,58zM8eyUWtoX4V3qpJ7pxC,1.5192510847083485
72Br67AOUPrirJtaMoXOUk,2dDE3WCSj2cELFYO1IfECD,1.5606501382373976
72Br67AOUPrirJtaMoXOUk,3nX1nZJoLqfNSBq19RPGS4,1.6298066714358648
72Br67AOUPrirJtaMoXOUk,0BQNM4jGoWsJ4qN5GQpgmh,1.644864222798648
72Br67AOUPrirJtaMoXOUk,2AJL5Z7SjjilD8fAFWp8uo,1.6588878294767788
72Br67AOUPrirJtaMoXOUk,3eBMWAbupDk0WKevWvrqa4,1.796126216957224
6qFWAs54gSDIUh0J9XY8qx,5Gox2FHWcB882eGsRIkdrt,0.6064429527562933
6qFWAs54gSDIUh0J9XY8qx,5frWFPeKH8Pam3rKLFCytt,0.9162176181923936
6qFWAs54gSDIUh0J9XY8qx,4ocDKtGkfPHFpUlmkOfAiy,0.9190431032101443
6qFWAs54gSDIUh0J9XY8qx,0p4D8tKBjpTqOpFhwxIXe1,0.9231790162788642
6qFWAs54gSDIUh0J9XY8qx,4oOmRoG2lWjv6COrTT8Z28,0.9532263577899226
6qFWAs54gSDIUh0J9XY8qx,5aAjcWycNzzlnnwRB8z0zL,1.0527021787789974
6qFWAs54gSDIUh0J9XY8qx,20McUFi8KCIVdNDLrkTDuZ,1.0607208557175896
6qFWAs54gSDIUh0J9XY8qx,2sAwO9nafCv50ttjhI77a2,1.0621776641022436
6qFWAs54gSDIUh0J9XY8qx,1rrPwnC71ZmXcIXuPudHYo,1.1360742111233546
6qFWAs54gSDIUh0J9XY8qx,6RNDeRnWsRMjPdNVgupZCs,1.1603149387892397
3QqImhDBzvbGF5Ckj5VnT2,19EZKr7Kf0XWCcspyWL8Rp,0.8741929893533654
3QqImhDBzvbGF5Ckj5VnT2,5QvW5lK6mkfTegpAK9JOO7,0.9346629761867322
3QqImhDBzvbGF5Ckj5VnT2,6vpyvi70JNqAJa9IqNx8qy,1.0439634615553819
3QqImhDBzvbGF5Ckj5VnT2,7F4jKReNs1h8ujuz02Rsji,1.1330775977589875
3QqImhDBzvbGF5Ckj5VnT2,3z4XtoZVf8AOoR18Lnp7e1,1.1902458538548575
3QqImhDBzvbGF5Ckj5VnT2,7Gc9OoiYsUrByC8tzD7kYY,1.2262035357625716
3QqImhDBzvbGF5Ckj5VnT2,09obJ3DFME6R9uIZYPZxhG,1.2316303436123608
3QqImhDBzvbGF5Ckj5VnT2,7rVw4gyhclOgTIrFCtI3ZG,1.280111708667557
3QqImhDBzvbGF5Ckj5VnT2,0ZeKQudydO2uQJpfr6gNC8,1.3187619720454165
3QqImhDBzvbGF5Ckj5VnT2,46bFZCQ2U2DMSNUKGzQUyP,1.3427554210029296
1v9ciHEQ38bWRa3EfTUiwZ,0nEeAGQIFWf7xadpqJmywu,1.4771813775729288
1v9ciHEQ38bWRa3EfTUiwZ,74KSE7y8YHGzaAI4gOTIFn,1.7257361646472131
1v9ciHEQ38bWRa3EfTUiwZ,6DiFaHCUjPpA3nTAEFmQe1,1.9523735743490207
1v9ciHEQ38bWRa3EfTUiwZ,0m3X8i1ggDvQOjtEL5CdV4,2.0448934527384335
1v9ciHEQ38bWRa3EfTUiwZ,71fSn6OIF7HnCbgCzOBqpj,2.167612505420026
1v9ciHEQ38bWRa3EfTUiwZ,6nsdMJW0IU4pR3pEmo0LAI,2.2630436220302164
1v9ciHEQ38bWRa3EfTUiwZ,6KaEnhXKR6vSqqWzQOyqxE,2.2878857233959327
1v9ciHEQ38bWRa3EfTUiwZ,3BK7JmX1P4GSGx5mdG3aiL,2.2909843692400633
1v9ciHEQ38bWRa3EfTUiwZ,67al4eD0HtTYVqw1BLcF2d,2.347210953473831
1v9ciHEQ38bWRa3EfTUiwZ,1yo3kUDbRC60FCroxINeJQ,2.347918367445562
3yuxU2iHhz7tocZG9ohT1A,6LiB2EaS3yxxJF4TWFgbno,1.0111107543133342
3yuxU2iHhz7tocZG9ohT1A,2LyRC7gfWFJd6JI5i8fTJe,1.0941207175391519
3yuxU2iHhz7tocZG9ohT1A,6d0sSZ2bfKUWeICsNRPyCt,1.1366976011198386
3yuxU2iHhz7tocZG9ohT1A,5jhIWm2hXdVQJaRDE9AGhW,1.211179849293797
3yuxU2iHhz7tocZG9ohT1A,5A7HJmgaZU0buq4hpuqZ4Q,1.233170829266888
3yuxU2iHhz7tocZG9ohT1A,0pLfv0qTmH5AG2aUQQdkBt,1.2635810781544117
3yuxU2iHhz7tocZG9ohT1A,4Z4ATORVrIp25FqUmtBb8r,1.2722970724294944
3yuxU2iHhz7tocZG9ohT1A,4KC2Z9dL4jL61Ys35N6srg,1.2938876086402078
3yuxU2iHhz7tocZG9ohT1A,7nBeVCe5XQ6sn6dzqFvglv,1.3504431886872938
3yuxU2iHhz7tocZG9ohT1A,5HuCuxK1MdKafyUHl6X54r,1.405110965390485
4iUbMPVbCQAx51bIh1GhyP,4OMgqSsMbVhPCFnivcNAqh,0.7235980403303575
4iUbMPVbCQAx51bIh1GhyP,3OtpZhuI28h9yDjDbOkqSb,1.0064315229953467
4iUbMPVbCQAx51bIh1GhyP,7AtwQRLPdttsxcLM5tPL0t,1.0168543092252367
4iUbMPVbCQAx51bIh1GhyP,2G71B13s2bF5SkaieZTOgA,1.2086467837469754
4iUbMPVbCQAx51bIh1GhyP,00TFDHSe7s8cWm5CzDY8UP,1.39137976726974
4iUbMPVbCQAx51bIh1GhyP,2JiodPAAXzYPp3OV9oA1gT,1.484476321189206
4iUbMPVbCQAx51bIh1GhyP,7Lqe8fvFzrxCufUatyaYod,1.5515289411309439
4iUbMPVbCQAx51bIh1GhyP,0qwU4qCtm3aUqcAUISMhMz,1.6026951499672974
4iUbMPVbCQAx51bIh1GhyP,3q5Ze7QksOVd2ES9YzdfsE,1.6215128256763123
4iUbMPVbCQAx51bIh1GhyP,2jcMktZrayNaiWRnRmItnY,1.6438180624421928
5XiVCvi3bXYcFCRpRxk0p2,1eK9FbqhWUoolfJdiQtKaO,1.4567215859291425
5XiVCvi3bXYcFCRpRxk0p2,2SoHnESLR60erIgFi8zFFi,1.8050301208656838
5XiVCvi3bXYcFCRpRxk0p2,0bjsMl6oNTuvem3dvX2tDs,1.8691150862226502
5XiVCvi3bXYcFCRpRxk0p2,7GdmthJKzEggNQqkREPLDY,1.874342660065762
5XiVCvi3bXYcFCRpRxk0p2,3AP4xOuOQe6KeAeubj3qlF,1.9647467688520157
5XiVCvi3bXYcFCRpRxk0p2,6HKmAGpQgDNQ4sFhAgvkA2,1.9814488349607073
5XiVCvi3bXYcFCRpRxk0p2,79uspTY5GVI0EOBsnWAjxx,1.9925209561299504
5XiVCvi3bXYcFCRpRxk0p2,0uI5SsM7gMEDD2emqmCsKA,2.0734099847334
5XiVCvi3bXYcFCRpRxk0p2,4f4NAym3a1cwDslRX39WAj,2.0799614019952495
5XiVCvi3bXYcFCRpRxk0p2,2AwYywTNbeiWqQcLqt8UwP,2.1319297627345772
6DiFaHCUjPpA3nTAEFmQe1,3BK7JmX1P4GSGx5mdG3aiL,1.296598330889405
6DiFaHCUjPpA3nTAEFmQe1,6zQyEMgmMkHXaNdLEiu7fW,1.665221847425878
6DiFaHCUjPpA3nTAEFmQe1,5dy25rHjyfAbpkHDI9yfTY,1.7532777747282906
6DiFaHCUjPpA3nTAEFmQe1,0fea68AdmYNygeTGI4RC18,1.7931824607697218
6DiFaHCUjPpA3nTAEFmQe1,5qBhUQLFCdIut4QZrIh7XI,1.9006057467075617
6DiFaHCUjPpA3nTAEFmQe1,10aDiDITMu33TQNqVR35iM,1.9346507316886181
6DiFaHCUjPpA3nTAEFmQe1,4wOqh7UiXe4jfbotAizdTu,1.949004794767956
6DiFaHCUjPpA3nTAEFmQe1,1v9ciHEQ38bWRa3EfTUiwZ,1.9523735743490207
6DiFaHCUjPpA3nTAEFmQe1,7vrLphPq4yjaX7jiDdd2Nc,2.059144918257582
6DiFaHCUjPpA3nTAEFmQe1,1I2OwO2Z6tMdahxDcH3p1H,2.0959619856433553
1WDDMw1k46OS4W2IGxmLzj,46bFZCQ2U2DMSNUKGzQUyP,0.9203621531619475
1WDDMw1k46OS4W2IGxmLzj,0U7SRbyBhkdXdulXr3veKQ,1.1127576682857478
1WDDMw1k46OS4W2IGxmLzj,1re1CuvpyhIm5ryPzUQyXc,1.286895192285096
1WDDMw1k46OS4W2IGxmLzj,7rVw4gyhclOgTIrFCtI3ZG,1.298310534218425
1WDDMw1k46OS4W2IGxmLzj,6HrYi2gwKxrwEtZX3Orype,1.3377732620860696
1WDDMw1k46OS4W2IGxmLzj,5l7GTyzBQ3gj8jljoCnQjQ,1.364042752819411
1WDDMw1k46OS4W2IGxmLzj,0bIgZAoXlENJVhVCt838Az,1.381390975765719
1WDDMw1k46OS4W2IGxmLzj,3z4XtoZVf8AOoR18Lnp7e1,1.3922047788626832
1WDDMw1k46OS4W2IGxmLzj,02GGlQrUckPW2fJmYVpU8l,1.4151957360705694
1WDDMw1k46OS4W2IGxmLzj,2VSGzQqy9nqJefcYGJNWst,1.4157318279177482
0H9T97wS2k3bk1JcyOlrrN,4G9X7CZFiwfG2P99sIaaK2,0.6649121237707336
0H9T97wS2k3bk1JcyOlrrN,2RJireEKZhGveSCh1cDZjN,1.1186231989754192
0H9T97wS2k3bk1JcyOlrrN,1eGdw1BbGAYaXbgPcVIkGm,1.1582920545112485
0H9T97wS2k3bk1JcyOlrrN,4FqirD1KsDyNukowu8TWhX,1.1609879189398875
0H9T97wS2k3bk1JcyOlrrN,3Y4rUyw7XBCK6hGHCOt6rp,1.171637180431544
0H9T97wS2k3bk1JcyOlrrN,04tv9ewp0KMC5ijweE1GmS,1.1894665658350925
0H9T97wS2k3bk1JcyOlrrN,7g90T7PIBzqIpKZG0lzPzS,1.2331759716805244
0H9T97wS2k3bk1JcyOlrrN,2hw1sBTzjB9zghnlLpqeAj,1.5186774132497325
0H9T97wS2k3bk1JcyOlrrN,7h8N0QlHxIEYfnHDVps8dS,1.5408998718635554
0H9T97wS2k3bk1JcyOlrrN,6EHw6eo7BwCiBDUro7YNdp,1.586326149726858
5ApWy8SWLq7q7wgKcOxEQ9,1Db4Qa67eYC7MxnCqFvRQj,1.5377153105196815
5ApWy8SWLq7q7wgKcOxEQ9,6pAIDhDoB7k4bOsxbQjycO,1.8980719210662138
5ApWy8SWLq7q7wgKcOxEQ9,3ynNOKWGmuFQiMksRibJyF,1.90510064277196
5ApWy8SWLq7q7wgKcOxEQ9,1VtPE3YY4Uc9KCaQATcVJh,1.9081688148649265
5ApWy8SWLq7q7wgKcOxEQ9,6t2gHlvw7kTK6M7M5f7S6K,1.9139598354655833
5ApWy8SWLq7q7wgKcOxEQ9,4uFXfaNBVQw1MJ9K19P8QS,2.001883750230828
5ApWy8SWLq7q7wgKcOxEQ9,2klWfM19A7TfwlxBQLNbIZ,2.1117958537759294
5ApWy8SWLq7q7wgKcOxEQ9,6YVryeURxyAG4Bb588lTmR,2.1392680823673085
5ApWy8SWLq7q7wgKcOxEQ9,7kYgRZwVlq9a3lvHGHunrb,2.152577691698047
5ApWy8SWLq7q7wgKcOxEQ9,7C3lbQVR3vlo8WCHNiwycv,2.1573520771806516
7ma2fbKDEvJeGJAx0YedAs,2j93jQX5C9wRnSzT3qthRt,1.0459888324646605
7ma2fbKDEvJeGJAx0YedAs,2bTESUiaqSWDvyW9zSA6xG,1.143356824685198
7ma2fbKDEvJeGJAx0YedAs,4GRgeMNKXKSqmkKRqzoXB7,1.440336743740324
7ma2fbKDEvJeGJAx0YedAs,3rTk7Ll8NRrd2jspBFtimV,1.6672587677335633
7ma2fbKDEvJeGJAx0YedAs,7eX5SypK35V8Y9d9pS6rWy,1.6691721012597827
7ma2fbKDEvJeGJAx0YedAs,6y4ySPeb68KGoAi1dk130F,1.710310592704857
7ma2fbKDEvJeGJAx0YedAs,6vuF3LYipww2DRhRJ9s7CH,1.7400010882959858
7ma2fbKDEvJeGJAx0YedAs,7LihoPgTF9hnxMh9lRTNkA,1.785734598257407
7ma2fbKDEvJeGJAx0YedAs,1P7Ik6OX9dV3BnXZi9L4cI,1.8562024286623195
7ma2fbKDEvJeGJAx0YedAs,5H9S7RaxxSAgY77Mb0CSPz,1.8572701248815555
3eSdppRWjG7WlxTVuhqGVu,5D6d1DFXMkjUZYoEUf9BAt,0.8732263329841405
3eSdppRWjG7WlxTVuhqGVu,42OUnOczRtCTyPTqvBsHzW,0.8861974522740722
3eSdppRWjG7WlxTVuhqGVu,43nB4BTmfrOZ80QYrD3Ap2,1.286939816083909
3eSdppRWjG7WlxTVuhqGVu,6CBr1ll9YnZJSPueJwtYrp,1.3839514135614461
3eSdppRWjG7WlxTVuhqGVu,2Z8oSkHTEJedqb1rsgpLih,1.3887742172279216
3eSdppRWjG7WlxTVuhqGVu,6DXazvidTcZ7Nx78cm5hZE,1.399022120246695
3eSdppRWjG7WlxTVuhqGVu,1JnHZagDFvrT2lx4QovSOo,1.4267916679359105
3eSdppRWjG7WlxTVuhqGVu,3fnL2JDgy4QD04araOl0eY,1.4621420942158918
3eSdppRWjG7WlxTVuhqGVu,2PJzQvozduq44cToUQBa0B,1.4829391537153107
3eSdppRWjG7WlxTVuhqGVu,7lu6YLrlB1MU7HW8DJSuPa,1.4861129474552541
72zHuDxFQTjbL51qJQSA7j,12SNxpytVKahQ25nOTpbFX,0.9694331760572928
72zHuDxFQTjbL51qJQSA7j,2SLwPaJTN6B6zwcIwsuQAK,0.9768140379227539
72zHuDxFQTjbL51qJQSA7j,7n4Y9BCKLHi4hqI2NctuAq,1.1220348567422767
72zHuDxFQTjbL51qJQSA7j,6aHFdm58mPF4YPJX3FgI0z,1.1469453770468852
72zHuDxFQTjbL51qJQSA7j,0T5iIrXA4p5GsubkhuBIKV,1.1535592234831313
72zHuDxFQTjbL51qJQSA7j,7h9VHJe3SJnNpedITpOQWO,1.2163461803617581
72zHuDxFQTjbL51qJQSA7j,5aAjcWycNzzlnnwRB8z0zL,1.246998602813513
72zHuDxFQTjbL51qJQSA7j,4nl4KMmBskw45osLZhlhk1,1.295894321031371
72zHuDxFQTjbL51qJQSA7j,4yNk9iz9WVJikRFle3XEvn,1.3168119474665072
72zHuDxFQTjbL51qJQSA7j,1BLOVHYYlH4JUHQGcpt75R,1.3236951566084134
3nbRFWzOJrHIRh3xc53bKK,0ZeKQudydO2uQJpfr6gNC8,1.0413120394615547
3nbRFWzOJrHIRh3xc53bKK,5muVpPu8Fj9fXfDbbqDdrZ,1.1111881518636757
3nbRFWzOJrHIRh3xc53bKK,37cb7mzkQKksGm0noGDXeh,1.1167082589222985
3nbRFWzOJrHIRh3xc53bKK,2RWFncSWZEhSRRifqiDNVV,1.123813646982611
3nbRFWzOJrHIRh3xc53bKK,0ct6r3EGTcMLPtrXHDvVjc,1.1726976340839648
3nbRFWzOJrHIRh3xc53bKK,4X6kRZnZM8mZPkeMUmn8G6,1.2925414412124152
3nbRFWzOJrHIRh3xc53bKK,65EReuqyiXH0WMIaeFEIlX,1.2963852314307558
3nbRFWzOJrHIRh3xc53bKK,2Oa4PQ6WVqng8AnB7Gbabs,1.3303482442141579
3nbRFWzOJrHIRh3xc53bKK,2RsAajgo0g7bMCHxwH3Sk0,1.390973182009674
3nbRFWzOJrHIRh3xc53bKK,02HdjmfXq1F2OsX6yPg86n,1.3938983145527604
2sgpYwWVQAXWetqtO9Kh24,1byfhRPkrLvnQ4ib1SWNxQ,0.6513727573321159
2sgpYwWVQAXWetqtO9Kh24,09pr5CPnpXjEQKRqgI7ZnZ,0.6969214323299269
2sgpYwWVQAXWetqtO9Kh24,4PdNeARTAYoZCwdhJninRq,0.6972042040937253
2sgpYwWVQAXWetqtO9Kh24,6Yp3K2cy35hXnWQFE1yWrJ,0.7255227104574881
2sgpYwWVQAXWetqtO9Kh24,3fPgIknlkDWXs1l2noKZbp,0.8224849020616862
2sgpYwWVQAXWetqtO9Kh24,7AeKwxmlwwLFOF8D7M3Anb,0.8495254905048069
2sgpYwWVQAXWetqtO9Kh24,54SQet8YMttOgTqDNGcGpe,0.8514020873997589
2sgpYwWVQAXWetqtO9Kh24,36EVGjdLX0x5SlM1GaL6f0,0.8942065314820695
2sgpYwWVQAXWetqtO9Kh24,5lfWrciYtohtIMVDVZd0Rf,0.9305929779658383
2sgpYwWVQAXWetqtO9Kh24,0EpdLuptraYGFZ6J7HNSLc,0.9504651478213249
58zM8eyUWtoX4V3qpJ7pxC,6P05Vvy9h2eFyWSu98BGWk,1.1898240669363258
58zM8eyUWtoX4V3qpJ7pxC,3nX1nZJoLqfNSBq19RPGS4,1.3661048141221135
58zM8eyUWtoX4V3qpJ7pxC,72Br67AOUPrirJtaMoXOUk,1.5192510847083485
58zM8eyUWtoX4V3qpJ7pxC,67al4eD0HtTYVqw1BLcF2d,1.5472544054538566
58zM8eyUWtoX4V3qpJ7pxC,6KaEnhXKR6vSqqWzQOyqxE,1.6740387710214537
58zM8eyUWtoX4V3qpJ7pxC,2IkCJvsnygJFSoZV8nhQoq,1.7178043325430548
58zM8eyUWtoX4V3qpJ7pxC,1yTZAe3F0X7BUpxbj8iMwH,1.7376507568212203
58zM8eyUWtoX4V3qpJ7pxC,5R3TXM4XqQYBZjMs7koHZT,1.7526038149461711
58zM8eyUWtoX4V3qpJ7pxC,6TzYMmTsjyTIf1cSSuOcAw,1.7605320576529784
58zM8eyUWtoX4V3qpJ7pxC,0BQNM4jGoWsJ4qN5GQpgmh,1.7680201294445572
2wjkeM2gmbIa2sBkbnWLb0,5k5QpH6VYu2EZZaw5ceSkJ,0.9651006817775452
2wjkeM2gmbIa2sBkbnWLb0,3pHpV3pa96s4vuBP7sQq0V,1.079033377395848
2wjkeM2gmbIa2sBkbnWLb0,3pQ0zUFOi4e1KZ8yQkeD42,1.255794355322712
2wjkeM2gmbIa2sBkbnWLb0,7s4XK58jwdioXsBdXianI8,1.2624728753715624
2wjkeM2gmbIa2sBkbnWLb0,33LleOXlYSGmHinXyHWU7g,1.2689537342428105
2wjkeM2gmbIa2sBkbnWLb0,3I8w8mVY4KFBXbhcP5NqqH,1.2822492582297913
2wjkeM2gmbIa2sBkbnWLb0,7f9I5WdyXm5q1XqnSYgQZb,1.3006528038958494
2wjkeM2gmbIa2sBkbnWLb0,1f9jv3jIHqwZhVW7NMAgYN,1.3038890703697665
2wjkeM2gmbIa2sBkbnWLb0,46cEIa1iQPSQLnPVP2hmVm,1.387451261324831
2wjkeM2gmbIa2sBkbnWLb0,2WnYxLsi1D4p9ZPIvRKn93,1.4087418984808275
42r0LZ9g8gq4afWztSw54k,0ggkHZbFGmofl9743xx6JO,1.1559989050430228
42r0LZ9g8gq4afWztSw54k,7GCfKBpY3l2n3LAhsqjBtO,1.5021334307539558
42r0LZ9g8gq4afWztSw54k,59D6U4erIjSUoUrXM82edy,1.5855785237162503
42r0LZ9g8gq4afWztSw54k,3TeGnh9c51Du7BHtRkOeS6,1.58744400880134
42r0LZ9g8gq4afWztSw54k,4nWxif1dt6FCg4GFZcPIbO,1.6021265339509745
42r0LZ9g8gq4afWztSw54k,6a6hIUCbzYNQgxGFae2iBX,1.6170205498062773
42r0LZ9g8gq4afWztSw54k,51QsdN4xBmkLhtqNi0J40l,1.65587439595678
42r0LZ9g8gq4afWztSw54k,3pmYp7wfaDfr5OwHoxAR9K,1.680286812185396
42r0LZ9g8gq4afWztSw54k,1HrKC8HlC5gTsLVYYbVVop,1.8258255216614112
42r0LZ9g8gq4afWztSw54k,626KJ8oTkNs9znR1nDqq1k,1.8407872013403832
68McOe4uvV9uJlQVu65duX,7GkHIsnziYgk6j1lx2TK6H,1.4050283271233077
68McOe4uvV9uJlQVu65duX,3DY5GOnDQXNKP0fNXcnW2U,1.4620587800262153
68McOe4uvV9uJlQVu65duX,2n0U2OG5d6TuW5mKx7YrC0,1.5102407466654488
68McOe4uvV9uJlQVu65duX,21ox43RiEnhW9T398iSgAN,1.5257233938839225
68McOe4uvV9uJlQVu65duX,4G3IXyVRxSx5lLhUvv3fu3,1.5414741845145294
68McOe4uvV9uJlQVu65duX,5m4FuvMmLOnq7Gpt0ckAcf,1.5646613064826014
68McOe4uvV9uJlQVu65duX,2cTaSKEc8OZdF6Tpg2QQsS,1.6178227849878077
68McOe4uvV9uJlQVu65duX,4zUHDRC4EJNcLag5uluuNE,1.6470835696074302
68McOe4uvV9uJlQVu65duX,2kx5sQgmjYug0GiDh1a4sU,1.669605642861558
68McOe4uvV9uJlQVu65duX,5ncofiedz9Ej6YkvvXMKVn,1.6723244622659825
7hlsLyn6X1kAuu25nEWqWS,2ZZ3SXe3q8fwzVtIrQpEKy,1.5556879090590918
7hlsLyn6X1kAuu25nEWqWS,68xC2JQSgK9L43IkW7UvNT,1.6360870325382129
7hlsLyn6X1kAuu25nEWqWS,1eGdw1BbGAYaXbgPcVIkGm,1.7152295513380904
7hlsLyn6X1kAuu25nEWqWS,1WqKCdqgzthIO1MpBq76Bv,1.7329014156649527
7hlsLyn6X1kAuu25nEWqWS,46tzAJhfSl7teg1aXgg0fR,1.7472864340772798
7hlsLyn6X1kAuu25nEWqWS,5wellG7pgco2QlMjVuvSsf,1.7935956384322913
7hlsLyn6X1kAuu25nEWqWS,7KnFT8NQPRYtWOZXhWcGGZ,1.8036624501276137
7hlsLyn6X1kAuu25nEWqWS,3Dk2StRqlP3JmXIY4aWyvA,1.86957427764936
7hlsLyn6X1kAuu25nEWqWS,3Y4rUyw7XBCK6hGHCOt6rp,1.8710989529141069
7hlsLyn6X1kAuu25nEWqWS,0yxEJfni0yeoBgtPeiox24,1.9457014601461207
1OyOTy8cZ5TGbMaHpfrQpY,7uBdncahX0bULWkpaDax8y,0.8348299307065291
1OyOTy8cZ5TGbMaHpfrQpY,0mtn3uti60qnEwTJJIQ29v,0.9005056998908549
1OyOTy8cZ5TGbMaHpfrQpY,45FR60U6pxNbiQkA8BOhBD,0.9169639604952413
1OyOTy8cZ5TGbMaHpfrQpY,4sKGkVi8boc00JTpw7aVB7,1.0059088305423953
1OyOTy8cZ5TGbMaHpfrQpY,26VPU8yYHcZs2II1PD0G9g,1.062100403618668
1OyOTy8cZ5TGbMaHpfrQpY,2YG0kV3M9JNde63YtelgUt,1.1395539402373631
1OyOTy8cZ5TGbMaHpfrQpY,5nSdJRpyM8OkYOVGa5rlsw,1.1969729370137003
1OyOTy8cZ5TGbMaHpfrQpY,1qkVJlyVaLZbwolRZmc17i,1.2071327437329182
1OyOTy8cZ5TGbMaHpfrQpY,20McUFi8KCIVdNDLrkTDuZ,1.2238850471288332
1OyOTy8cZ5TGbMaHpfrQpY,7bfocP7GYoLOutUYpTI8tx,1.2285952887965763
3pmYp7wfaDfr5OwHoxAR9K,0ggkHZbFGmofl9743xx6JO,1.12023186867045
3pmYp7wfaDfr5OwHoxAR9K,6a6hIUCbzYNQgxGFae2iBX,1.4916463256717105
3pmYp7wfaDfr5OwHoxAR9K,0q7LR23IYycIYTUJuTrQiF,1.555788403266368
3pmYp7wfaDfr5OwHoxAR9K,4YLv4bDhfubAu142fY8QN1,1.5589567816426364
3pmYp7wfaDfr5OwHoxAR9K,3TeGnh9c51Du7BHtRkOeS6,1.5900461390897165
3pmYp7wfaDfr5OwHoxAR9K,42r0LZ9g8gq4afWztSw54k,1.680286812185396
3pmYp7wfaDfr5OwHoxAR9K,0KpTFH1SzexN8SGc0GPILC,1.7207877106434992
3pmYp7wfaDfr5OwHoxAR9K,7GCfKBpY3l2n3LAhsqjBtO,1.7556892947495983
3pmYp7wfaDfr5OwHoxAR9K,51QsdN4xBmkLhtqNi0J40l,1.8263984916001519
3pmYp7wfaDfr5OwHoxAR9K,4X91MJx5PaKwlYnnldv1OZ,1.8645614285975012
2gy6A01eKUii3HCns5nHwW,2aYW6K8f6ESAqPINJHfmGn,1.3981852093888858
2gy6A01eKUii3HCns5nHwW,0K9Xk9AKGtvjXn063Ok6Eg,1.4019023232576056
2gy6A01eKUii3HCns5nHwW,69zSOewOfa2IvIRMveL1Cc,1.6040125916774117
2gy6A01eKUii3HCns5nHwW,6ohVFU3E1i5Ke7k37vtDdS,1.81054460642054
2gy6A01eKUii3HCns5nHwW,21ox43RiEnhW9T398iSgAN,1.8323464720445437
2gy6A01eKUii3HCns5nHwW,75ArcxyPjMr0sleM5WXLn7,1.8372527831910728
2gy6A01eKUii3HCns5nHwW,4zUHDRC4EJNcLag5uluuNE,1.873089009902899
2gy6A01eKUii3HCns5nHwW,4Fs8Ae2PYNKQJnZmqSsKuw,1.9140777132064892
2gy6A01eKUii3HCns5nHwW,7GdmthJKzEggNQqkREPLDY,1.9141760028438324
2gy6A01eKUii3HCns5nHwW,3G4GIs0jGwIbLFGBL3ZSNc,1.941139364474123
2oErhjDmRwjiBvdWsl5WmG,2NaU7cuWOBIOPA2nBJ06Hd,1.0374555692334733
2oErhjDmRwjiBvdWsl5WmG,4hA4vowf8u8fhA2KlxBJIa,1.2074341678452984
2oErhjDmRwjiBvdWsl5WmG,3eqD8kifaVLMNJS1zRk73b,1.2074341678452984
2oErhjDmRwjiBvdWsl5WmG,6Q4RJGUzVQym5RL5iq6627,1.3755869480154719
2oErhjDmRwjiBvdWsl5WmG,4MNXKskyfqES2LAlbrrRbV,1.472008285263285
2oErhjDmRwjiBvdWsl5WmG,0q0blWBIHZZSMgCISWdBYC,1.5692909439514473
2oErhjDmRwjiBvdWsl5WmG,7F4jKReNs1h8ujuz02Rsji,1.6383765356605524
2oErhjDmRwjiBvdWsl5WmG,1180Pe0jjGNslftSXTrEKi,1.7320507111488277
2oErhjDmRwjiBvdWsl5WmG,3G4GIs0jGwIbLFGBL3ZSNc,1.7323288130426449
2oErhjDmRwjiBvdWsl5WmG,1H1WA6PzEJlqx3YQ2g3dH7,1.75777368856513
6Dqb8HDPamnC4LGd0dSAbw,0A4z93tJeaBRgZV6L5WP9h,0.9416974240830822
6Dqb8HDPamnC4LGd0dSAbw,3v8CoiN19zAzkTG0E7TBTN,1.0928280761559037
6Dqb8HDPamnC4LGd0dSAbw,3BOJ6BFjwbixqQM8J4hgYA,1.102447638668789
6Dqb8HDPamnC4LGd0dSAbw,1f9jv3jIHqwZhVW7NMAgYN,1.1097209155674241
6Dqb8HDPamnC4LGd0dSAbw,5ALPzPUKl3Np5BrYTFs4Pb,1.209940306928261
6Dqb8HDPamnC4LGd0dSAbw,56ejQ1pr7fZVhU5Gfx9YQ5,1.2633469737453735
6Dqb8HDPamnC4LGd0dSAbw,7s4XK58jwdioXsBdXianI8,1.360821591118372
6Dqb8HDPamnC4LGd0dSAbw,7wClHQJlSp23OJ4TEi10Dn,1.3647280104017325
6Dqb8HDPamnC4LGd0dSAbw,5HuCuxK1MdKafyUHl6X54r,1.39987693331947
6Dqb8HDPamnC4LGd0dSAbw,0pLfv0qTmH5AG2aUQQdkBt,1.4365258853673193
4nWxif1dt6FCg4GFZcPIbO,4rtyV2gthc3k6D0rjcQJOR,1.0810466360845645
4nWxif1dt6FCg4GFZcPIbO,0zmrF4iO4zaaJKQ06Yb6GO,1.1139289200997005
4nWxif1dt6FCg4GFZcPIbO,59D6U4erIjSUoUrXM82edy,1.409494015995463
4nWxif1dt6FCg4GFZcPIbO,7GCfKBpY3l2n3LAhsqjBtO,1.5283176804220675
4nWxif1dt6FCg4GFZcPIbO,1hP0hDL5VREpThmMOa1pta,1.5374754527808572
4nWxif1dt6FCg4GFZcPIbO,2eI1OQTaBJFwmQEEYfy9OU,1.5582307956497274
4nWxif1dt6FCg4GFZcPIbO,3TeGnh9c51Du7BHtRkOeS6,1.5872630203838864
4nWxif1dt6FCg4GFZcPIbO,42r0LZ9g8gq4afWztSw54k,1.6021265339509745
4nWxif1dt6FCg4GFZcPIbO,5zzfKibxNlJPWGkkhAGlLg,1.826646201204665
4nWxif1dt6FCg4GFZcPIbO,4YLv4bDhfubAu142fY8QN1,1.91015125685764
1ySelcGSPG6LJENqs8DQcb,20DigsfRILHYKeMqbuDqtx,1.2402308820145547
1ySelcGSPG6LJENqs8DQcb,1pBHxJzQEiO0PG1BsN096D,1.5354455548470698
1ySelcGSPG6LJENqs8DQcb,5yU9gNHwYeRrWmyRCTUUxv,1.5708120310244624
1ySelcGSPG6LJENqs8DQcb,2FwKDwQyIKK1YgLAg9wjnV,1.6707609844839644
1ySelcGSPG6LJENqs8DQcb,59eCy91JDrnpbPLF3T3L03,1.7170290321645099
1ySelcGSPG6LJENqs8DQcb,46tzAJhfSl7teg1aXgg0fR,1.7372804723472437
1ySelcGSPG6LJENqs8DQcb,7h8N0QlHxIEYfnHDVps8dS,1.7395553656674003
1ySelcGSPG6LJENqs8DQcb,2hw1sBTzjB9zghnlLpqeAj,1.876401178245793
1ySelcGSPG6LJENqs8DQcb,7hQAxslFR1rqimWs7f2sKl,2.0076579445847753
1ySelcGSPG6LJENqs8DQcb,7g90T7PIBzqIpKZG0lzPzS,2.0322437087330676
3Z4ZuDrY684IFTBz2ze708,50etdpjrySctCaS4yw0a72,0.7208884023350409
3Z4ZuDrY684IFTBz2ze708,0vIkYCzLD9QH7w8m1dC8Mf,0.7208884023350409
3Z4ZuDrY684IFTBz2ze708,7rVw4gyhclOgTIrFCtI3ZG,1.01098458866552
3Z4ZuDrY684IFTBz2ze708,0bIgZAoXlENJVhVCt838Az,1.0589139613972887
3Z4ZuDrY684IFTBz2ze708,3bCp61o3h46Yvr0vgMJlaL,1.067771746587929
3Z4ZuDrY684IFTBz2ze708,2DEHcqIwG3umK94P0tlh7X,1.1118440923335131
3Z4ZuDrY684IFTBz2ze708,4grmYnfTTC5s25gdSmACiU,1.1334032061644526
3Z4ZuDrY684IFTBz2ze708,6MnzjGoeZyEzSml6Ohi0at,1.164320275209508
3Z4ZuDrY684IFTBz2ze708,75ArcxyPjMr0sleM5WXLn7,1.177753350749901
3Z4ZuDrY684IFTBz2ze708,6Vb1LGvWPpP3aeuRcp098D,1.1784002363066828
4Z4ATORVrIp25FqUmtBb8r,7nBeVCe5XQ6sn6dzqFvglv,1.0336414382536818
4Z4ATORVrIp25FqUmtBb8r,4vdg59Hg8I6u6MDkga5y2R,1.1757237623365886
4Z4ATORVrIp25FqUmtBb8r,5jhIWm2hXdVQJaRDE9AGhW,1.2039384073079722
4Z4ATORVrIp25FqUmtBb8r,5A7HJmgaZU0buq4hpuqZ4Q,1.2118467095377934
4Z4ATORVrIp25FqUmtBb8r,6d0sSZ2bfKUWeICsNRPyCt,1.2262653782400494
4Z4ATORVrIp25FqUmtBb8r,4yxjD1iYOICm8cizKrbtPg,1.2347165748832605
4Z4ATORVrIp25FqUmtBb8r,3yuxU2iHhz7tocZG9ohT1A,1.2722970724294944
4Z4ATORVrIp25FqUmtBb8r,6LiB2EaS3yxxJF4TWFgbno,1.2821027695515925
4Z4ATORVrIp25FqUmtBb8r,4KC2Z9dL4jL61Ys35N6srg,1.3651431959424165
4Z4ATORVrIp25FqUmtBb8r,382pQ7OIddHeCHHdaFxyYn,1.3933652784593042
1180Pe0jjGNslftSXTrEKi,2WjXRWocLt0HbsdPawx0Mx,1.1608744862947513
1180Pe0jjGNslftSXTrEKi,5lzHcuhl4iBfR4PtQXBm9i,1.4463478728222672
1180Pe0jjGNslftSXTrEKi,0Q0Vl9fKJF5MDxfVKbD78e,1.5831322771437017
1180Pe0jjGNslftSXTrEKi,2oErhjDmRwjiBvdWsl5WmG,1.7320507111488277
1180Pe0jjGNslftSXTrEKi,7nWzpMBJwjubxBF75Pi4An,1.785557217188167
1180Pe0jjGNslftSXTrEKi,0q0blWBIHZZSMgCISWdBYC,1.8201993162914432
1180Pe0jjGNslftSXTrEKi,2NaU7cuWOBIOPA2nBJ06Hd,1.8638239721380028
1180Pe0jjGNslftSXTrEKi,5uCidx258qlEgnaj895hbm,2.0145408400103713
1180Pe0jjGNslftSXTrEKi,7b1XzNeXhfwGNJWE6gHFRz,2.0153033207396307
1180Pe0jjGNslftSXTrEKi,4hA4vowf8u8fhA2KlxBJIa,2.0288689978774808
7nWzpMBJwjubxBF75Pi4An,0q0blWBIHZZSMgCISWdBYC,0.8609639653543709
7nWzpMBJwjubxBF75Pi4An,2MROIXHFoYn5JVGQtAXVpy,0.8776394050626839
7nWzpMBJwjubxBF75Pi4An,6SdAztAqklk1zAmUHhU4N7,0.8817348139202278
7nWzpMBJwjubxBF75Pi4An,4yxjD1iYOICm8cizKrbtPg,0.9607412406130368
7nWzpMBJwjubxBF75Pi4An,2WjXRWocLt0HbsdPawx0Mx,1.0560012715759572
7nWzpMBJwjubxBF75Pi4An,1LrxmgC6pg5RAYGJ2FQWv0,1.2224574128216874
7nWzpMBJwjubxBF75Pi4An,5lzHcuhl4iBfR4PtQXBm9i,1.2343892828207141
7nWzpMBJwjubxBF75Pi4An,09pr5CPnpXjEQKRqgI7ZnZ,1.2378975157200613
7nWzpMBJwjubxBF75Pi4An,7b1XzNeXhfwGNJWE6gHFRz,1.270956865873055
7nWzpMBJwjubxBF75Pi4An,5v4ikwHHJWghlUcDoaYWNW,1.3309910771905422
0EmYZZ8OqeALedVhijSjsg,0UIrLwFq3cvTg5vBMmlfjp,0.47813719131527765
0EmYZZ8OqeALedVhijSjsg,4hQ6UGyWQIGJmHSo0J88JW,0.6505955196622588
0EmYZZ8OqeALedVhijSjsg,5nSdJRpyM8OkYOVGa5rlsw,0.6988562738509466
0EmYZZ8OqeALedVhijSjsg,6Q3FXpvUNVHiWHU3xVMnQR,0.7743889307551343
0EmYZZ8OqeALedVhijSjsg,0j6zVHUhezcz02iLhmpy2e,0.8272537640692816
0EmYZZ8OqeALedVhijSjsg,2RsAajgo0g7bMCHxwH3Sk0,0.842921830723349
0EmYZZ8OqeALedVhijSjsg,7pjj6hVH1uh9Mf6rQ6QO0O,0.8440346743322027
0EmYZZ8OqeALedVhijSjsg,7kzKAuUzOITUauHAhoMoxA,0.8975090894380264
0EmYZZ8OqeALedVhijSjsg,1I2MEjnS9c4OPMnKWbIuYs,0.9034388684041917
0EmYZZ8OqeALedVhijSjsg,22tot0Y6uKuWdAZnEQyB6g,0.9049896608861883
5QLndwpuydTkQow1127Rxr,1sKt4HswC1nmkjuhhG0KFt,0.954367464006094
5QLndwpuydTkQow1127Rxr,5frWFPeKH8Pam3rKLFCytt,1.056699890996293
5QLndwpuydTkQow1127Rxr,4E93IPDPbaNJUDTpur3V63,1.1375685497955765
5QLndwpuydTkQow1127Rxr,6qOCyu8agpod9VK4EdZqzt,1.225068142717756
5QLndwpuydTkQow1127Rxr,0jNRJBmHgJDOmiIvk10J9C,1.2692042480261392
5QLndwpuydTkQow1127Rxr,3J1BQ2acB1OHTQKeI1cWkR,1.3099605593268706
5QLndwpuydTkQow1127Rxr,0cocZBknjka59p58FOdqef,1.3296531220768109
5QLndwpuydTkQow1127Rxr,3Ye0P7D5bGfuDmTCKJuWxy,1.3381757989265481
5QLndwpuydTkQow1127Rxr,5H3JW2JiQG432dldneCyW1,1.3462396378169526
5QLndwpuydTkQow1127Rxr,2fyIS6GXMgUcSv4oejx63f,1.3544860889683374
76GGgSpRWU1v0mH26n2ZQy,60Cohjy8lgh1jIkTpGz9S1,0.8139204448791347
76GGgSpRWU1v0mH26n2ZQy,3QgInVIXkrZDRVQfuKUxSm,0.9491755412296514
76GGgSpRWU1v0mH26n2ZQy,7G8hUONVhvJnkD3Ak8mNF1,1.0319412912607473
76GGgSpRWU1v0mH26n2ZQy,7rVw4gyhclOgTIrFCtI3ZG,1.0526112545498345
76GGgSpRWU1v0mH26n2ZQy,1re1CuvpyhIm5ryPzUQyXc,1.0898159788151989
76GGgSpRWU1v0mH26n2ZQy,37cb7mzkQKksGm0noGDXeh,1.1001810165912833
76GGgSpRWU1v0mH26n2ZQy,37ZgsOy8t4vMnGtMExr6ah,1.104001921949229
76GGgSpRWU1v0mH26n2ZQy,3XKjZcgNYtvCmBpE1nX7Wn,1.1197856048648853
76GGgSpRWU1v0mH26n2ZQy,6vpyvi70JNqAJa9IqNx8qy,1.1210003995482096
76GGgSpRWU1v0mH26n2ZQy,02GGlQrUckPW2fJmYVpU8l,1.1345319722916836
2Z8oSkHTEJedqb1rsgpLih,3eSdppRWjG7WlxTVuhqGVu,1.3887742172279216
2Z8oSkHTEJedqb1rsgpLih,68Yx4cOTBvQkI7u5sHcZ0l,1.4974768618658434
2Z8oSkHTEJedqb1rsgpLih,5zFgBVbfMdfo6kCKm5hD6t,1.5512427314447246
2Z8oSkHTEJedqb1rsgpLih,5D6d1DFXMkjUZYoEUf9BAt,1.6748501642811917
2Z8oSkHTEJedqb1rsgpLih,3XXTR1PxuCslxeQCpRHpmW,1.691851198224882
2Z8oSkHTEJedqb1rsgpLih,6VScORohpeHSfdLkPUZuZX,1.6954295708639824
2Z8oSkHTEJedqb1rsgpLih,5aJuHyYNdOzqX6eGO2XyE8,1.750978259547072
2Z8oSkHTEJedqb1rsgpLih,3ENn9ahP78mdUTHXDhnyFu,1.7940051933989345
2Z8oSkHTEJedqb1rsgpLih,4qk8TRTKURbYICrtfAfDYr,1.8138504044265529
2Z8oSkHTEJedqb1rsgpLih,47rsdYKDpxfxM41ELOzZhg,1.8347973185611288
1mRgy0qWyAc8EpFeeRNnRK,6XDdcBC0hQkRcQfYovxd4c,0.6147692984689731
1mRgy0qWyAc8EpFeeRNnRK,3xLtrBuptxKDFww9lND5Dc,0.8044469912404294
1mRgy0qWyAc8EpFeeRNnRK,2xETIuyVWAjWXFSbqngBYq,0.9810645281000965
1mRgy0qWyAc8EpFeeRNnRK,2aLXJJ2zOsBJlGTxiG0yMi,1.070800452138427
1mRgy0qWyAc8EpFeeRNnRK,4cF6Pk7YaRtv91mSZa4nVi,1.1079493723743772
1mRgy0qWyAc8EpFeeRNnRK,4x9l3fDzgvzg9t7Csbufrn,1.1596717113845514
1mRgy0qWyAc8EpFeeRNnRK,4TCMm1N1zoNmRYaLbYwB2k,1.2488699499136253
1mRgy0qWyAc8EpFeeRNnRK,6TzYMmTsjyTIf1cSSuOcAw,1.2882495786910577
1mRgy0qWyAc8EpFeeRNnRK,1WheyFsHUcBWQ33WNHcZdI,1.3026374681368442
1mRgy0qWyAc8EpFeeRNnRK,1Zd1Y1UeG8PB5fDSgKQaH6,1.3091112205391318
39hGEPjG5RmfFKgCs1oA1o,7bBEhjBUUHwkONgReD5xmB,1.8036281991734697
39hGEPjG5RmfFKgCs1oA1o,2klWfM19A7TfwlxBQLNbIZ,1.8231863709025153
39hGEPjG5RmfFKgCs1oA1o,7qrvxjTqvXvaiGhnUfCOAB,1.860117060312613
39hGEPjG5RmfFKgCs1oA1o,4rrDNJIlcE03cUe4RA74Z6,1.8782995584345776
39hGEPjG5RmfFKgCs1oA1o,2ANvtgV1j5Ba4d4WTYnQkQ,1.8850164616806193
39hGEPjG5RmfFKgCs1oA1o,1W0voVAoKVow8VhpwWBHl5,1.9299339975131533
39hGEPjG5RmfFKgCs1oA1o,3fjhdbUop7FSLTyD8wHMD2,2.054023149572373
39hGEPjG5RmfFKgCs1oA1o,3Y4rUyw7XBCK6hGHCOt6rp,2.05839498725727
39hGEPjG5RmfFKgCs1oA1o,4pY65PI8PkbRumQpEoxElV,2.08588507211395
39hGEPjG5RmfFKgCs1oA1o,6VScORohpeHSfdLkPUZuZX,2.0947576216932395
1hOqxeZappRsi9FAmBUCpS,7C3lbQVR3vlo8WCHNiwycv,0.8954066087115075
1hOqxeZappRsi9FAmBUCpS,7grNHTSADMlLZ96mH4wI85,1.0888561258863234
1hOqxeZappRsi9FAmBUCpS,1VtPE3YY4Uc9KCaQATcVJh,1.3860642261017053
1hOqxeZappRsi9FAmBUCpS,1nBDeSiqD2z1ofv9hEttfi,1.5768770704493251
1hOqxeZappRsi9FAmBUCpS,6pAIDhDoB7k4bOsxbQjycO,1.6055929690682542
1hOqxeZappRsi9FAmBUCpS,3dRjPo78q6rb7vaRElKNRl,1.754509578471922
1hOqxeZappRsi9FAmBUCpS,4DpgPdsES4Hxdz3eqOP3Ac,1.9520912832388586
1hOqxeZappRsi9FAmBUCpS,6ZRwn9JqdtRQyrHT0tKIgy,2.105911571782541
1hOqxeZappRsi9FAmBUCpS,4uFXfaNBVQw1MJ9K19P8QS,2.1272984776334134
1hOqxeZappRsi9FAmBUCpS,4cF6Pk7YaRtv91mSZa4nVi,2.129078435017757
0KOAra08PQ11mhmUCX5pJf,0Q5OUoMBRrbQIYb3TZnzQe,0.6876713737309379
0KOAra08PQ11mhmUCX5pJf,7sJbCv83nl2S94j8ZJz2WP,0.9426089352430312
0KOAra08PQ11mhmUCX5pJf,2nLtzopw4rPReszdYBJU6h,1.0506447532396106
0KOAra08PQ11mhmUCX5pJf,1lZzyOyH9LSAWFjHKz9TT2,1.1476634896849665
0KOAra08PQ11mhmUCX5pJf,5Cpk0Hg5KSUmm0BdyIkVVW,1.1923037745917822
0KOAra08PQ11mhmUCX5pJf,2wqiV4aIMOosmQMqnLxXbA,1.2927310052656804
0KOAra08PQ11mhmUCX5pJf,2VAP7blVVE9odqmMyM6HFf,1.3092855879632195
0KOAra08PQ11mhmUCX5pJf,2gEh41XUP3vI7kAjlEO92n,1.385830162901439
0KOAra08PQ11mhmUCX5pJf,37obz5Empojp1N6wvHwzCu,1.3866156495004296
0KOAra08PQ11mhmUCX5pJf,0uukw2CgEIApv4IWAjXrBC,1.4204285428452015
5Gox2FHWcB882eGsRIkdrt,6qFWAs54gSDIUh0J9XY8qx,0.6064429527562933
5Gox2FHWcB882eGsRIkdrt,1rrPwnC71ZmXcIXuPudHYo,0.8860397823124812
5Gox2FHWcB882eGsRIkdrt,0p4D8tKBjpTqOpFhwxIXe1,0.9715251249977197
5Gox2FHWcB882eGsRIkdrt,4oOmRoG2lWjv6COrTT8Z28,0.988536812466243
5Gox2FHWcB882eGsRIkdrt,5aAjcWycNzzlnnwRB8z0zL,0.993049435264283
5Gox2FHWcB882eGsRIkdrt,4ocDKtGkfPHFpUlmkOfAiy,1.0532045279488307
5Gox2FHWcB882eGsRIkdrt,0m4jVVZrsv0bLkAr1uM6UG,1.073297303843169
5Gox2FHWcB882eGsRIkdrt,5frWFPeKH8Pam3rKLFCytt,1.1101260154614152
5Gox2FHWcB882eGsRIkdrt,2sAwO9nafCv50ttjhI77a2,1.1540972653597468
5Gox2FHWcB882eGsRIkdrt,20McUFi8KCIVdNDLrkTDuZ,1.1742029868128865
1qkVJlyVaLZbwolRZmc17i,4pxcboeftnVJoMuqigFL4g,0.4806524335682847
1qkVJlyVaLZbwolRZmc17i,0mtn3uti60qnEwTJJIQ29v,0.697021615585643
1qkVJlyVaLZbwolRZmc17i,26VPU8yYHcZs2II1PD0G9g,0.8725597792604304
1qkVJlyVaLZbwolRZmc17i,3lMGhsGVaAO37AKy5CV8HB,1.0345220305952092
1qkVJlyVaLZbwolRZmc17i,0u5mGjvZPRx3uFCwXKcXCP,1.1349947197129937
1qkVJlyVaLZbwolRZmc17i,1VAhH6Qrtod1cKtGjHcUtB,1.152041627337542
1qkVJlyVaLZbwolRZmc17i,20McUFi8KCIVdNDLrkTDuZ,1.1631359435433364
1qkVJlyVaLZbwolRZmc17i,6S1BoAiJeJ96A09tHIwJuy,1.1773914066454514
1qkVJlyVaLZbwolRZmc17i,4sKGkVi8boc00JTpw7aVB7,1.182202727187382
1qkVJlyVaLZbwolRZmc17i,1OyOTy8cZ5TGbMaHpfrQpY,1.2071327437329182
26VPU8yYHcZs2II1PD0G9g,0mtn3uti60qnEwTJJIQ29v,0.7939737597004509
26VPU8yYHcZs2II1PD0G9g,4pxcboeftnVJoMuqigFL4g,0.8499514215215502
26VPU8yYHcZs2II1PD0G9g,1qkVJlyVaLZbwolRZmc17i,0.8725597792604304
26VPU8yYHcZs2II1PD0G9g,68c8qaChNLXdBvFPCSQz4d,0.8761829274959427
26VPU8yYHcZs2II1PD0G9g,6S1BoAiJeJ96A09tHIwJuy,0.9751468448000122
26VPU8yYHcZs2II1PD0G9g,5x4vgABKiGp4Vg7ZyFRxhn,1.0017031417076183
26VPU8yYHcZs2II1PD0G9g,1OyOTy8cZ5TGbMaHpfrQpY,1.062100403618668
26VPU8yYHcZs2II1PD0G9g,0v3C05tIF1WZWFlcj326YZ,1.1059946605422748
26VPU8yYHcZs2II1PD0G9g,3lMGhsGVaAO37AKy5CV8HB,1.1196256950712296
26VPU8yYHcZs2II1PD0G9g,0RYqTScbPJ3wijhvWOgLkE,1.1309478793004857
0PPIpnwOzCZMUaGiHbAEqc,5OSpHOjCFDWRY67fJFZ1ZQ,0.6233813741784832
0PPIpnwOzCZMUaGiHbAEqc,1tBjTyIWZpAXKOahFNrpMK,0.6827546629972431
0PPIpnwOzCZMUaGiHbAEqc,0BumkbMOjaGROaVCR2I4An,1.0421253909493204
0PPIpnwOzCZMUaGiHbAEqc,1bspDLAXNjbSmqThncJaA3,1.1096536192482376
0PPIpnwOzCZMUaGiHbAEqc,2rbkwvwtdWpDwthWnTpJMj,1.1894810562206035
0PPIpnwOzCZMUaGiHbAEqc,5WTMon2o3bL3LvIxVQm9xk,1.2557533500065357
0PPIpnwOzCZMUaGiHbAEqc,2pAD0PKMUMtxlMvz33tYzB,1.334814643580267
0PPIpnwOzCZMUaGiHbAEqc,5a8O0CAraAuR4iLZXg0s46,1.4056104444021218
0PPIpnwOzCZMUaGiHbAEqc,4rS66iKCLms3yumMYACKwJ,1.4136621999725292
0PPIpnwOzCZMUaGiHbAEqc,6tBt0o5KS4xYaC7aKd7RY0,1.4573928828735865
52aj920Nd9VlhlehQVsfwS,006Bi4j0yzwOc3y69GOlYV,0.5762274059376064
52aj920Nd9VlhlehQVsfwS,7bfocP7GYoLOutUYpTI8tx,0.7194986536920106
52aj920Nd9VlhlehQVsfwS,6IlQmJorOrT6eWZFqUzzES,0.8070868953121287
52aj920Nd9VlhlehQVsfwS,6RNDeRnWsRMjPdNVgupZCs,0.8158492331541723
52aj920Nd9VlhlehQVsfwS,1VAhH6Qrtod1cKtGjHcUtB,0.825774054705868
52aj920Nd9VlhlehQVsfwS,6n6zJJFmKJ1DoKq2eMCbEb,0.8701528648011898
52aj920Nd9VlhlehQVsfwS,3ctDo5gZFNOiMjqa0XDBif,0.8847647037280653
52aj920Nd9VlhlehQVsfwS,4sNG6zQBmtq7M8aeeKJRMQ,0.9081116356773024
52aj920Nd9VlhlehQVsfwS,163l4xzEe3JAfPbv0kYNQo,0.9352605778791876
52aj920Nd9VlhlehQVsfwS,4sKGkVi8boc00JTpw7aVB7,1.0254252095331018
0FlPKWNvl0ZJxQvw3UK3ja,7IZ7SwZfnXMKKwMIGdE6o8,0.8221409366225166
0FlPKWNvl0ZJxQvw3UK3ja,5IXpJkpRvk97JoLMTitMPG,0.8454127413115088
0FlPKWNvl0ZJxQvw3UK3ja,6X75beLYymFGvrw5Ocqflq,1.2917585143339085
0FlPKWNvl0ZJxQvw3UK3ja,0Z7nVJmfPLRjhtStJZh4hm,1.7081498170991747
0FlPKWNvl0ZJxQvw3UK3ja,4GRgeMNKXKSqmkKRqzoXB7,1.7638919000039632
0FlPKWNvl0ZJxQvw3UK3ja,2d25mcKl3CYuBsYPi6cAMi,1.7711087321364285
0FlPKWNvl0ZJxQvw3UK3ja,1OwJLABgqyipl2dQS0UhKD,1.7983308458190423
0FlPKWNvl0ZJxQvw3UK3ja,2HKTVg3VL4LULPp7F8SUQa,1.8294021909847615
0FlPKWNvl0ZJxQvw3UK3ja,5BsfHrHZtp17H7pVvZqnX4,1.8826896580056673
0FlPKWNvl0ZJxQvw3UK3ja,5WBn5fDSVP8eMrxXQRMVWL,1.9059760635113014
1WheyFsHUcBWQ33WNHcZdI,7cmghYOaklEOiHB3mzjkjY,0.8312645091878023
1WheyFsHUcBWQ33WNHcZdI,3g8DqSjSZyY1o30Y4xnWqs,1.0335549596277658
1WheyFsHUcBWQ33WNHcZdI,3xLtrBuptxKDFww9lND5Dc,1.09864234133389
1WheyFsHUcBWQ33WNHcZdI,2xETIuyVWAjWXFSbqngBYq,1.1491273870934948
1WheyFsHUcBWQ33WNHcZdI,66QpL8l5IJ4ND2Q79MTa3t,1.2104876200670442
1WheyFsHUcBWQ33WNHcZdI,6KaEnhXKR6vSqqWzQOyqxE,1.2384895877561932
1WheyFsHUcBWQ33WNHcZdI,6TzYMmTsjyTIf1cSSuOcAw,1.2820824472896168
1WheyFsHUcBWQ33WNHcZdI,1mRgy0qWyAc8EpFeeRNnRK,1.3026374681368442
1WheyFsHUcBWQ33WNHcZdI,4cF6Pk7YaRtv91mSZa4nVi,1.3188965042902974
1WheyFsHUcBWQ33WNHcZdI,7xxgqdJBcLG33vo6KXqV6S,1.3368405992922916
0ggkHZbFGmofl9743xx6JO,3pmYp7wfaDfr5OwHoxAR9K,1.12023186867045
0ggkHZbFGmofl9743xx6JO,42r0LZ9g8gq4afWztSw54k,1.1559989050430228
0ggkHZbFGmofl9743xx6JO,51QsdN4xBmkLhtqNi0J40l,1.3934416396689293
0ggkHZbFGmofl9743xx6JO,0q7LR23IYycIYTUJuTrQiF,1.4645633857304585
0ggkHZbFGmofl9743xx6JO,3TeGnh9c51Du7BHtRkOeS6,1.5005145018547148
0ggkHZbFGmofl9743xx6JO,0XmvrI2Fczr9zkvgQvqeNx,1.5996291700172955
0ggkHZbFGmofl9743xx6JO,6a6hIUCbzYNQgxGFae2iBX,1.601659157482019
0ggkHZbFGmofl9743xx6JO,7GCfKBpY3l2n3LAhsqjBtO,1.7417221257853783
0ggkHZbFGmofl9743xx6JO,4YLv4bDhfubAu142fY8QN1,1.941269403081885
0ggkHZbFGmofl9743xx6JO,1HrKC8HlC5gTsLVYYbVVop,2.0100200116063105
1lCSVEqFldH6cTMnm28M8k,6vuF3LYipww2DRhRJ9s7CH,1.0419434521116067
1lCSVEqFldH6cTMnm28M8k,68c8qaChNLXdBvFPCSQz4d,1.3430810715384922
1lCSVEqFldH6cTMnm28M8k,26VPU8yYHcZs2II1PD0G9g,1.3447708072261453
1lCSVEqFldH6cTMnm28M8k,5bFuHlXKw66Uu2cHKn5bf8,1.4421633648942787
1lCSVEqFldH6cTMnm28M8k,3g8DqSjSZyY1o30Y4xnWqs,1.4622752964680183
1lCSVEqFldH6cTMnm28M8k,0v3C05tIF1WZWFlcj326YZ,1.490600057097624
1lCSVEqFldH6cTMnm28M8k,7xxgqdJBcLG33vo6KXqV6S,1.5276132212298246
1lCSVEqFldH6cTMnm28M8k,0nqOcrAskzhTDBvGpOxNrD,1.5391800112002638
1lCSVEqFldH6cTMnm28M8k,1fdDasmoFSBRdsuCLL3ger,1.541376888097015
1lCSVEqFldH6cTMnm28M8k,5T2iobXGYEI9TdrJ4Du6QN,1.5714192361825428
6zQyEMgmMkHXaNdLEiu7fW,3GWoY95OyBPD6kN3h996Yy,1.309037297711759
6zQyEMgmMkHXaNdLEiu7fW,4wOqh7UiXe4jfbotAizdTu,1.356556553356225
6zQyEMgmMkHXaNdLEiu7fW,4CVOUJki8YUWol3jhLphgs,1.4344411163601742
6zQyEMgmMkHXaNdLEiu7fW,3IKUuAJghlmAkjBKbXaGjS,1.5198027947500194
6zQyEMgmMkHXaNdLEiu7fW,3I8w8mVY4KFBXbhcP5NqqH,1.544776406647178
6zQyEMgmMkHXaNdLEiu7fW,7f9I5WdyXm5q1XqnSYgQZb,1.5478010960803268
6zQyEMgmMkHXaNdLEiu7fW,7vrLphPq4yjaX7jiDdd2Nc,1.5497889311532633
6zQyEMgmMkHXaNdLEiu7fW,2W6MQ9T5sIIN7b6i0IIjfu,1.5965822063606627
6zQyEMgmMkHXaNdLEiu7fW,7Gc9OoiYsUrByC8tzD7kYY,1.6201380347743692
6zQyEMgmMkHXaNdLEiu7fW,2FXckoxZCBeWvg3IaFd1EW,1.650477384248362
10ifawoZHnRZjwiQjcoY1S,3ctDo5gZFNOiMjqa0XDBif,0.6064783249032298
10ifawoZHnRZjwiQjcoY1S,3fPgIknlkDWXs1l2noKZbp,0.8925711518285225
10ifawoZHnRZjwiQjcoY1S,1byfhRPkrLvnQ4ib1SWNxQ,0.9877293120182971
10ifawoZHnRZjwiQjcoY1S,2sgpYwWVQAXWetqtO9Kh24,1.0421129415037482
10ifawoZHnRZjwiQjcoY1S,5lfWrciYtohtIMVDVZd0Rf,1.0487400724095621
10ifawoZHnRZjwiQjcoY1S,54SQet8YMttOgTqDNGcGpe,1.10039956827655
10ifawoZHnRZjwiQjcoY1S,6Yp3K2cy35hXnWQFE1yWrJ,1.1585827896502956
10ifawoZHnRZjwiQjcoY1S,5jhIWm2hXdVQJaRDE9AGhW,1.1603361955655962
10ifawoZHnRZjwiQjcoY1S,7bfocP7GYoLOutUYpTI8tx,1.1702524740097124
10ifawoZHnRZjwiQjcoY1S,6vpyvi70JNqAJa9IqNx8qy,1.216105158863253
52UDFFwUueOBfJ2vB5BqRr,66ERrn57fmkbOq9zhELGPv,0.6515536059012923
52UDFFwUueOBfJ2vB5BqRr,0aIW3ekrhK1eh3BYCh11op,0.734441009153871
52UDFFwUueOBfJ2vB5BqRr,7lu6YLrlB1MU7HW8DJSuPa,0.757029983280806
52UDFFwUueOBfJ2vB5BqRr,5Z4ZRi6fMaqM4gW3VrTxfk,0.8798915417505221
52UDFFwUueOBfJ2vB5BqRr,3ENn9ahP78mdUTHXDhnyFu,1.013445061284151
52UDFFwUueOBfJ2vB5BqRr,0yFjiqcf961CTPJIOxJtjZ,1.036266520147189
52UDFFwUueOBfJ2vB5BqRr,3euQtj1nSUZsuOAAjH1LK8,1.0383907134012482
52UDFFwUueOBfJ2vB5BqRr,4qk8TRTKURbYICrtfAfDYr,1.086991134553818
52UDFFwUueOBfJ2vB5BqRr,0Id7swY6cWbvYLtVVF0wvq,1.0881200267774496
52UDFFwUueOBfJ2vB5BqRr,1JnHZagDFvrT2lx4QovSOo,1.0892090209067584
3v8CoiN19zAzkTG0E7TBTN,4REZYGhSITpkC8xUiHAi2T,0.6950322376439266
3v8CoiN19zAzkTG0E7TBTN,5ALPzPUKl3Np5BrYTFs4Pb,0.7188251050402286
3v8CoiN19zAzkTG0E7TBTN,3BOJ6BFjwbixqQM8J4hgYA,0.8980484607525133
3v8CoiN19zAzkTG0E7TBTN,4UF1eupXP9Zz5GpYepyOxI,0.916374313997589
3v8CoiN19zAzkTG0E7TBTN,3jl1I9gvCXo5V9hu4hYGLY,1.0500264477853565
3v8CoiN19zAzkTG0E7TBTN,7G8hUONVhvJnkD3Ak8mNF1,1.0643627555704824
3v8CoiN19zAzkTG0E7TBTN,4P4mcw4wHDMysBF031DDZT,1.0738209577784315
3v8CoiN19zAzkTG0E7TBTN,4ileLT7ldd2uX8bMemWqbm,1.074448585114049
3v8CoiN19zAzkTG0E7TBTN,1tbjeelOKIjolYNUNnPMAD,1.0763990918648285
3v8CoiN19zAzkTG0E7TBTN,1f9jv3jIHqwZhVW7NMAgYN,1.0776411549809153
3ujzd7pcdAhILCnS3oGbaU,2SoHnESLR60erIgFi8zFFi,1.3446876781549992
3ujzd7pcdAhILCnS3oGbaU,2Oghfvs0YkMNadU5c31GpJ,1.4955891930068077
3ujzd7pcdAhILCnS3oGbaU,3Hg1OJWwiNeKWX7suTNJ1Y,1.634698919972278
3ujzd7pcdAhILCnS3oGbaU,6HKmAGpQgDNQ4sFhAgvkA2,1.6495743086329326
3ujzd7pcdAhILCnS3oGbaU,3Ye0P7D5bGfuDmTCKJuWxy,1.674479580472153
3ujzd7pcdAhILCnS3oGbaU,2nLtzopw4rPReszdYBJU6h,1.6761171382205768
3ujzd7pcdAhILCnS3oGbaU,4avT69vtIK1qqC8SL7eqGJ,1.75438064452
3ujzd7pcdAhILCnS3oGbaU,513qzL4sJwVPpzdc7AXZvH,1.8167750478147802
3ujzd7pcdAhILCnS3oGbaU,3bCp61o3h46Yvr0vgMJlaL,1.8377282499446395
3ujzd7pcdAhILCnS3oGbaU,2VAP7blVVE9odqmMyM6HFf,1.8590380019662205
5IUtvfNvOyVYZUa6AJFrnP,0elH6ukMGLyCHJavHutEza,0.9524180599704808
5IUtvfNvOyVYZUa6AJFrnP,2L1KDMlUbzuaXce1VvWV57,1.0268734165259459
5IUtvfNvOyVYZUa6AJFrnP,5aAjcWycNzzlnnwRB8z0zL,1.0555164356462803
5IUtvfNvOyVYZUa6AJFrnP,0v3C05tIF1WZWFlcj326YZ,1.1865939073018974
5IUtvfNvOyVYZUa6AJFrnP,5x4vgABKiGp4Vg7ZyFRxhn,1.254492258081752
5IUtvfNvOyVYZUa6AJFrnP,1sKt4HswC1nmkjuhhG0KFt,1.2780763752054047
5IUtvfNvOyVYZUa6AJFrnP,68c8qaChNLXdBvFPCSQz4d,1.3420960506139086
5IUtvfNvOyVYZUa6AJFrnP,2fyIS6GXMgUcSv4oejx63f,1.3955887141056045
5IUtvfNvOyVYZUa6AJFrnP,5p66ip2k92QBjuYYw2X0qa,1.4160986146592387
5IUtvfNvOyVYZUa6AJFrnP,1qkVJlyVaLZbwolRZmc17i,1.4479287431501822
0sXJUHfwsocaJaLM5osoWX,5PAKAKbcx1gqEoiLZIS6ec,0.5576693467415121
0sXJUHfwsocaJaLM5osoWX,5my3f3dMZENvUwAXYVQNmO,1.0313260984649255
0sXJUHfwsocaJaLM5osoWX,51Ht5maNIl3gkur1R9Guwd,1.0949340642510887
0sXJUHfwsocaJaLM5osoWX,43ZA173zlPZnKN3YSjrzHU,1.12970151693131
0sXJUHfwsocaJaLM5osoWX,2EuRnXkQ1X97VNY3NfSqay,1.2282199416810486
0sXJUHfwsocaJaLM5osoWX,2FBI52O3q5IlldKBImv1Zq,1.2331599153394204
0sXJUHfwsocaJaLM5osoWX,1RtoOw5CS2PBcVG8A783Q0,1.2537008117165829
0sXJUHfwsocaJaLM5osoWX,4xQY6PYbE5N5En4xv5nQtM,1.3254459179869609
0sXJUHfwsocaJaLM5osoWX,7oHDdgBGhiglCDWsJBCa1R,1.3603758717267964
0sXJUHfwsocaJaLM5osoWX,7nZu5xIQlEceMFpfQbjK1P,1.3690966668582838
1Ip5p31SowqjJLo2ss1afJ,3G4GIs0jGwIbLFGBL3ZSNc,1.1202881466773948
1Ip5p31SowqjJLo2ss1afJ,4DGbBb3ngjF7RsP5f9m7kW,1.2085977204054807
1Ip5p31SowqjJLo2ss1afJ,69zSOewOfa2IvIRMveL1Cc,1.2473590583005258
1Ip5p31SowqjJLo2ss1afJ,6Q4RJGUzVQym5RL5iq6627,1.2631226027646587
1Ip5p31SowqjJLo2ss1afJ,3I9tSAQMVzAuX8QQUBG9rP,1.3137845215965156
1Ip5p31SowqjJLo2ss1afJ,4MNXKskyfqES2LAlbrrRbV,1.3348605566897354
1Ip5p31SowqjJLo2ss1afJ,3Pxapn7Bs6jmvPYZl2DDcc,1.3428379268126382
1Ip5p31SowqjJLo2ss1afJ,5bBt3WYHKsMVfbGhAPuQHF,1.3609737885429252
1Ip5p31SowqjJLo2ss1afJ,32Dc90Bn6NCKMPmdfprhFq,1.3859051837851761
1Ip5p31SowqjJLo2ss1afJ,4siZLgCKM0IKnD1ek6Bt4d,1.3882930772298014
5Tw688qLFIieMBeD7wnEgw,2sb6AZQLeoD3VgA4zglQB6,0.8312913683874739
5Tw688qLFIieMBeD7wnEgw,3euQtj1nSUZsuOAAjH1LK8,1.0263443172539637
5Tw688qLFIieMBeD7wnEgw,35CoDqsVF0P2w8Lgir7wrs,1.1708387400840805
5Tw688qLFIieMBeD7wnEgw,2JAUBPBVkimRLc5BGhAkfJ,1.188847196850147
5Tw688qLFIieMBeD7wnEgw,4nl4KMmBskw45osLZhlhk1,1.3071279962103985
5Tw688qLFIieMBeD7wnEgw,0aIW3ekrhK1eh3BYCh11op,1.3238358545907851
5Tw688qLFIieMBeD7wnEgw,5zFgBVbfMdfo6kCKm5hD6t,1.336730768402225
5Tw688qLFIieMBeD7wnEgw,0yFjiqcf961CTPJIOxJtjZ,1.4078437834458353
5Tw688qLFIieMBeD7wnEgw,5wpyfg3L9LKs64kJF6XiHF,1.4149972323930968
5Tw688qLFIieMBeD7wnEgw,1JnHZagDFvrT2lx4QovSOo,1.444650438703188
0oo6NX5bPcqUbX7eJtoslO,08gufysa763YtyeVUmPAQT,1.1095796878526918
0oo6NX5bPcqUbX7eJtoslO,6LyA7ACKgmVyPfiuIwC5E0,1.403939724478539
0oo6NX5bPcqUbX7eJtoslO,4S4qLTfC7kXxIMEB9xuGnw,1.5639636832561503
0oo6NX5bPcqUbX7eJtoslO,1erM5eAa42t5PizveNnsbY,1.6211410876994279
0oo6NX5bPcqUbX7eJtoslO,4jWePuDwi4Mho9u5kpoYrj,1.6493728111330057
0oo6NX5bPcqUbX7eJtoslO,2nLtzopw4rPReszdYBJU6h,1.691682592760444
0oo6NX5bPcqUbX7eJtoslO,4YLv4bDhfubAu142fY8QN1,1.7453584612436692
0oo6NX5bPcqUbX7eJtoslO,1Suc8pkaJJpHJmgGwH6xaD,1.8988396394288778
0oo6NX5bPcqUbX7eJtoslO,4RyifJbF8JhMtFdR2Bzslt,1.918050572838535
0oo6NX5bPcqUbX7eJtoslO,5auwSKx96QcROy6CTGnHIl,1.9181781297990543
7jc524Kcj1FRHUh7y5x9uv,0sO53kgvUZFEu8Tqne6T7N,2.126292283179039
7jc524Kcj1FRHUh7y5x9uv,6cxmYx2CDHRkaTZHVgsykX,2.4670584238854123
7jc524Kcj1FRHUh7y5x9uv,2BZe9fLjce5JlnrVmwYzWl,2.7766969541524373
7jc524Kcj1FRHUh7y5x9uv,6ohXK9Y4ioab0VjQp20rYa,2.784535467095484
7jc524Kcj1FRHUh7y5x9uv,3ujWh42s95AIqhM6GXoVjn,2.872509753606159
7jc524Kcj1FRHUh7y5x9uv,1h4K8ijEaWX9Z2KGXrfz8T,3.5976115613921755
7jc524Kcj1FRHUh7y5x9uv,2cBGY25X6oG1fLwQyOZvJ1,3.8328159171546465
7jc524Kcj1FRHUh7y5x9uv,2awoFGsXQwiU935BUlM6Wf,3.8882320775196755
7jc524Kcj1FRHUh7y5x9uv,7ErnTS7HiYqwBTNrtdqxK9,4.735001100548212
7jc524Kcj1FRHUh7y5x9uv,5xo01RlIlMgQMMI19rY8Xb,4.817688537765273
6DXazvidTcZ7Nx78cm5hZE,5D6d1DFXMkjUZYoEUf9BAt,0.6932758223588675
6DXazvidTcZ7Nx78cm5hZE,4nl4KMmBskw45osLZhlhk1,0.7492380785888807
6DXazvidTcZ7Nx78cm5hZE,23XdaKxpbB9D4mPCgoOgou,0.8908627721190114
6DXazvidTcZ7Nx78cm5hZE,3euQtj1nSUZsuOAAjH1LK8,0.9247900847004917
6DXazvidTcZ7Nx78cm5hZE,7GwYyLNFyAsSsmt2aa0z6u,0.9306987507523203
6DXazvidTcZ7Nx78cm5hZE,7oHDdgBGhiglCDWsJBCa1R,1.0163522185111717
6DXazvidTcZ7Nx78cm5hZE,42rRYDeMFkYfUGOIhDPlF9,1.035160602761031
6DXazvidTcZ7Nx78cm5hZE,3fnL2JDgy4QD04araOl0eY,1.0410979671450509
6DXazvidTcZ7Nx78cm5hZE,1JnHZagDFvrT2lx4QovSOo,1.0509800330229466
6DXazvidTcZ7Nx78cm5hZE,0z5EJolHD3zV6W17tigtP7,1.05210953660712
4SVIMu13Nii6XS8Ph7IJjH,6ry0z6yotxEiqsxoKHpYBO,2.0216212001675764
4SVIMu13Nii6XS8Ph7IJjH,6ISmTommsQb47avYPq79yZ,2.068350405515106
4SVIMu13Nii6XS8Ph7IJjH,1Db4Qa67eYC7MxnCqFvRQj,2.372076082458462
4SVIMu13Nii6XS8Ph7IJjH,6ekLy1OsrYdLMbcqc0KZ8G,2.45315114074516
4SVIMu13Nii6XS8Ph7IJjH,6qfnPUcs1Qba8eePYBPu8X,2.4948295609869393
4SVIMu13Nii6XS8Ph7IJjH,3lO1WB5qXgjviQc0KF6ZTb,2.613647903263545
4SVIMu13Nii6XS8Ph7IJjH,1P7Ik6OX9dV3BnXZi9L4cI,2.6362999040962234
4SVIMu13Nii6XS8Ph7IJjH,37nppJzOgypngu1szTRD06,2.64679290300904
4SVIMu13Nii6XS8Ph7IJjH,6ZRwn9JqdtRQyrHT0tKIgy,2.661453041832406
4SVIMu13Nii6XS8Ph7IJjH,5T2iobXGYEI9TdrJ4Du6QN,2.6797675934423304
63HkkLxSefpYzy1kPrcAOy,7wClHQJlSp23OJ4TEi10Dn,0.681944924354554
63HkkLxSefpYzy1kPrcAOy,2w2MXZEONSMh1HzOUpuqIx,0.8362205577810423
63HkkLxSefpYzy1kPrcAOy,56ejQ1pr7fZVhU5Gfx9YQ5,0.9332193558866927
63HkkLxSefpYzy1kPrcAOy,4f3g4NIJMywPIeTY74wh9b,1.1823731570371345
63HkkLxSefpYzy1kPrcAOy,2nT4y8qTzu2IBYuw7j8TPi,1.2399722164253628
63HkkLxSefpYzy1kPrcAOy,3RoHAivw8gRyzlWDsvbFTB,1.2488966718950616
63HkkLxSefpYzy1kPrcAOy,5HuCuxK1MdKafyUHl6X54r,1.270542033379026
63HkkLxSefpYzy1kPrcAOy,4KC2Z9dL4jL61Ys35N6srg,1.3292074883186022
63HkkLxSefpYzy1kPrcAOy,6LiB2EaS3yxxJF4TWFgbno,1.3816250788247622
63HkkLxSefpYzy1kPrcAOy,6d0sSZ2bfKUWeICsNRPyCt,1.392015609249429
0z5EJolHD3zV6W17tigtP7,5wpyfg3L9LKs64kJF6XiHF,0.630486915328963
0z5EJolHD3zV6W17tigtP7,4lD40vyG33AcLiftmxQSC8,0.6932966789228793
0z5EJolHD3zV6W17tigtP7,2FsrKLHO91CaT8vvY85DD6,0.7506111697599842
0z5EJolHD3zV6W17tigtP7,3nImoHhXBOqYcdTN8gt9eE,0.7785944084032365
0z5EJolHD3zV6W17tigtP7,1JnHZagDFvrT2lx4QovSOo,0.8007259444061514
0z5EJolHD3zV6W17tigtP7,2SLwPaJTN6B6zwcIwsuQAK,0.8069054632952871
0z5EJolHD3zV6W17tigtP7,4nl4KMmBskw45osLZhlhk1,0.811998970371782
0z5EJolHD3zV6W17tigtP7,6SP4AXgL3VCUTmdm7axe9C,0.849342975678535
0z5EJolHD3zV6W17tigtP7,0ecW7IqLKhzKTPeqLSNc0V,0.9561552922517296
0z5EJolHD3zV6W17tigtP7,0T5iIrXA4p5GsubkhuBIKV,1.0111656046200637
2L1KDMlUbzuaXce1VvWV57,0elH6ukMGLyCHJavHutEza,0.6957843199510078
2L1KDMlUbzuaXce1VvWV57,2fyIS6GXMgUcSv4oejx63f,0.7079676314613925
2L1KDMlUbzuaXce1VvWV57,3O3lsUYkkrolKZEfH4pTQn,0.7572496412096523
2L1KDMlUbzuaXce1VvWV57,6S1BoAiJeJ96A09tHIwJuy,0.7910682813929981
2L1KDMlUbzuaXce1VvWV57,68c8qaChNLXdBvFPCSQz4d,0.8583922940900411
2L1KDMlUbzuaXce1VvWV57,1aOxOpH4AkGAd8OMrKjyNY,0.8662488549011337
2L1KDMlUbzuaXce1VvWV57,5x4vgABKiGp4Vg7ZyFRxhn,0.953362042189928
2L1KDMlUbzuaXce1VvWV57,3iTgKW7MWI0M0acyEoQXds,0.9575407724923555
2L1KDMlUbzuaXce1VvWV57,47k1Cbink0USdP1eDmGjFj,0.9666108057799021
2L1KDMlUbzuaXce1VvWV57,5p66ip2k92QBjuYYw2X0qa,0.9750599533236779
006c9li2Mybyg5vm6doEfO,2wmQfaHp4zbqQkbf5nu5SF,0.5678486513237381
006c9li2Mybyg5vm6doEfO,3PF8RXSKjme6Pi58ajTIvo,0.9138534194763005
006c9li2Mybyg5vm6doEfO,4NbUqEJnGQAEDvfb1LB5V3,1.1669127195155191
006c9li2Mybyg5vm6doEfO,2RSTIsdhq5vqqr2GcTFdGM,1.3738183408305809
006c9li2Mybyg5vm6doEfO,3jl1I9gvCXo5V9hu4hYGLY,1.5089631955923244
006c9li2Mybyg5vm6doEfO,3UgiXDauVuj9HZKzFY8TBL,1.6159060548036372
006c9li2Mybyg5vm6doEfO,3g3Ht5QpT6uPLmAmDVQOjj,1.6360130861610984
006c9li2Mybyg5vm6doEfO,1bxtePWzYybaPiUZqvgQVf,1.6460292588687335
006c9li2Mybyg5vm6doEfO,513qzL4sJwVPpzdc7AXZvH,1.7582787260885042
006c9li2Mybyg5vm6doEfO,3mnZxecdxSU4ZXSxK522sV,1.7589124444459068
0nEeAGQIFWf7xadpqJmywu,1v9ciHEQ38bWRa3EfTUiwZ,1.4771813775729288
0nEeAGQIFWf7xadpqJmywu,74KSE7y8YHGzaAI4gOTIFn,1.7240046531857167
0nEeAGQIFWf7xadpqJmywu,6KaEnhXKR6vSqqWzQOyqxE,1.7918705501589323
0nEeAGQIFWf7xadpqJmywu,7Gc9OoiYsUrByC8tzD7kYY,1.839825256773609
0nEeAGQIFWf7xadpqJmywu,3nX1nZJoLqfNSBq19RPGS4,1.8544372943650873
0nEeAGQIFWf7xadpqJmywu,7vrLphPq4yjaX7jiDdd2Nc,1.9492691939949363
0nEeAGQIFWf7xadpqJmywu,58zM8eyUWtoX4V3qpJ7pxC,1.987439769476184
0nEeAGQIFWf7xadpqJmywu,6P05Vvy9h2eFyWSu98BGWk,1.994897558985141
0nEeAGQIFWf7xadpqJmywu,3g8DqSjSZyY1o30Y4xnWqs,1.9979990083864219
0nEeAGQIFWf7xadpqJmywu,71fSn6OIF7HnCbgCzOBqpj,2.0110521208743157
5Z9gjSD3mglkexfM8QbGHo,6hu4zxEVl8vhbZwDlqNqK6,2.251588295513761
5Z9gjSD3mglkexfM8QbGHo,6DJKQqo9uQlSsQyITjDImC,2.3052560263162185
5Z9gjSD3mglkexfM8QbGHo,3GWoY95OyBPD6kN3h996Yy,2.3537970702018014
5Z9gjSD3mglkexfM8QbGHo,6DiFaHCUjPpA3nTAEFmQe1,2.5006391843566473
5Z9gjSD3mglkexfM8QbGHo,1aL399KnfueCuX3gPML2Rp,2.561278629761145
5Z9gjSD3mglkexfM8QbGHo,10aDiDITMu33TQNqVR35iM,2.6869857927616754
5Z9gjSD3mglkexfM8QbGHo,6zQyEMgmMkHXaNdLEiu7fW,2.7717612084646226
5Z9gjSD3mglkexfM8QbGHo,2rbbJ2xZFJa2DriR5h0TBS,2.835757941799693
5Z9gjSD3mglkexfM8QbGHo,0fea68AdmYNygeTGI4RC18,2.9313921097296753
5Z9gjSD3mglkexfM8QbGHo,3y8doSsikONxr7FMYCt41C,3.0569361502727737
57v7M9jKRFP9NCP3J2ms9M,6mVD1SfTvlFAPVi7txFL5H,0.6543136505319361
57v7M9jKRFP9NCP3J2ms9M,1byfhRPkrLvnQ4ib1SWNxQ,0.7092266912831932
57v7M9jKRFP9NCP3J2ms9M,4q6ZHerrtO7gcF67KFX0BF,0.7464646783040476
57v7M9jKRFP9NCP3J2ms9M,6n6zJJFmKJ1DoKq2eMCbEb,0.7932831479392903
57v7M9jKRFP9NCP3J2ms9M,2dHCfHPFdccesaPhiisAed,0.8241692927458836
57v7M9jKRFP9NCP3J2ms9M,36EVGjdLX0x5SlM1GaL6f0,0.8603440289317696
57v7M9jKRFP9NCP3J2ms9M,3KAn1EEsOVjep0Y15UNtTr,0.8995192510235265
57v7M9jKRFP9NCP3J2ms9M,4PdNeARTAYoZCwdhJninRq,0.9099512679436146
57v7M9jKRFP9NCP3J2ms9M,6Yp3K2cy35hXnWQFE1yWrJ,0.9130136558693458
57v7M9jKRFP9NCP3J2ms9M,2sgpYwWVQAXWetqtO9Kh24,0.9582404544330764
7KnFT8NQPRYtWOZXhWcGGZ,59eCy91JDrnpbPLF3T3L03,1.0001952818368745
7KnFT8NQPRYtWOZXhWcGGZ,20DigsfRILHYKeMqbuDqtx,1.3129834987916325
7KnFT8NQPRYtWOZXhWcGGZ,1eGdw1BbGAYaXbgPcVIkGm,1.3403416631974925
7KnFT8NQPRYtWOZXhWcGGZ,04tv9ewp0KMC5ijweE1GmS,1.4687256316219819
7KnFT8NQPRYtWOZXhWcGGZ,018vKll25kQiBjJ9FVOhSV,1.485919625030064
7KnFT8NQPRYtWOZXhWcGGZ,2ZZ3SXe3q8fwzVtIrQpEKy,1.573346490397381
7KnFT8NQPRYtWOZXhWcGGZ,2o4brM0aHognKkRI8QtLEg,1.5950520361658898
7KnFT8NQPRYtWOZXhWcGGZ,1pBHxJzQEiO0PG1BsN096D,1.6015554932117262
7KnFT8NQPRYtWOZXhWcGGZ,4FqirD1KsDyNukowu8TWhX,1.602519820581727
7KnFT8NQPRYtWOZXhWcGGZ,3Dk2StRqlP3JmXIY4aWyvA,1.6629392702521797
2BZe9fLjce5JlnrVmwYzWl,6cxmYx2CDHRkaTZHVgsykX,1.4250765846631592
2BZe9fLjce5JlnrVmwYzWl,6ohXK9Y4ioab0VjQp20rYa,1.8234699480807022
2BZe9fLjce5JlnrVmwYzWl,0sO53kgvUZFEu8Tqne6T7N,2.228218606667216
2BZe9fLjce5JlnrVmwYzWl,3ujWh42s95AIqhM6GXoVjn,2.2715338598418695
2BZe9fLjce5JlnrVmwYzWl,5xo01RlIlMgQMMI19rY8Xb,2.282980086218048
2BZe9fLjce5JlnrVmwYzWl,7ErnTS7HiYqwBTNrtdqxK9,2.649754080250913
2BZe9fLjce5JlnrVmwYzWl,7jc524Kcj1FRHUh7y5x9uv,2.7766969541524373
2BZe9fLjce5JlnrVmwYzWl,2awoFGsXQwiU935BUlM6Wf,3.0822409187461846
2BZe9fLjce5JlnrVmwYzWl,1h4K8ijEaWX9Z2KGXrfz8T,3.261044353926482
2BZe9fLjce5JlnrVmwYzWl,2cBGY25X6oG1fLwQyOZvJ1,3.634096692577349
5BsfHrHZtp17H7pVvZqnX4,5KWAPzQjXdavsii32pBUmp,0.6931172767554237
5BsfHrHZtp17H7pVvZqnX4,1zc9mfxeNZ6HiSxRzY7JIA,1.2959752232604278
5BsfHrHZtp17H7pVvZqnX4,0TpTOzLGB3JrMhpkpq3u9y,1.3630715704254954
5BsfHrHZtp17H7pVvZqnX4,2bTESUiaqSWDvyW9zSA6xG,1.5295678985822692
5BsfHrHZtp17H7pVvZqnX4,6X75beLYymFGvrw5Ocqflq,1.579632337866941
5BsfHrHZtp17H7pVvZqnX4,2d25mcKl3CYuBsYPi6cAMi,1.6429732884646961
5BsfHrHZtp17H7pVvZqnX4,1OwJLABgqyipl2dQS0UhKD,1.6489072501346265
5BsfHrHZtp17H7pVvZqnX4,0Z7nVJmfPLRjhtStJZh4hm,1.6679975755155092
5BsfHrHZtp17H7pVvZqnX4,6d3jo3AUpEsOrMsbtyeW7y,1.6699292238326018
5BsfHrHZtp17H7pVvZqnX4,0m3X8i1ggDvQOjtEL5CdV4,1.7166116969580676
0BumkbMOjaGROaVCR2I4An,2pAD0PKMUMtxlMvz33tYzB,0.7111953390699728
0BumkbMOjaGROaVCR2I4An,10n66m41IGjA2ZulKPK7Ew,0.9378446891044693
0BumkbMOjaGROaVCR2I4An,0PPIpnwOzCZMUaGiHbAEqc,1.0421253909493204
0BumkbMOjaGROaVCR2I4An,1tBjTyIWZpAXKOahFNrpMK,1.0869410547824965
0BumkbMOjaGROaVCR2I4An,1HZQUXcbIXCNzNrVQabWal,1.0931398280199913
0BumkbMOjaGROaVCR2I4An,3VpVwKT10A5a4eqN4Pyad1,1.112286530641558
0BumkbMOjaGROaVCR2I4An,02xRKYZ1jY4B6utPa59qSf,1.3590004609278417
0BumkbMOjaGROaVCR2I4An,5OSpHOjCFDWRY67fJFZ1ZQ,1.3922090578701272
0BumkbMOjaGROaVCR2I4An,52pQ8Rn1Gh7CPV4fyKVfrV,1.4737364646916271
0BumkbMOjaGROaVCR2I4An,0uGTUhUrqGx9LYkkiLUXE4,1.5997980354745345
4G9X7CZFiwfG2P99sIaaK2,0H9T97wS2k3bk1JcyOlrrN,0.6649121237707336
4G9X7CZFiwfG2P99sIaaK2,4FqirD1KsDyNukowu8TWhX,1.1391562868033671
4G9X7CZFiwfG2P99sIaaK2,7g90T7PIBzqIpKZG0lzPzS,1.1937807508121254
4G9X7CZFiwfG2P99sIaaK2,2RJireEKZhGveSCh1cDZjN,1.205525550216919
4G9X7CZFiwfG2P99sIaaK2,04tv9ewp0KMC5ijweE1GmS,1.2779596281731127
4G9X7CZFiwfG2P99sIaaK2,7hbI6QqjMZ5vlcE7A9DcVF,1.378831227079389
4G9X7CZFiwfG2P99sIaaK2,3Y4rUyw7XBCK6hGHCOt6rp,1.4849645409634888
4G9X7CZFiwfG2P99sIaaK2,2CuUB5MbfRShtunR8g5hjR,1.5316629323236304
4G9X7CZFiwfG2P99sIaaK2,1eGdw1BbGAYaXbgPcVIkGm,1.55255147731057
4G9X7CZFiwfG2P99sIaaK2,2hw1sBTzjB9zghnlLpqeAj,1.572359797683219
4vdg59Hg8I6u6MDkga5y2R,5A7HJmgaZU0buq4hpuqZ4Q,0.6543830744861658
4vdg59Hg8I6u6MDkga5y2R,5jhIWm2hXdVQJaRDE9AGhW,0.892917123673219
4vdg59Hg8I6u6MDkga5y2R,4PdNeARTAYoZCwdhJninRq,0.9574054528848343
4vdg59Hg8I6u6MDkga5y2R,1byfhRPkrLvnQ4ib1SWNxQ,0.9621000717805431
4vdg59Hg8I6u6MDkga5y2R,36EVGjdLX0x5SlM1GaL6f0,0.9875812298922508
4vdg59Hg8I6u6MDkga5y2R,09pr5CPnpXjEQKRqgI7ZnZ,1.029699487429791
4vdg59Hg8I6u6MDkga5y2R,2C6fzRAlaWOhKCOsn5a0Nk,1.082910078038872
4vdg59Hg8I6u6MDkga5y2R,2sgpYwWVQAXWetqtO9Kh24,1.08929036607887
4vdg59Hg8I6u6MDkga5y2R,7AeKwxmlwwLFOF8D7M3Anb,1.121446498051768
4vdg59Hg8I6u6MDkga5y2R,1LrxmgC6pg5RAYGJ2FQWv0,1.1315252099694737
4rrDNJIlcE03cUe4RA74Z6,6TRYv8brfH12SfgV8lMraP,1.374348772703664
4rrDNJIlcE03cUe4RA74Z6,2klWfM19A7TfwlxBQLNbIZ,1.5128495000028173
4rrDNJIlcE03cUe4RA74Z6,2UxxDidNYPuTLiMNKBHMiK,1.5649665598531217
4rrDNJIlcE03cUe4RA74Z6,1nPfUuE8XYrnsaToI81yyO,1.5919601439372053
4rrDNJIlcE03cUe4RA74Z6,1FlY15vdP570PJucy6JdYm,1.6092389915732164
4rrDNJIlcE03cUe4RA74Z6,7kYgRZwVlq9a3lvHGHunrb,1.7969202615968944
4rrDNJIlcE03cUe4RA74Z6,39hGEPjG5RmfFKgCs1oA1o,1.8782995584345776
4rrDNJIlcE03cUe4RA74Z6,718purgMpFb2Axhuz0Hbq1,1.8928633368214955
4rrDNJIlcE03cUe4RA74Z6,0H9T97wS2k3bk1JcyOlrrN,1.916930774798134
4rrDNJIlcE03cUe4RA74Z6,4uFXfaNBVQw1MJ9K19P8QS,1.9434393487356398
0CGkdIKWvQsgr3zM25jNa8,0nfQH9hmgwtQ4EK0945Zdy,1.2368819151839516
0CGkdIKWvQsgr3zM25jNa8,5dy25rHjyfAbpkHDI9yfTY,1.505196595102226
0CGkdIKWvQsgr3zM25jNa8,4gyPGtExOjj1rsByKW33LR,1.5741813598934746
0CGkdIKWvQsgr3zM25jNa8,10aDiDITMu33TQNqVR35iM,1.741197672063718
0CGkdIKWvQsgr3zM25jNa8,3BK7JmX1P4GSGx5mdG3aiL,1.8913701231987377
0CGkdIKWvQsgr3zM25jNa8,4HyxYaIV98fUKeApfxHEHv,1.9230250833516678
0CGkdIKWvQsgr3zM25jNa8,0fea68AdmYNygeTGI4RC18,1.9712184578048144
0CGkdIKWvQsgr3zM25jNa8,26op06vMM21RB0hej3b0lG,1.991645145464682
0CGkdIKWvQsgr3zM25jNa8,2QZHLFuN2hW8eaTTILNSEC,2.0034109329349112
0CGkdIKWvQsgr3zM25jNa8,5qBhUQLFCdIut4QZrIh7XI,2.04111673981695
0jve8lleettzqGktJTB9e2,3l1LcOxoXu7YfFKFkSSBeI,0.6346609584956837
0jve8lleettzqGktJTB9e2,36EVGjdLX0x5SlM1GaL6f0,0.8378635946452372
0jve8lleettzqGktJTB9e2,1wxw8BkVBHfBEiqm69rA48,0.8479332163182977
0jve8lleettzqGktJTB9e2,3bc6MVpDA0hm4DbuqD2r9C,0.8916930097272615
0jve8lleettzqGktJTB9e2,2C6fzRAlaWOhKCOsn5a0Nk,0.9101766954205328
0jve8lleettzqGktJTB9e2,22tot0Y6uKuWdAZnEQyB6g,0.9137903301159204
0jve8lleettzqGktJTB9e2,0j6zVHUhezcz02iLhmpy2e,0.9316602591605707
0jve8lleettzqGktJTB9e2,2oya2LiaY0kG9ULocwIoaw,0.9835279674658439
0jve8lleettzqGktJTB9e2,5fdr0qZcygx9NFbIhFDcaH,1.0297557318291535
0jve8lleettzqGktJTB9e2,6F4w6yDhupUdnrx1U6AiUg,1.0534128684870798
0CqCpm4LLQbHUX5ysizWJS,1wCxDPQUF3YBMgeJMJkRGH,1.1942041452914445
0CqCpm4LLQbHUX5ysizWJS,3pQ0zUFOi4e1KZ8yQkeD42,1.695887699069239
0CqCpm4LLQbHUX5ysizWJS,34CkAgBoiRuElQEKoi1zVF,1.7233498712129236
0CqCpm4LLQbHUX5ysizWJS,5Yxof5s4AdLjkCmkIfGDSV,1.7603584544080342
0CqCpm4LLQbHUX5ysizWJS,5k5QpH6VYu2EZZaw5ceSkJ,1.7700443779265773
0CqCpm4LLQbHUX5ysizWJS,33LleOXlYSGmHinXyHWU7g,2.045354835474259
0CqCpm4LLQbHUX5ysizWJS,6nsdMJW0IU4pR3pEmo0LAI,2.0487717934995144
0CqCpm4LLQbHUX5ysizWJS,4NbUqEJnGQAEDvfb1LB5V3,2.0497535476988475
0CqCpm4LLQbHUX5ysizWJS,7s4XK58jwdioXsBdXianI8,2.077244734579181
0CqCpm4LLQbHUX5ysizWJS,0e8aiEfAhab9fQzxAJEZH7,2.1293957991010504
4AUpGuaBY9IWkOYgvA1hy6,1JfcfNnW1pfsaYdqO6Vrkn,1.2519042411460297
4AUpGuaBY9IWkOYgvA1hy6,7m0ZqFw6SHoAvtEccpMOs3,1.3335568134053923
4AUpGuaBY9IWkOYgvA1hy6,5a8O0CAraAuR4iLZXg0s46,1.378666223610457
4AUpGuaBY9IWkOYgvA1hy6,2rbkwvwtdWpDwthWnTpJMj,1.4066348553823569
4AUpGuaBY9IWkOYgvA1hy6,6mVD1SfTvlFAPVi7txFL5H,1.4228793097213164
4AUpGuaBY9IWkOYgvA1hy6,1hMZDDqL6ThRyJQ5rsLiB5,1.4230881914981603
4AUpGuaBY9IWkOYgvA1hy6,4xHA5RyRlbVeT2sDslkczq,1.4259052270851027
4AUpGuaBY9IWkOYgvA1hy6,6kls8cSlUyHW2BUOkDJIZE,1.440288042567891
4AUpGuaBY9IWkOYgvA1hy6,7epvz4k2v8qrzYansbnKAd,1.4541497785756314
4AUpGuaBY9IWkOYgvA1hy6,7kzKAuUzOITUauHAhoMoxA,1.458635847261382
68Yx4cOTBvQkI7u5sHcZ0l,5zFgBVbfMdfo6kCKm5hD6t,0.9763162702664191
68Yx4cOTBvQkI7u5sHcZ0l,4nl4KMmBskw45osLZhlhk1,1.02441170243829
68Yx4cOTBvQkI7u5sHcZ0l,3euQtj1nSUZsuOAAjH1LK8,1.0848421955623713
68Yx4cOTBvQkI7u5sHcZ0l,6pT0lZ3QhOWzjXWqO7aqVq,1.1212182526312355
68Yx4cOTBvQkI7u5sHcZ0l,6DXazvidTcZ7Nx78cm5hZE,1.1949440604724617
68Yx4cOTBvQkI7u5sHcZ0l,2JAUBPBVkimRLc5BGhAkfJ,1.2156709558331869
68Yx4cOTBvQkI7u5sHcZ0l,7GwYyLNFyAsSsmt2aa0z6u,1.268453573115729
68Yx4cOTBvQkI7u5sHcZ0l,2sb6AZQLeoD3VgA4zglQB6,1.2693272373261042
68Yx4cOTBvQkI7u5sHcZ0l,5D6d1DFXMkjUZYoEUf9BAt,1.277696073804085
68Yx4cOTBvQkI7u5sHcZ0l,5wpyfg3L9LKs64kJF6XiHF,1.2816609407058754
3ZcLmonVVD1MTQtmQb8yf3,1zZLRpTzRTqPQ7G7uxYI9Y,1.0757616006883985
3ZcLmonVVD1MTQtmQb8yf3,5lfWrciYtohtIMVDVZd0Rf,1.1033224915546231
3ZcLmonVVD1MTQtmQb8yf3,54sxsI1fcUJSAmKyty00r5,1.1598949201710897
3ZcLmonVVD1MTQtmQb8yf3,2sgpYwWVQAXWetqtO9Kh24,1.1900150547317778
3ZcLmonVVD1MTQtmQb8yf3,5xde0qUR1uUmH8ZVOqoPRo,1.2703870556177976
3ZcLmonVVD1MTQtmQb8yf3,5r5cp9IpziiIsR6b93vcnQ,1.3037049617506347
3ZcLmonVVD1MTQtmQb8yf3,4fhLBWSTK9UeGiDQST7bxP,1.3158473371609576
3ZcLmonVVD1MTQtmQb8yf3,3CRT6IQTfsEZjiXfZ49g9w,1.3531226204952502
3ZcLmonVVD1MTQtmQb8yf3,0jwIgZRcbW2VjYuCbhKnX5,1.3648859418126864
3ZcLmonVVD1MTQtmQb8yf3,7AeKwxmlwwLFOF8D7M3Anb,1.3732916994701374
02HdjmfXq1F2OsX6yPg86n,2RsAajgo0g7bMCHxwH3Sk0,0.5079521034322296
02HdjmfXq1F2OsX6yPg86n,0j6zVHUhezcz02iLhmpy2e,0.7374437118866987
02HdjmfXq1F2OsX6yPg86n,0UIrLwFq3cvTg5vBMmlfjp,0.7435255831062685
02HdjmfXq1F2OsX6yPg86n,1v685OFD51NsY493VwO7FK,0.8065823111004842
02HdjmfXq1F2OsX6yPg86n,6Q3FXpvUNVHiWHU3xVMnQR,0.8212827848401131
02HdjmfXq1F2OsX6yPg86n,00TFDHSe7s8cWm5CzDY8UP,0.8550296238190775
02HdjmfXq1F2OsX6yPg86n,4X6kRZnZM8mZPkeMUmn8G6,0.9090530524748217
02HdjmfXq1F2OsX6yPg86n,0OGw7V8wAI6OsZIQ12JkTP,0.9207151643599621
02HdjmfXq1F2OsX6yPg86n,0EmYZZ8OqeALedVhijSjsg,0.9328831526732856
02HdjmfXq1F2OsX6yPg86n,5nSdJRpyM8OkYOVGa5rlsw,0.9419490606418974
4hRr4NjbQvJlvmUKttEAqX,7AeKwxmlwwLFOF8D7M3Anb,0.5763007231500124
4hRr4NjbQvJlvmUKttEAqX,4PdNeARTAYoZCwdhJninRq,0.7690736743769989
4hRr4NjbQvJlvmUKttEAqX,36EVGjdLX0x5SlM1GaL6f0,0.811756136374126
4hRr4NjbQvJlvmUKttEAqX,09pr5CPnpXjEQKRqgI7ZnZ,0.8310629462221597
4hRr4NjbQvJlvmUKttEAqX,1wxw8BkVBHfBEiqm69rA48,0.957697657258286
4hRr4NjbQvJlvmUKttEAqX,22tot0Y6uKuWdAZnEQyB6g,0.96400139346235
4hRr4NjbQvJlvmUKttEAqX,2sgpYwWVQAXWetqtO9Kh24,1.0658731363131368
4hRr4NjbQvJlvmUKttEAqX,1c2vVx6knoiZHXbJJ9Mk8L,1.1062566881074003
4hRr4NjbQvJlvmUKttEAqX,5fdr0qZcygx9NFbIhFDcaH,1.107600520922816
4hRr4NjbQvJlvmUKttEAqX,2oya2LiaY0kG9ULocwIoaw,1.138254923669006
7AeKwxmlwwLFOF8D7M3Anb,4hRr4NjbQvJlvmUKttEAqX,0.5763007231500124
7AeKwxmlwwLFOF8D7M3Anb,6F4w6yDhupUdnrx1U6AiUg,0.8424420554298845
7AeKwxmlwwLFOF8D7M3Anb,2C6fzRAlaWOhKCOsn5a0Nk,0.8490017884530934
7AeKwxmlwwLFOF8D7M3Anb,2sgpYwWVQAXWetqtO9Kh24,0.8495254905048069
7AeKwxmlwwLFOF8D7M3Anb,09pr5CPnpXjEQKRqgI7ZnZ,0.8505156456112357
7AeKwxmlwwLFOF8D7M3Anb,36EVGjdLX0x5SlM1GaL6f0,0.9161451150746082
7AeKwxmlwwLFOF8D7M3Anb,4PdNeARTAYoZCwdhJninRq,0.9262673302735579
7AeKwxmlwwLFOF8D7M3Anb,54SQet8YMttOgTqDNGcGpe,0.9562818700693128
7AeKwxmlwwLFOF8D7M3Anb,0jwIgZRcbW2VjYuCbhKnX5,0.9742262693394744
7AeKwxmlwwLFOF8D7M3Anb,2oya2LiaY0kG9ULocwIoaw,0.9773797851014195
4wOqh7UiXe4jfbotAizdTu,7f9I5WdyXm5q1XqnSYgQZb,0.6030595428476497
4wOqh7UiXe4jfbotAizdTu,3I8w8mVY4KFBXbhcP5NqqH,0.7235600436363913
4wOqh7UiXe4jfbotAizdTu,3znPiywA0q1VK2jgAZFDoI,0.8545664951711665
4wOqh7UiXe4jfbotAizdTu,3IKUuAJghlmAkjBKbXaGjS,1.0270897044458944
4wOqh7UiXe4jfbotAizdTu,6nsdMJW0IU4pR3pEmo0LAI,1.027656502358182
4wOqh7UiXe4jfbotAizdTu,1tbjeelOKIjolYNUNnPMAD,1.0636870987559994
4wOqh7UiXe4jfbotAizdTu,71fSn6OIF7HnCbgCzOBqpj,1.0906705654050157
4wOqh7UiXe4jfbotAizdTu,5bdXzykQmyiUB91lqrNvOC,1.1165960620686792
4wOqh7UiXe4jfbotAizdTu,2nT4y8qTzu2IBYuw7j8TPi,1.1570511553388738
4wOqh7UiXe4jfbotAizdTu,5ALPzPUKl3Np5BrYTFs4Pb,1.1702241380042668
1VEO3XUn4W2dCCB0mCA5DG,37nppJzOgypngu1szTRD06,1.004230665092544
1VEO3XUn4W2dCCB0mCA5DG,6ZRwn9JqdtRQyrHT0tKIgy,1.2171405586087183
1VEO3XUn4W2dCCB0mCA5DG,3dRjPo78q6rb7vaRElKNRl,1.2342502920142249
1VEO3XUn4W2dCCB0mCA5DG,1XLe4yeCt8cFemyxnICcZN,1.278098933566189
1VEO3XUn4W2dCCB0mCA5DG,5gBkapKElcmuRuw6lQGYlZ,1.308743868085369
1VEO3XUn4W2dCCB0mCA5DG,5T2iobXGYEI9TdrJ4Du6QN,1.4059159096095573
1VEO3XUn4W2dCCB0mCA5DG,1fdDasmoFSBRdsuCLL3ger,1.4297738376267703
1VEO3XUn4W2dCCB0mCA5DG,6ekLy1OsrYdLMbcqc0KZ8G,1.5001084653809127
1VEO3XUn4W2dCCB0mCA5DG,4MpYL0NBKcz41y2TW3UCW8,1.5556280588406297
1VEO3XUn4W2dCCB0mCA5DG,1nBDeSiqD2z1ofv9hEttfi,1.577688011676466
0Q5OUoMBRrbQIYb3TZnzQe,0KOAra08PQ11mhmUCX5pJf,0.6876713737309379
0Q5OUoMBRrbQIYb3TZnzQe,5Cpk0Hg5KSUmm0BdyIkVVW,0.8325578449218257
0Q5OUoMBRrbQIYb3TZnzQe,7sJbCv83nl2S94j8ZJz2WP,0.871392508954771
0Q5OUoMBRrbQIYb3TZnzQe,1lZzyOyH9LSAWFjHKz9TT2,0.925862077277714
0Q5OUoMBRrbQIYb3TZnzQe,0uukw2CgEIApv4IWAjXrBC,0.9711641360257737
0Q5OUoMBRrbQIYb3TZnzQe,2wqiV4aIMOosmQMqnLxXbA,1.074349268220914
0Q5OUoMBRrbQIYb3TZnzQe,0CxXdYtBAWzE58Inc2Zius,1.0843923734729146
0Q5OUoMBRrbQIYb3TZnzQe,2gEh41XUP3vI7kAjlEO92n,1.1538865131406268
0Q5OUoMBRrbQIYb3TZnzQe,6LyA7ACKgmVyPfiuIwC5E0,1.2231842103939323
0Q5OUoMBRrbQIYb3TZnzQe,43ueXmQ6KjITk0hKKOPOLA,1.3042383226445746
2Oa4PQ6WVqng8AnB7Gbabs,1kG7gfH4HDUlDht0VZYkiP,0.794138518046351
2Oa4PQ6WVqng8AnB7Gbabs,37ZgsOy8t4vMnGtMExr6ah,0.7951511546452149
2Oa4PQ6WVqng8AnB7Gbabs,5ZgnlpPg7qfiopdvqdrs2M,0.7956059542397673
2Oa4PQ6WVqng8AnB7Gbabs,37cb7mzkQKksGm0noGDXeh,0.901513927101235
2Oa4PQ6WVqng8AnB7Gbabs,006Bi4j0yzwOc3y69GOlYV,0.9760649448120983
2Oa4PQ6WVqng8AnB7Gbabs,4q6ZHerrtO7gcF67KFX0BF,1.066548522421396
2Oa4PQ6WVqng8AnB7Gbabs,2oJ0dSKYEgRvSVtCx3mC8e,1.1674856108017708
2Oa4PQ6WVqng8AnB7Gbabs,7bfocP7GYoLOutUYpTI8tx,1.2160415848680721
2Oa4PQ6WVqng8AnB7Gbabs,5xde0qUR1uUmH8ZVOqoPRo,1.2188306597303156
2Oa4PQ6WVqng8AnB7Gbabs,7G8hUONVhvJnkD3Ak8mNF1,1.2215856890204635
2ZZ3SXe3q8fwzVtIrQpEKy,1eGdw1BbGAYaXbgPcVIkGm,0.8814487784333903
2ZZ3SXe3q8fwzVtIrQpEKy,59eCy91JDrnpbPLF3T3L03,1.1686455342400757
2ZZ3SXe3q8fwzVtIrQpEKy,2o4brM0aHognKkRI8QtLEg,1.3226979243795953
2ZZ3SXe3q8fwzVtIrQpEKy,04tv9ewp0KMC5ijweE1GmS,1.4970389705868272
2ZZ3SXe3q8fwzVtIrQpEKy,5wellG7pgco2QlMjVuvSsf,1.5030572422496216
2ZZ3SXe3q8fwzVtIrQpEKy,7hlsLyn6X1kAuu25nEWqWS,1.5556879090590918
2ZZ3SXe3q8fwzVtIrQpEKy,7KnFT8NQPRYtWOZXhWcGGZ,1.573346490397381
2ZZ3SXe3q8fwzVtIrQpEKy,0H9T97wS2k3bk1JcyOlrrN,1.6547673112201404
2ZZ3SXe3q8fwzVtIrQpEKy,3Y4rUyw7XBCK6hGHCOt6rp,1.6635256658294078
2ZZ3SXe3q8fwzVtIrQpEKy,58wCmem95U5HegMFOFGqUf,1.674173180393006
1tbjeelOKIjolYNUNnPMAD,46cEIa1iQPSQLnPVP2hmVm,0.5435050014030592
1tbjeelOKIjolYNUNnPMAD,3I8w8mVY4KFBXbhcP5NqqH,0.6097352496777885
1tbjeelOKIjolYNUNnPMAD,4CVOUJki8YUWol3jhLphgs,0.8306049767626767
1tbjeelOKIjolYNUNnPMAD,3IKUuAJghlmAkjBKbXaGjS,0.8370104955958263
1tbjeelOKIjolYNUNnPMAD,06Q3gof2rs8ErXzBrW1aVg,1.031012252893244
1tbjeelOKIjolYNUNnPMAD,2QxzpDE6uQPy17dhBTQgpu,1.0418836759400845
1tbjeelOKIjolYNUNnPMAD,4wOqh7UiXe4jfbotAizdTu,1.0636870987559994
1tbjeelOKIjolYNUNnPMAD,6oP3qa2MyQjxW8YQQdPBq9,1.07556261042533
1tbjeelOKIjolYNUNnPMAD,3v8CoiN19zAzkTG0E7TBTN,1.0763990918648285
1tbjeelOKIjolYNUNnPMAD,3mnZxecdxSU4ZXSxK522sV,1.1243301278905193
55ZOwV8VlGuI8f7wc4vofi,4yDFEglGw2yP0jvrqCTgfM,1.4752292543723906
55ZOwV8VlGuI8f7wc4vofi,38sDn4Exgc4MBFuC90zKMh,1.526293982688808
55ZOwV8VlGuI8f7wc4vofi,5yU9gNHwYeRrWmyRCTUUxv,1.5419601098133904
55ZOwV8VlGuI8f7wc4vofi,5gBkapKElcmuRuw6lQGYlZ,1.720750813155369
55ZOwV8VlGuI8f7wc4vofi,1WfaiA60QqqYIYMmd1IwLR,1.7947744850330363
55ZOwV8VlGuI8f7wc4vofi,0dcNLhcMbcFd1eduLDNuNT,1.8010375489613013
55ZOwV8VlGuI8f7wc4vofi,4j6P3mLiZRfNPGFIQlq9vX,1.8486995691866392
55ZOwV8VlGuI8f7wc4vofi,2FwKDwQyIKK1YgLAg9wjnV,1.8737582835832387
55ZOwV8VlGuI8f7wc4vofi,2CuUB5MbfRShtunR8g5hjR,2.009003244393671
55ZOwV8VlGuI8f7wc4vofi,2gCqYL6CgWs0ICgIoyJtkV,2.0178800892544153
2MTwDvHo3Mc8lKp7FeEHJJ,7AW4g4I9fPfUIyqtbsuAkM,0.9891859308103411
2MTwDvHo3Mc8lKp7FeEHJJ,1jcHOVANDK94K5UXQLs8Fz,1.1868355310365986
2MTwDvHo3Mc8lKp7FeEHJJ,2gNMXJDKRmKWuevBGjN8wo,1.2552334535227172
2MTwDvHo3Mc8lKp7FeEHJJ,1AdUK37moo4ba9vRJJ7zVp,1.414766303374051
2MTwDvHo3Mc8lKp7FeEHJJ,2bXI4Rbw1D7aVeHWLjn1Lb,1.4660845804101081
2MTwDvHo3Mc8lKp7FeEHJJ,40a42KKcVcnqT3Wz24INIm,1.5374590170418698
2MTwDvHo3Mc8lKp7FeEHJJ,1uxFhAQQOrF7nbL49DLcls,1.5379928973438415
2MTwDvHo3Mc8lKp7FeEHJJ,1UfJ3Z0pPyejEKi37A0utw,1.642785110177282
2MTwDvHo3Mc8lKp7FeEHJJ,0IFMbLUK5ttPmXyK16qUQu,1.6749720742908423
2MTwDvHo3Mc8lKp7FeEHJJ,1UR0RbyH4bKoovDNnGd53G,1.8687817852851716
26op06vMM21RB0hej3b0lG,4HyxYaIV98fUKeApfxHEHv,0.8649350908653187
26op06vMM21RB0hej3b0lG,6HrYi2gwKxrwEtZX3Orype,1.0672389904890136
26op06vMM21RB0hej3b0lG,1re1CuvpyhIm5ryPzUQyXc,1.123697117069417
26op06vMM21RB0hej3b0lG,02GGlQrUckPW2fJmYVpU8l,1.2142143447833575
26op06vMM21RB0hej3b0lG,4LutIwQfcpXjVs7mIySYCD,1.2571279295370077
26op06vMM21RB0hej3b0lG,3z4XtoZVf8AOoR18Lnp7e1,1.3387223999550542
26op06vMM21RB0hej3b0lG,6vpyvi70JNqAJa9IqNx8qy,1.3675640010925063
26op06vMM21RB0hej3b0lG,2tUChcOi3ktjFzMYu2w5QL,1.3707644668601746
26op06vMM21RB0hej3b0lG,1WDDMw1k46OS4W2IGxmLzj,1.4247919422974915
26op06vMM21RB0hej3b0lG,3BK7JmX1P4GSGx5mdG3aiL,1.4946551163214499
6Qtsg8iui24fPWGQslfjZ0,7xuu4ByQkm8qhnwJQk994r,1.2150948505876706
6Qtsg8iui24fPWGQslfjZ0,5frWFPeKH8Pam3rKLFCytt,1.3340708633582095
6Qtsg8iui24fPWGQslfjZ0,0jNRJBmHgJDOmiIvk10J9C,1.3863575883268018
6Qtsg8iui24fPWGQslfjZ0,7uBdncahX0bULWkpaDax8y,1.397603085230004
6Qtsg8iui24fPWGQslfjZ0,75ArcxyPjMr0sleM5WXLn7,1.4130530139837925
6Qtsg8iui24fPWGQslfjZ0,1v685OFD51NsY493VwO7FK,1.426079268095994
6Qtsg8iui24fPWGQslfjZ0,0OxDGZakSMFjEHSoQHEjfy,1.438654613620643
6Qtsg8iui24fPWGQslfjZ0,6MnzjGoeZyEzSml6Ohi0at,1.4481126580116699
6Qtsg8iui24fPWGQslfjZ0,7Lqe8fvFzrxCufUatyaYod,1.465908861639572
6Qtsg8iui24fPWGQslfjZ0,6rSNgGImNmGPcosJiPLgzs,1.4708074375062496
2cZDlNMZOAwZygOvaBrJvn,2EPZGTfBbz3a0MqkppHwhD,1.2008257108755855
2cZDlNMZOAwZygOvaBrJvn,0EhYGqH7kjogumPfbKWh0t,1.2025683478396916
2cZDlNMZOAwZygOvaBrJvn,6apacvSkVWWtCxc68FBsZV,1.2113688767874782
2cZDlNMZOAwZygOvaBrJvn,4nbILrYODP667b3d66ZMzI,1.240702747727538
2cZDlNMZOAwZygOvaBrJvn,1ypx1v2k1cQFX0Vrda7nEl,1.3591346398297195
2cZDlNMZOAwZygOvaBrJvn,2ANvtgV1j5Ba4d4WTYnQkQ,1.3672534712204958
2cZDlNMZOAwZygOvaBrJvn,7qrvxjTqvXvaiGhnUfCOAB,1.4331412550854312
2cZDlNMZOAwZygOvaBrJvn,0bxBXbMWl45I6GrA7yleeP,1.4369067169909429
2cZDlNMZOAwZygOvaBrJvn,4pY65PI8PkbRumQpEoxElV,1.4867431881190007
2cZDlNMZOAwZygOvaBrJvn,32Dc90Bn6NCKMPmdfprhFq,1.5481914722683303
3XmIlmYem8DGp7aorcpBay,2AGvjBQyW8RMHIlUQ30ifd,0.9775577230173492
3XmIlmYem8DGp7aorcpBay,3bCp61o3h46Yvr0vgMJlaL,1.0600093931764418
3XmIlmYem8DGp7aorcpBay,50OIaK14Pr6ZwCmFfHZ0wB,1.069459962838385
3XmIlmYem8DGp7aorcpBay,09obJ3DFME6R9uIZYPZxhG,1.1163020096945395
3XmIlmYem8DGp7aorcpBay,5NYejXf1mwigePilCGLjdM,1.1246520087573608
3XmIlmYem8DGp7aorcpBay,0RYqTScbPJ3wijhvWOgLkE,1.1439418086594237
3XmIlmYem8DGp7aorcpBay,0ICnFVjsMEQDIXKVKV9KZF,1.151260228834812
3XmIlmYem8DGp7aorcpBay,0bIgZAoXlENJVhVCt838Az,1.188040293855153
3XmIlmYem8DGp7aorcpBay,7rVw4gyhclOgTIrFCtI3ZG,1.2032533157807555
3XmIlmYem8DGp7aorcpBay,2cTOee6bTauDFK1QuDS1BD,1.2160213337200874
1JfcfNnW1pfsaYdqO6Vrkn,2sASx6Cz5mYm0xPrKiD8gZ,1.0468455164657162
1JfcfNnW1pfsaYdqO6Vrkn,7m0ZqFw6SHoAvtEccpMOs3,1.0552555343337724
1JfcfNnW1pfsaYdqO6Vrkn,6n6zJJFmKJ1DoKq2eMCbEb,1.0737128268399103
1JfcfNnW1pfsaYdqO6Vrkn,0anw2y6ifCI7QS8Cj5Ph7x,1.102426749226254
1JfcfNnW1pfsaYdqO6Vrkn,0uGTUhUrqGx9LYkkiLUXE4,1.1036818147962542
1JfcfNnW1pfsaYdqO6Vrkn,5ZgnlpPg7qfiopdvqdrs2M,1.1537004004229414
1JfcfNnW1pfsaYdqO6Vrkn,00TFDHSe7s8cWm5CzDY8UP,1.1875283174145392
1JfcfNnW1pfsaYdqO6Vrkn,7kzKAuUzOITUauHAhoMoxA,1.207378406034293
1JfcfNnW1pfsaYdqO6Vrkn,4q6ZHerrtO7gcF67KFX0BF,1.2160960364814821
1JfcfNnW1pfsaYdqO6Vrkn,1hMZDDqL6ThRyJQ5rsLiB5,1.2366861523059474
54sxsI1fcUJSAmKyty00r5,4DFPLQ1A5VX3XJ2EdX4RzU,0.9652671535177277
54sxsI1fcUJSAmKyty00r5,5ulKQUbgBp6fDd9KvRVHaA,1.0567347019944435
54sxsI1fcUJSAmKyty00r5,5r5cp9IpziiIsR6b93vcnQ,1.0918762679752199
54sxsI1fcUJSAmKyty00r5,17x6eyS7sD6uqWfc8yn1EY,1.140866459223943
54sxsI1fcUJSAmKyty00r5,57v7M9jKRFP9NCP3J2ms9M,1.1467698855442405
54sxsI1fcUJSAmKyty00r5,3ZcLmonVVD1MTQtmQb8yf3,1.1598949201710897
54sxsI1fcUJSAmKyty00r5,3KAn1EEsOVjep0Y15UNtTr,1.200717082983051
54sxsI1fcUJSAmKyty00r5,45FR60U6pxNbiQkA8BOhBD,1.245792119606116
54sxsI1fcUJSAmKyty00r5,4sKGkVi8boc00JTpw7aVB7,1.2482190025481763
54sxsI1fcUJSAmKyty00r5,3CRT6IQTfsEZjiXfZ49g9w,1.25987101987319
06Q3gof2rs8ErXzBrW1aVg,4CVOUJki8YUWol3jhLphgs,0.6684150706509837
06Q3gof2rs8ErXzBrW1aVg,21kVD9H40rRQkGmcMi01Fl,0.7836703383985718
06Q3gof2rs8ErXzBrW1aVg,0liZcBeGoLuzDIat1YXRZk,0.8144973396754199
06Q3gof2rs8ErXzBrW1aVg,3mnZxecdxSU4ZXSxK522sV,0.8623354776022493
06Q3gof2rs8ErXzBrW1aVg,6yQAwPJmFn0OBTKWOnQFfv,0.8860335791918661
06Q3gof2rs8ErXzBrW1aVg,6oP3qa2MyQjxW8YQQdPBq9,0.8971505565946878
06Q3gof2rs8ErXzBrW1aVg,3hzxBcOpm0wmr6YDD1EPq5,0.8986553928236962
06Q3gof2rs8ErXzBrW1aVg,4DHkzbZSWxsCsvRoEzr28A,0.9119562095911499
06Q3gof2rs8ErXzBrW1aVg,6Z0gK8Fp0AqS9EX8Icp4hj,0.9177500735492558
06Q3gof2rs8ErXzBrW1aVg,5NYejXf1mwigePilCGLjdM,0.9202579440311404
4oOmRoG2lWjv6COrTT8Z28,1zx6GSqLYI2ynzAHnPRKBR,0.9486425416093328
4oOmRoG2lWjv6COrTT8Z28,2sAwO9nafCv50ttjhI77a2,0.9520609204321419
4oOmRoG2lWjv6COrTT8Z28,6qFWAs54gSDIUh0J9XY8qx,0.9532263577899226
4oOmRoG2lWjv6COrTT8Z28,5Gox2FHWcB882eGsRIkdrt,0.988536812466243
4oOmRoG2lWjv6COrTT8Z28,0p4D8tKBjpTqOpFhwxIXe1,1.003117081843554
4oOmRoG2lWjv6COrTT8Z28,0ZgMBZeFQC8Jja48NuDaSC,1.0740588219949438
4oOmRoG2lWjv6COrTT8Z28,7GkHIsnziYgk6j1lx2TK6H,1.0755957999723234
4oOmRoG2lWjv6COrTT8Z28,32Dc90Bn6NCKMPmdfprhFq,1.0884717980816112
4oOmRoG2lWjv6COrTT8Z28,08FVjIlxDFr0ZV5fDLlhKE,1.1211254536272122
4oOmRoG2lWjv6COrTT8Z28,2kx5sQgmjYug0GiDh1a4sU,1.1558492440153532
4TCMm1N1zoNmRYaLbYwB2k,6TzYMmTsjyTIf1cSSuOcAw,0.7542452711736228
4TCMm1N1zoNmRYaLbYwB2k,2xETIuyVWAjWXFSbqngBYq,0.7829109545170413
4TCMm1N1zoNmRYaLbYwB2k,4x9l3fDzgvzg9t7Csbufrn,1.0940763334677877
4TCMm1N1zoNmRYaLbYwB2k,1P7Ik6OX9dV3BnXZi9L4cI,1.113048305536607
4TCMm1N1zoNmRYaLbYwB2k,7EKpyfbmopbXMaMLW9QEd3,1.1874747562142145
4TCMm1N1zoNmRYaLbYwB2k,6XDdcBC0hQkRcQfYovxd4c,1.1886366984188041
4TCMm1N1zoNmRYaLbYwB2k,6ekLy1OsrYdLMbcqc0KZ8G,1.2210796460684017
4TCMm1N1zoNmRYaLbYwB2k,1mRgy0qWyAc8EpFeeRNnRK,1.2488699499136253
4TCMm1N1zoNmRYaLbYwB2k,3rTk7Ll8NRrd2jspBFtimV,1.2756550374578854
4TCMm1N1zoNmRYaLbYwB2k,0lxxm52IjT7k182jL1JdK9,1.2782524241708102
1VAhH6Qrtod1cKtGjHcUtB,52aj920Nd9VlhlehQVsfwS,0.825774054705868
1VAhH6Qrtod1cKtGjHcUtB,4sKGkVi8boc00JTpw7aVB7,0.8634134559542246
1VAhH6Qrtod1cKtGjHcUtB,45FR60U6pxNbiQkA8BOhBD,0.9946852340614376
1VAhH6Qrtod1cKtGjHcUtB,7bfocP7GYoLOutUYpTI8tx,1.0464709037612068
1VAhH6Qrtod1cKtGjHcUtB,6IlQmJorOrT6eWZFqUzzES,1.0522284691783803
1VAhH6Qrtod1cKtGjHcUtB,6RNDeRnWsRMjPdNVgupZCs,1.059439165489019
1VAhH6Qrtod1cKtGjHcUtB,4sNG6zQBmtq7M8aeeKJRMQ,1.0717270824124103
1VAhH6Qrtod1cKtGjHcUtB,1qkVJlyVaLZbwolRZmc17i,1.152041627337542
1VAhH6Qrtod1cKtGjHcUtB,163l4xzEe3JAfPbv0kYNQo,1.1628935335214081
1VAhH6Qrtod1cKtGjHcUtB,5hZctl6Xi8xaJG8LgIZWDy,1.202792148385136
5jvwBfP3afteHaLNrPrUCN,5jvwBfP3afteHaLNrPrUCN,0.0
5jvwBfP3afteHaLNrPrUCN,25xhL1egtULWxHD5YDJ9XY,0.7980615775448386
5jvwBfP3afteHaLNrPrUCN,0m4jVVZrsv0bLkAr1uM6UG,0.8409316988173098
5jvwBfP3afteHaLNrPrUCN,1VhGRC4yzcDFBM4yQSpUGg,0.9165713127449465
5jvwBfP3afteHaLNrPrUCN,0cocZBknjka59p58FOdqef,1.1659262903887304
5jvwBfP3afteHaLNrPrUCN,6iYQCMnUucNMM9Frw2kreu,1.213361243299377
5jvwBfP3afteHaLNrPrUCN,12SNxpytVKahQ25nOTpbFX,1.2271724268182045
5jvwBfP3afteHaLNrPrUCN,0zuH9aSrPkctSaAn1kPN86,1.232436578988391
5jvwBfP3afteHaLNrPrUCN,0kI4AfCbkK5MP2B7Xgh6kB,1.259034708675252
5jvwBfP3afteHaLNrPrUCN,1pIMxRddmCGalHnRbLFkWg,1.2601530941170889
4KQ8xXm9v7sF7ZeSWywiKs,3TXF9mdeWd18WEW1alIGOT,1.3214747592833829
4KQ8xXm9v7sF7ZeSWywiKs,0d1PUwvlNvCKfypNaaKJoz,1.3916183760760885
4KQ8xXm9v7sF7ZeSWywiKs,7bBEhjBUUHwkONgReD5xmB,1.61921552869013
4KQ8xXm9v7sF7ZeSWywiKs,3fs82T0O6mdVcSHhoNlAES,1.62492508680371
4KQ8xXm9v7sF7ZeSWywiKs,42OUnOczRtCTyPTqvBsHzW,1.675286764737446
4KQ8xXm9v7sF7ZeSWywiKs,0Id7swY6cWbvYLtVVF0wvq,1.688118077317118
4KQ8xXm9v7sF7ZeSWywiKs,1ypx1v2k1cQFX0Vrda7nEl,1.7958644834402455
4KQ8xXm9v7sF7ZeSWywiKs,69zSOewOfa2IvIRMveL1Cc,1.8199660806161218
4KQ8xXm9v7sF7ZeSWywiKs,2KZXF3p2o5oNl4dYme5zhH,1.8386149275207362
4KQ8xXm9v7sF7ZeSWywiKs,21ox43RiEnhW9T398iSgAN,1.847395915595105
0elH6ukMGLyCHJavHutEza,2L1KDMlUbzuaXce1VvWV57,0.6957843199510078
0elH6ukMGLyCHJavHutEza,2fyIS6GXMgUcSv4oejx63f,0.754040061494574
0elH6ukMGLyCHJavHutEza,3O3lsUYkkrolKZEfH4pTQn,0.7633668319050421
0elH6ukMGLyCHJavHutEza,5x4vgABKiGp4Vg7ZyFRxhn,0.7755221875289213
0elH6ukMGLyCHJavHutEza,3J1BQ2acB1OHTQKeI1cWkR,0.7999538505667747
0elH6ukMGLyCHJavHutEza,1sKt4HswC1nmkjuhhG0KFt,0.8053780932702769
0elH6ukMGLyCHJavHutEza,6S1BoAiJeJ96A09tHIwJuy,0.8407777954340978
0elH6ukMGLyCHJavHutEza,0wUxh6XMc698xPCfgBaPRV,0.8659996290976906
0elH6ukMGLyCHJavHutEza,5H3JW2JiQG432dldneCyW1,0.9460124921036568
0elH6ukMGLyCHJavHutEza,5IUtvfNvOyVYZUa6AJFrnP,0.9524180599704808
